# Exported from 3D Builder
mtllib AP_PresseKamera.mtl

o Object.1
v 18.936281 0.000008 21.128992
v 1.520285 0.000011 17.427111
v 19.486919 0.000008 18.479628
v 2.274722 0.000011 14.347354
v 15.068581 0.000011 10.247971
v 9.948153 0.000011 9.018717
v 19.457737 0.000008 17.149582
v 2.904553 0.000011 13.175515
v 19.495142 0.000008 17.816872
v 2.568297 0.000011 13.753101
v 19.465540 0.000008 17.248730
v 2.615021 0.000011 13.667047
v 19.250984 0.000011 15.911087
v 3.355131 0.000011 12.532319
v 18.130060 0.000011 13.232219
v 5.468721 0.000011 10.541043
v 19.425167 0.000008 19.134134
v 2.032605 0.000011 14.958555
v 19.367966 0.000008 16.477953
v 3.289492 0.000011 12.617856
v 19.066040 0.000011 15.241111
v 3.796608 0.000011 11.995492
v 19.387161 0.000008 16.581518
v 2.957991 0.000011 13.089386
v 18.967285 0.000008 21.041435
v 1.574707 0.000011 16.865856
v 19.225182 0.000011 15.803597
v 3.722877 0.000011 12.081824
v 19.027197 0.000011 15.127768
v 4.206052 0.000011 11.569589
v 18.817451 0.000011 14.570156
v 4.296556 0.000011 11.483720
v 18.767967 0.000011 14.450691
v 4.744440 0.000011 11.084044
v 18.512112 0.000011 13.901404
v 4.847524 0.000011 10.997000
v 18.442312 0.000011 13.772850
v 5.342316 0.000011 10.627892
v 17.203341 0.000004 24.004515
v 1.933838 0.000008 20.758879
v 19.319977 0.000008 19.780998
v 1.832659 0.000011 15.582664
v 14.246786 0.000000 26.180788
v 3.447468 0.000008 23.588108
v 17.277069 0.000008 23.918182
v 1.774671 0.000008 20.196386
v 17.552315 0.000011 12.411887
v 6.752828 0.000011 9.819242
v 17.668839 0.000011 12.563718
v 6.161894 0.000011 10.117887
v 18.045540 0.000011 13.094726
v 6.003767 0.000011 10.203798
v 15.657566 0.000000 25.372181
v 2.557569 0.000008 22.227160
v 19.497673 0.000008 17.913397
v 2.315323 0.000011 14.261184
v 19.479580 0.000008 18.572868
v 2.063609 0.000011 14.870996
v 14.996180 0.000000 25.796263
v 2.954315 0.000008 22.905270
v 12.382257 0.000000 26.800671
v 4.827369 0.000004 24.986910
v 19.141081 0.000008 20.505537
v 1.586761 0.000011 16.774267
v 10.305285 0.000000 26.994907
v 7.019212 0.000004 26.296431
v 17.710451 0.000008 23.382143
v 1.631884 0.000008 19.522028
v 11.051536 0.000000 26.981337
v 5.931070 0.000004 25.752024
v 13.981183 0.000011 9.703736
v 10.694231 0.000011 9.005108
v 15.483540 0.000011 10.508329
v 8.994133 0.000011 9.128988
v 16.172314 0.000011 11.013048
v 8.617608 0.000011 9.199361
v 16.406837 0.000011 11.213337
v 7.863929 0.000011 9.397571
v 16.945066 0.000011 11.721629
v 7.607472 0.000011 9.479959
v 17.107788 0.000011 11.893106
v 6.946952 0.000011 9.733432
v 19.413109 0.000008 19.225721
v 1.858791 0.000011 15.494452
v 18.725168 0.000008 21.652634
v 1.512942 0.000011 17.520351
v 12.005793 0.000000 26.871054
v 5.516100 0.000004 25.491629
v 13.392294 0.000000 26.520128
v 4.054751 0.000004 24.278381
v 14.052675 0.000000 26.266602
v 3.892018 0.000004 24.106894
v 13.135873 0.000000 26.602524
v 4.592921 0.000004 24.786669
v 18.041882 0.000008 22.910597
v 1.612689 0.000008 19.418463
v 18.095322 0.000008 22.824469
v 1.542118 0.000008 18.850395
v 18.431604 0.000008 22.246885
v 1.504731 0.000008 18.183115
v 18.384878 0.000008 22.332941
v 1.534315 0.000008 18.751247
v 18.684570 0.000008 21.738806
v 1.502206 0.000008 18.086590
v 19.167210 0.000008 20.417326
v 1.679886 0.000011 16.218990
v 19.303257 0.000008 19.871204
v 1.696604 0.000011 16.128784
v 15.531195 0.000000 25.459036
v 2.869807 0.000008 22.767786
v 14.837990 0.000000 25.882156
v 3.330956 0.000008 23.436266
v 16.255457 0.000000 24.916067
v 2.231925 0.000008 21.549332
v 16.703320 0.000004 24.516352
v 2.182436 0.000008 21.429857
v 16.793808 0.000004 24.430477
v 1.972690 0.000008 20.872242
v 17.644814 0.000008 23.467678
v 1.748864 0.000008 20.088896
v 16.152380 0.000000 25.003109
v 2.487768 0.000008 22.098612
v 1.696604 0.000008 19.871218
v 11.440697 0.000000 26.950710
v 18.721853 0.000011 14.339364
v 7.718779 0.000011 9.440554
v 17.781105 0.000008 23.290073
v 5.999943 0.000004 25.794226
v 2.278030 0.000011 14.339368
v 13.281088 0.000011 9.440552
v 18.294167 0.000008 22.499998
v 5.209866 0.000004 25.281160
v 3.811627 0.000011 11.977906
v 17.188255 0.000011 11.977902
v 1.549229 0.000008 18.940752
v 12.371146 0.000000 26.803337
v 10.499940 0.000011 9.000003
v 19.303253 0.000011 16.128807
v 2.278031 0.000008 21.660639
v 13.281094 0.000000 26.559504
v 9.559189 0.000011 9.049240
v 14.999935 0.000011 10.205873
v 18.721855 0.000008 21.660635
v 3.218780 0.000011 12.710004
v 7.718783 0.000004 26.559504
v 1.549254 0.000011 17.059254
v 19.450628 0.000008 17.059250
v 10.499944 0.000000 27.000002
v 8.628725 0.000011 9.196691
v 15.790004 0.000011 10.718892
v 17.188257 0.000004 24.022175
v 2.705717 0.000011 13.500005
v 3.811630 0.000004 24.022179
v 1.696603 0.000011 16.128788
v 19.499943 0.000008 18.000000
v 1.499941 0.000008 18.000004
v 17.781101 0.000011 12.710000
v 4.477765 0.000004 24.688314
v 5.999939 0.000011 10.205875
v 16.522121 0.000004 24.688311
v 6.786147 0.000004 26.196556
v 1.960097 0.000011 15.163325
v 2.736489 0.000011 13.449785
v 8.571460 0.000000 26.789589
v 14.213726 0.000011 9.803348
v 14.948179 0.000000 25.822325
v 19.498400 0.000008 18.058876
v 9.500799 0.000000 26.943026
v 1.710352 0.000011 16.071520
v 13.336607 0.000011 9.460207
v 8.686638 0.000011 9.185961
v 2.303387 0.000011 14.286208
v 15.450230 0.000000 25.514679
v 18.744392 0.000011 14.393779
v 8.114096 0.000011 9.323487
v 19.039787 0.000008 20.836679
v 2.985261 0.000008 22.950296
v 1.823329 0.000008 20.385847
v 19.455250 0.000008 17.117966
v 13.779665 0.000000 26.379690
v 2.508985 0.000008 22.137686
v 15.050154 0.000011 10.236679
v 1.610736 0.000011 16.592098
v 5.598190 0.000004 25.548044
v 19.487595 0.000008 17.528980
v 10.028924 0.000000 26.987677
v 1.806599 0.000011 15.670631
v 13.725246 0.000011 9.597797
v 9.092036 0.000011 9.110849
v 18.519005 0.000008 22.085924
v 3.505614 0.000011 12.336221
v 12.829306 0.000011 9.306764
v 16.863888 0.000011 11.636081
v 13.725250 0.000000 26.402229
v 1.806600 0.000008 20.329374
v 19.487595 0.000008 18.471018
v 9.092041 0.000000 26.889206
v 10.970963 0.000000 26.987677
v 14.585850 0.000011 9.980863
v 1.610737 0.000008 19.407928
v 16.863890 0.000004 24.363970
v 2.951899 0.000011 13.098249
v 18.902172 0.000011 14.774683
v 4.836056 0.000004 24.994328
v 8.170568 0.000011 9.306765
v 18.902172 0.000008 21.225319
v 8.170572 0.000004 26.693346
v 2.951901 0.000008 22.901756
v 14.585854 0.000000 26.019064
v 17.494242 0.000011 12.336217
v 5.598186 0.000011 10.452092
v 11.907845 0.000011 9.110849
v 15.401686 0.000011 10.452090
v 19.193260 0.000008 20.329370
v 2.480878 0.000011 13.914103
v 11.907849 0.000000 26.889206
v 7.274625 0.000004 26.402229
v 10.970960 0.000011 9.012378
v 1.512263 0.000008 18.471022
v 14.532693 0.000000 26.044418
v 2.508983 0.000011 13.862344
v 2.078053 0.000008 21.169802
v 19.442940 0.000008 17.000856
v 8.227838 0.000011 9.293005
v 15.741465 0.000011 10.685542
v 19.076172 0.000008 20.724686
v 7.220211 0.000004 26.379690
v 5.949724 0.000004 25.763454
v 3.254634 0.000011 12.663281
v 1.621469 0.000008 19.465841
v 12.885783 0.000000 26.676613
v 16.208614 0.000011 11.044049
v 18.879633 0.000008 21.279734
v 6.051702 0.000004 25.822327
v 3.185420 0.000011 12.758535
v 8.114100 0.000004 26.676613
v 7.330141 0.000011 9.578144
v 2.120251 0.000011 14.720272
v 19.378389 0.000008 19.465816
v 16.564840 0.000011 11.352326
v 18.696499 0.000008 21.713795
v 9.617906 0.000011 9.044632
v 5.258407 0.000004 25.314522
v 4.882779 0.000011 10.969940
v 17.147709 0.000011 11.935174
v 3.773376 0.000011 12.022695
v 3.852172 0.000004 24.064903
v 17.455996 0.000008 23.708670
v 16.163828 0.000011 11.005802
v 18.047960 0.000008 22.901752
v 6.414019 0.000004 26.019066
v 4.135969 0.000011 11.636084
v 19.389122 0.000008 16.592094
v 12.829310 0.000000 26.693346
v 2.097713 0.000008 21.225323
v 10.028920 0.000011 9.012378
v 3.852170 0.000011 11.935178
v 3.773378 0.000008 23.977394
v 17.530098 0.000011 12.382938
v 4.178692 0.000011 11.595548
v 1.556939 0.000011 17.000860
v 10.558817 0.000011 9.001550
v 1.823328 0.000011 15.614160
v 13.779661 0.000011 9.620320
v 18.921829 0.000011 14.830202
v 6.467176 0.000011 9.955504
v 19.059444 0.000011 15.218840
v 2.705719 0.000008 22.500002
v 15.790008 0.000000 25.281157
v 6.839304 0.000011 9.777990
v 19.450630 0.000008 18.940748
v 1.940438 0.000011 15.218843
v 8.628729 0.000000 26.803337
v 14.160565 0.000011 9.777988
v 19.289505 0.000008 19.928484
v 19.076172 0.000011 15.275313
v 6.893719 0.000011 9.755466
v 7.330144 0.000004 26.421886
v 15.401690 0.000000 25.548040
v 19.193258 0.000011 15.670628
v 2.480881 0.000008 22.085928
v 7.274621 0.000011 9.597799
v 18.047958 0.000011 13.098246
v 17.494244 0.000008 23.663883
v 4.135972 0.000004 24.363974
v 4.836053 0.000011 11.005805
v 14.948175 0.000011 10.177775
v 19.289505 0.000011 16.071539
v 19.442940 0.000008 18.999144
v 16.208616 0.000000 24.956072
v 15.836731 0.000011 10.754756
v 19.313988 0.000011 16.186722
v 19.489140 0.000008 17.587858
v 15.836735 0.000000 25.245304
v 9.034127 0.000000 26.878473
v 2.921128 0.000008 22.851540
v 19.455250 0.000008 18.882032
v 6.051699 0.000011 10.177777
v 2.120252 0.000008 21.279737
v 2.097712 0.000011 14.774687
v 6.414015 0.000011 9.980865
v 19.389122 0.000008 19.407904
v 16.163830 0.000000 24.994324
v 1.512262 0.000011 17.528984
v 3.505617 0.000008 23.663887
v 18.519003 0.000011 13.914099
v 15.351471 0.000000 25.578814
v 3.469763 0.000008 23.617163
v 18.696497 0.000011 14.286204
v 17.745247 0.000008 23.336802
v 4.435041 0.000004 24.647772
v 18.014603 0.000008 22.950293
v 4.791270 0.000004 24.956076
v 1.544608 0.000008 18.882036
v 17.147711 0.000004 24.064899
v 5.258403 0.000011 10.685544
v 1.603047 0.000008 19.349535
v 12.772040 0.000000 26.707092
v 18.263391 0.000008 22.550219
v 12.313234 0.000000 26.814070
v 18.322269 0.000011 13.551761
v 11.849456 0.000000 26.896891
v 11.029675 0.000011 9.016985
v 1.510722 0.000011 17.587862
v 11.029680 0.000000 26.983057
v 1.516886 0.000011 17.470268
v 10.912086 0.000000 26.989218
v 10.087802 0.000000 26.989218
v 12.772036 0.000011 9.293004
v 5.163140 0.000004 25.245308
v 17.226501 0.000011 12.022691
v 1.940439 0.000008 20.781164
v 18.294167 0.000011 13.500001
v 5.209862 0.000011 10.718894
v 14.160569 0.000000 26.221910
v 19.059444 0.000008 20.781160
v 6.839308 0.000004 26.221912
v 12.371141 0.000011 9.196690
v 11.499086 0.000011 9.056941
v 2.455525 0.000008 22.032766
v 4.477762 0.000011 11.311793
v 16.522120 0.000011 11.311790
v 3.218782 0.000008 23.290077
v 14.999939 0.000000 25.794222
v 19.303255 0.000008 19.871214
v 9.559194 0.000000 26.950710
v 11.440693 0.000011 9.049240
v 5.949720 0.000011 10.236681
v 13.669731 0.000000 26.421886
v 18.490902 0.000008 22.137682
v 9.150430 0.000011 9.103148
v 16.821169 0.000004 24.404512
v 11.965757 0.000011 9.121578
v 9.970208 0.000000 26.983057
v 12.885778 0.000011 9.323486
v 1.621469 0.000011 16.534185
v 10.087797 0.000011 9.010831
v 1.510723 0.000008 18.412146
v 4.791267 0.000011 11.044052
v 18.014601 0.000011 13.049715
v 18.078733 0.000011 13.148465
v 1.792850 0.000008 20.272106
v 22.999943 0.000008 17.999987
v 22.999943 19.999989 18.000002
v 22.982792 0.000008 18.654181
v 22.982792 19.999987 18.654194
v 22.931450 19.999987 19.306599
v 22.931450 0.000008 19.306583
v 22.846024 0.000008 19.955406
v 22.846024 19.999987 19.955420
v 22.726765 0.000008 20.598896
v 22.726765 19.999987 20.598909
v 22.573994 0.000008 21.235220
v 22.573994 19.999987 21.235235
v 22.388140 19.999987 21.862720
v 22.388140 0.000008 21.862705
v 22.169704 0.000008 22.479591
v 22.169704 19.999985 22.479607
v 21.919264 0.000008 23.084196
v 21.919264 19.999985 23.084209
v 21.637527 0.000008 23.674877
v 21.637527 19.999985 23.674889
v 21.325254 0.000004 24.249979
v 21.325254 19.999985 24.249992
v 20.983299 0.000004 24.807970
v 20.983299 19.999985 24.807983
v 20.612667 0.000004 25.347307
v 20.612667 19.999985 25.347319
v 20.214249 0.000000 25.866488
v 20.214249 19.999985 25.866497
v 19.789268 0.000000 26.364113
v 19.789268 19.999983 26.364122
v 19.338757 0.000000 26.838823
v 19.338757 19.999981 26.838839
v 18.864082 0.000000 27.289299
v 18.864082 19.999981 27.289310
v 18.366453 19.999981 27.714331
v 18.366453 0.000000 27.714315
v 17.847256 19.999981 28.112709
v 17.847256 0.000000 28.112694
v 17.307924 19.999981 28.483381
v 17.307924 0.000000 28.483362
v 16.749937 0.000000 28.825285
v 16.749937 19.999981 28.825298
v 16.174820 0.000000 29.137556
v 16.174820 19.999981 29.137575
v 15.584146 0.000000 29.419292
v 15.584146 19.999981 29.419306
v 14.979536 19.999981 29.669748
v 14.979536 0.000000 29.669731
v 14.362654 0.000000 29.888168
v 14.362654 19.999981 29.888182
v 13.735176 19.999981 30.074072
v 13.735176 0.000000 30.074059
v 13.098837 0.000000 30.226833
v 13.098837 19.999981 30.226843
v 12.455370 0.000000 30.346090
v 12.455370 19.999981 30.346104
v 11.806546 0.000000 30.431480
v 11.806546 19.999981 30.431530
v 11.154140 19.999981 30.482872
v 11.154140 0.000000 30.482822
v 10.499946 0.000000 30.499969
v 10.499946 19.999981 30.499985
v 9.845752 19.999981 30.482874
v 9.845752 0.000000 30.482822
v 9.193348 0.000000 30.431480
v 9.193348 19.999981 30.431532
v 8.544524 0.000000 30.346090
v 8.544524 19.999981 30.346106
v 7.901036 0.000000 30.226833
v 7.901036 19.999981 30.226845
v 7.264708 0.000000 30.074059
v 7.264708 19.999981 30.074074
v 6.637223 0.000000 29.888170
v 6.637223 19.999981 29.888184
v 6.020336 19.999981 29.669750
v 6.020336 0.000000 29.669733
v 5.415729 0.000000 29.419296
v 5.415729 19.999981 29.419308
v 4.825050 0.000000 29.137560
v 4.825050 19.999981 29.137577
v 4.249945 19.999981 28.825300
v 4.249945 0.000000 28.825289
v 3.691954 0.000000 28.483366
v 3.691954 19.999981 28.483383
v 3.152616 19.999981 28.112711
v 3.152616 0.000000 28.112698
v 2.633436 0.000000 27.714319
v 2.633436 19.999981 27.714334
v 2.135808 0.000000 27.289303
v 2.135808 19.999981 27.289314
v 1.661097 0.000000 26.838827
v 1.661097 19.999981 26.838844
v 1.210621 19.999983 26.364128
v 1.210621 0.000000 26.364117
v 0.785603 0.000000 25.866491
v 0.785603 19.999985 25.866503
v 0.387220 0.000004 25.347311
v 0.387220 19.999985 25.347324
v 0.016553 19.999985 24.807989
v 0.016553 0.000004 24.807974
v -0.325367 0.000004 24.249983
v -0.325367 19.999985 24.249998
v -0.637641 19.999985 23.674894
v -0.637641 0.000008 23.674881
v -0.919374 0.000008 23.084200
v -0.919374 19.999985 23.084215
v -1.169818 19.999985 22.479612
v -1.169818 0.000008 22.479597
v -1.388254 0.000008 21.862711
v -1.388254 19.999987 21.862726
v -1.574142 19.999987 21.235241
v -1.574142 0.000008 21.235226
v -1.726915 0.000008 20.598902
v -1.726915 19.999987 20.598915
v -1.846175 19.999987 19.955462
v -1.846175 0.000008 19.955412
v -1.931602 0.000008 19.306589
v -1.931602 19.999987 19.306604
v -1.982944 0.000008 18.654186
v -1.982944 19.999987 18.654200
v -2.000058 0.000008 17.999994
v -2.000057 19.999989 18.000008
v -1.982944 19.999989 17.345814
v -1.982944 0.000008 17.345798
v -1.931565 0.000011 16.693398
v -1.931565 19.999989 16.693413
v -1.846176 0.000011 16.044577
v -1.846176 19.999989 16.044592
v -1.726916 0.000011 15.401091
v -1.726916 19.999989 15.401105
v -1.574143 0.000011 14.764762
v -1.574143 19.999989 14.764776
v -1.388255 0.000011 14.137280
v -1.388255 19.999989 14.137295
v -1.169821 0.000011 13.520394
v -1.169821 19.999992 13.520409
v -0.919377 0.000011 12.915787
v -0.919377 19.999992 12.915800
v -0.637644 0.000011 12.325109
v -0.637644 19.999992 12.325160
v -0.325370 0.000011 11.750006
v -0.325370 19.999992 11.750019
v 0.016550 0.000011 11.192014
v 0.016550 19.999992 11.192028
v 0.387218 19.999992 10.652799
v 0.387218 0.000011 10.652784
v 0.785600 0.000011 10.133639
v 0.785600 19.999992 10.133654
v 1.210616 19.999992 9.635994
v 1.210616 0.000011 9.635981
v 1.661092 0.000011 9.161230
v 1.661092 19.999992 9.161244
v 2.135803 0.000011 8.710828
v 2.135803 19.999992 8.710841
v 2.633431 19.999992 8.285858
v 2.633431 0.000011 8.285845
v 3.152611 0.000015 7.887358
v 3.152611 19.999992 7.887372
v 3.691949 0.000015 7.516799
v 3.691949 19.999994 7.516813
v 4.249940 19.999994 7.174891
v 4.249940 0.000015 7.174520
v 4.825045 0.000015 6.862318
v 4.825045 19.999994 6.862332
v 5.415723 0.000015 6.580545
v 5.415723 19.999994 6.580559
v 6.020330 0.000015 6.330286
v 6.020330 19.999994 6.330299
v 6.637218 0.000015 6.111885
v 6.637218 19.999994 6.111898
v 7.264702 19.999996 5.926084
v 7.264702 0.000015 5.926070
v 7.901030 0.000015 5.773190
v 7.901030 19.999996 5.773204
v 8.544518 0.000015 5.653966
v 8.544518 19.999996 5.653980
v 9.193342 0.000015 5.568397
v 9.193342 19.999996 5.568411
v 9.845746 0.000015 5.517198
v 9.845746 19.999996 5.517212
v 10.499940 0.000015 5.500011
v 10.499940 19.999996 5.500025
v 11.154134 0.000015 5.517198
v 11.154134 19.999996 5.517211
v 11.806540 0.000015 5.568397
v 11.806540 19.999996 5.568410
v 12.455363 0.000015 5.653965
v 12.455363 19.999996 5.653979
v 13.098831 0.000015 5.773189
v 13.098831 19.999996 5.773203
v 13.735170 19.999996 5.926083
v 13.735170 0.000015 5.926069
v 14.362644 0.000015 6.111883
v 14.362644 19.999994 6.111897
v 14.979530 0.000015 6.330284
v 14.979530 19.999994 6.330297
v 15.584141 0.000015 6.580543
v 15.584141 19.999994 6.580557
v 16.174812 0.000015 6.862315
v 16.174812 19.999994 6.862329
v 16.749933 19.999994 7.174889
v 16.749933 0.000015 7.174517
v 17.307919 0.000015 7.516796
v 17.307919 19.999994 7.516809
v 17.847250 19.999992 7.887369
v 17.847250 0.000015 7.887355
v 18.366449 0.000011 8.285841
v 18.366449 19.999992 8.285854
v 18.864077 0.000011 8.710824
v 18.864077 19.999992 8.710837
v 19.338753 0.000011 9.161226
v 19.338753 19.999992 9.161241
v 19.789263 19.999992 9.635990
v 19.789263 0.000011 9.635977
v 20.214245 0.000011 10.133635
v 20.214245 19.999992 10.133649
v 20.612663 0.000011 10.652780
v 20.612663 19.999992 10.652794
v 20.983295 19.999992 11.192023
v 20.983295 0.000011 11.192009
v 21.325253 0.000011 11.750000
v 21.325253 19.999992 11.750013
v 21.637526 0.000011 12.325104
v 21.637526 19.999992 12.325154
v 21.919262 19.999992 12.915794
v 21.919262 0.000011 12.915781
v 22.169703 0.000011 13.520389
v 22.169703 19.999992 13.520403
v 22.388138 0.000011 14.137275
v 22.388138 19.999989 14.137289
v 22.573992 0.000011 14.764756
v 22.573992 19.999989 14.764771
v 22.726765 19.999989 15.401135
v 22.726765 0.000011 15.401085
v 22.846024 0.000011 16.044571
v 22.846024 19.999989 16.044586
v 22.931450 19.999989 16.693407
v 22.931450 0.000011 16.693392
v 22.982792 0.000008 17.345793
v 22.982792 19.999989 17.345808
v 19.499943 2.499990 18.000000
v 19.487595 2.499990 18.471020
v 19.450630 2.499990 18.940750
v 19.389122 2.499990 19.407904
v 19.303255 2.499990 19.871216
v 19.193260 2.499989 20.329372
v 19.059444 2.499989 20.781160
v 18.902172 2.499989 21.225321
v 18.721855 2.499989 21.660635
v 18.519005 2.499989 22.085924
v 18.294167 2.499989 22.500000
v 18.047960 2.499989 22.901754
v 17.781105 2.499989 23.290075
v 17.494244 2.499989 23.663885
v 17.188257 2.499989 24.022177
v 16.863890 2.499989 24.363972
v 16.522121 2.499989 24.688313
v 16.163830 2.499989 24.994328
v 15.790008 2.499989 25.281160
v 15.401690 2.499989 25.548042
v 14.999939 2.499989 25.794224
v 14.585854 2.499989 26.019066
v 14.160569 2.499985 26.221912
v 13.725250 2.499985 26.402229
v 13.281094 2.499985 26.559504
v 12.829310 2.499985 26.693346
v 12.371146 2.499985 26.803337
v 11.907849 2.499985 26.889206
v 11.440697 2.499985 26.950712
v 10.970963 2.499985 26.987680
v 10.499944 2.499985 27.000002
v 10.028924 2.499985 26.987680
v 9.559194 2.499985 26.950712
v 9.092041 2.499985 26.889206
v 8.628729 2.499985 26.803337
v 8.170572 2.499985 26.693348
v 7.718783 2.499985 26.559505
v 7.274625 2.499985 26.402231
v 6.839308 2.499985 26.221914
v 6.414019 2.499989 26.019068
v 5.999943 2.499989 25.794226
v 5.598190 2.499989 25.548044
v 5.209866 2.499989 25.281162
v 4.836056 2.499989 24.994329
v 4.477765 2.499989 24.688316
v 4.135972 2.499989 24.363976
v 3.811630 2.499989 24.022181
v 3.505617 2.499989 23.663889
v 3.218782 2.499989 23.290079
v 2.951901 2.499989 22.901758
v 2.705719 2.499989 22.500004
v 2.480881 2.499989 22.085928
v 2.278031 2.499989 21.660639
v 2.097713 2.499989 21.225325
v 1.940439 2.499989 20.781164
v 1.806600 2.499989 20.329376
v 1.696604 2.499990 19.871220
v 1.610737 2.499990 19.407932
v 1.549229 2.499990 18.940754
v 1.512263 2.499990 18.471024
v 1.499941 2.499990 18.000004
v 1.512262 2.499994 17.528984
v 1.549254 2.499994 17.059256
v 1.610736 2.499994 16.592100
v 1.696603 2.499994 16.128790
v 1.806599 2.499994 15.670634
v 1.940438 2.499994 15.218846
v 2.097712 2.499994 14.774689
v 2.278030 2.499994 14.339370
v 2.480878 2.499994 13.914108
v 2.705717 2.499994 13.500007
v 2.951899 2.499994 13.098250
v 3.218780 2.499994 12.710005
v 3.505614 2.499994 12.336221
v 3.811627 2.499996 11.977906
v 4.135969 2.499996 11.636086
v 4.477762 2.499996 11.311795
v 4.836053 2.499996 11.005806
v 5.209862 2.499996 10.718896
v 5.598186 2.499996 10.452094
v 5.999939 2.499996 10.205910
v 6.414015 2.499996 9.980865
v 6.839304 2.499996 9.777991
v 7.274621 2.499996 9.597800
v 7.718779 2.499996 9.440555
v 8.170568 2.499996 9.306766
v 8.628725 2.499996 9.196692
v 9.092036 2.499998 9.110850
v 9.559189 2.499998 9.049242
v 10.028920 2.499998 9.012380
v 10.499940 2.499998 9.000004
v 10.970960 2.499998 9.012379
v 11.440693 2.499998 9.049241
v 11.907845 2.499998 9.110849
v 12.371141 2.499996 9.196692
v 12.829306 2.499996 9.306765
v 13.281088 2.499996 9.440554
v 13.725246 2.499996 9.597799
v 14.160565 2.499996 9.777990
v 14.585850 2.499996 9.980863
v 14.999935 2.499996 10.205907
v 15.401686 2.499996 10.452091
v 15.790004 2.499996 10.718893
v 16.163828 2.499996 11.005803
v 16.522120 2.499996 11.311792
v 16.863888 2.499996 11.636083
v 17.188255 2.499996 11.977903
v 17.494242 2.499994 12.336218
v 17.781101 2.499994 12.710002
v 18.047958 2.499994 13.098248
v 18.294167 2.499994 13.500004
v 18.519003 2.499994 13.914104
v 18.721853 2.499994 14.339365
v 18.902172 2.499994 14.774684
v 19.059444 2.499994 15.218842
v 19.193258 2.499994 15.670630
v 19.303253 2.499994 16.128813
v 19.389122 2.499994 16.592096
v 19.450628 2.499994 17.059252
v 19.487595 2.499994 17.528980

usemtl Turquoise_0
f 363 364 365
f 363 365 9
f 363 9 293
f 363 293 185
f 11 363 185
f 13 600 288
f 600 138 288
f 600 292 138
f 601 223 253
f 23 601 253
f 601 23 19
f 19 600 601
f 600 599 601
f 601 599 602
f 601 602 363
f 7 601 363
f 601 7 179
f 601 179 147
f 599 594 602
f 594 592 602
f 602 592 364
f 592 590 364
f 364 590 366
f 590 587 366
f 366 587 367
f 366 367 365
f 367 368 365
f 365 368 155
f 55 365 155
f 29 597 267
f 597 21 267
f 21 597 276
f 597 27 280
f 27 597 600
f 597 280 276
f 29 596 597
f 596 595 597
f 597 595 598
f 598 599 597
f 598 595 599
f 595 596 593
f 594 595 593
f 33 593 596
f 31 33 596
f 31 596 203
f 593 309 306
f 35 593 306
f 591 321 333
f 15 591 333
f 51 591 283
f 51 589 591
f 589 590 591
f 589 51 360
f 589 360 157
f 49 589 157
f 588 210 331
f 588 331 134
f 588 134 245
f 81 588 245
f 585 240 342
f 77 585 342
f 585 77 232
f 75 585 232
f 583 150 225
f 73 583 225
f 583 73 213
f 5 583 213
f 582 5 182
f 582 182 142
f 287 582 142
f 582 165 274
f 71 582 274
f 582 71 264
f 582 264 188
f 582 188 170
f 582 170 130
f 582 130 355
f 582 355 192
f 582 192 329
f 582 329 338
f 524 582 338
f 524 338 353
f 524 353 212
f 524 212 339
f 524 339 347
f 524 347 323
f 524 323 218
f 524 218 72
f 521 524 72
f 521 72 262
f 521 262 137
f 521 137 357
f 521 357 256
f 521 256 6
f 521 6 242
f 521 242 141
f 521 141 351
f 521 351 189
f 521 189 74
f 519 521 74
f 519 74 171
f 519 171 149
f 519 149 76
f 519 76 224
f 519 224 205
f 519 205 175
f 519 175 78
f 518 519 78
f 518 78 126
f 518 126 80
f 518 80 237
f 518 237 282
f 518 282 82
f 515 518 82
f 515 82 277
f 515 277 270
f 515 270 48
f 515 48 266
f 515 266 301
f 515 301 50
f 513 515 50
f 513 50 52
f 513 52 159
f 513 159 211
f 513 211 16
f 512 513 16
f 512 16 38
f 512 38 316
f 512 316 334
f 512 334 244
f 512 244 36
f 509 512 36
f 509 36 286
f 509 286 359
f 509 359 34
f 509 34 341
f 509 341 32
f 508 509 32
f 508 32 30
f 508 30 260
f 508 260 252
f 508 252 257
f 508 257 133
f 508 133 22
f 505 508 22
f 505 22 246
f 505 246 28
f 505 28 191
f 505 191 14
f 503 505 14
f 20 503 14
f 144 235 24
f 503 144 24
f 501 503 24
f 501 24 202
f 501 202 8
f 501 8 163
f 501 163 152
f 501 152 12
f 499 501 12
f 12 10 499
f 499 10 215
f 499 215 56
f 497 499 56
f 497 56 172
f 497 172 129
f 497 129 4
f 497 4 238
f 497 238 300
f 497 300 58
f 495 497 58
f 495 58 18
f 495 18 272
f 495 272 84
f 493 495 84
f 84 42 493
f 493 42 187
f 493 187 108
f 491 493 108
f 491 108 106
f 491 106 356
f 491 356 183
f 491 183 64
f 489 491 64
f 26 489 64
f 489 146 2
f 487 489 2
f 487 2 326
f 487 326 86
f 487 86 304
f 487 304 324
f 487 324 156
f 156 104 487
f 104 486 487
f 486 485 487
f 487 485 488
f 488 485 468
f 465 488 468
f 467 465 468
f 468 469 467
f 469 470 467
f 467 470 44
f 308 467 44
f 330 463 204
f 204 463 62
f 313 62 94
f 94 62 466
f 94 466 158
f 158 466 311
f 311 466 285
f 285 466 90
f 153 467 258
f 258 467 305
f 247 467 153
f 92 467 247
f 92 90 467
f 466 467 90
f 463 466 62
f 465 466 463
f 464 465 463
f 463 461 464
f 461 492 464
f 492 490 464
f 491 490 492
f 494 492 461
f 460 494 461
f 460 461 459
f 459 458 460
f 458 496 460
f 498 496 458
f 455 498 458
f 457 455 458
f 456 455 457
f 457 407 456
f 407 410 456
f 456 410 453
f 410 411 453
f 453 411 451
f 451 452 453
f 453 452 454
f 454 455 453
f 454 500 455
f 502 500 454
f 501 500 502
f 452 502 454
f 504 502 452
f 450 504 452
f 506 504 450
f 447 506 450
f 449 447 450
f 449 450 451
f 451 414 449
f 414 415 449
f 449 415 448
f 415 417 448
f 448 417 445
f 447 448 445
f 446 447 445
f 445 443 446
f 443 510 446
f 510 507 446
f 509 507 510
f 510 511 509
f 511 510 443
f 442 511 443
f 442 443 441
f 441 440 442
f 440 514 442
f 516 514 440
f 437 516 440
f 439 437 440
f 438 437 439
f 439 426 438
f 426 427 438
f 438 427 435
f 427 429 435
f 435 429 433
f 433 434 435
f 435 434 436
f 436 437 435
f 436 517 437
f 520 517 436
f 519 517 520
f 434 520 436
f 522 520 434
f 432 522 434
f 523 522 432
f 430 523 432
f 431 430 432
f 431 432 433
f 429 430 431
f 429 428 430
f 428 526 430
f 528 526 428
f 425 528 428
f 427 425 428
f 530 528 425
f 424 530 425
f 424 425 423
f 423 421 424
f 421 532 424
f 533 532 421
f 420 533 421
f 420 421 419
f 419 418 420
f 418 536 420
f 538 536 418
f 416 538 418
f 417 416 418
f 540 538 416
f 413 540 416
f 415 413 416
f 542 540 413
f 412 542 413
f 412 413 411
f 411 409 412
f 409 544 412
f 546 544 409
f 408 546 409
f 408 409 407
f 407 406 408
f 406 548 408
f 550 548 406
f 404 550 406
f 405 404 406
f 403 404 405
f 403 405 459
f 462 403 459
f 403 462 207
f 164 403 207
f 121 391 294
f 294 391 269
f 109 393 173
f 173 393 279
f 307 393 344
f 393 59 344
f 111 395 209
f 209 395 220
f 43 395 335
f 395 91 335
f 91 398 180
f 180 398 194
f 89 398 140
f 398 93 140
f 93 400 231
f 231 400 254
f 61 400 136
f 136 400 320
f 87 402 216
f 216 402 322
f 322 402 124
f 402 69 124
f 69 402 325
f 325 402 198
f 327 402 148
f 402 65 148
f 65 403 328
f 328 403 186
f 354 403 346
f 346 403 168
f 168 403 197
f 197 403 295
f 295 403 273
f 186 403 354
f 65 402 403
f 402 401 403
f 401 402 400
f 399 401 400
f 399 400 398
f 397 399 398
f 397 398 395
f 396 397 395
f 395 394 396
f 394 560 396
f 560 558 396
f 559 558 560
f 559 560 561
f 559 561 543
f 545 559 543
f 543 544 545
f 543 542 544
f 541 542 543
f 557 559 545
f 547 557 545
f 545 546 547
f 547 546 548
f 547 548 549
f 549 555 547
f 554 555 549
f 551 554 549
f 549 550 551
f 551 550 552
f 552 553 551
f 553 552 401
f 401 552 404
f 553 554 551
f 554 553 555
f 555 553 556
f 555 556 557
f 557 556 558
f 558 556 397
f 556 553 399
f 555 557 547
f 543 561 541
f 561 564 541
f 541 564 539
f 539 540 541
f 564 565 539
f 539 565 537
f 537 538 539
f 565 568 537
f 537 568 535
f 535 536 537
f 535 533 536
f 534 533 535
f 535 569 534
f 569 571 534
f 534 571 531
f 571 573 531
f 531 573 529
f 529 530 531
f 531 530 532
f 573 576 529
f 529 576 527
f 527 528 529
f 576 577 527
f 527 577 525
f 525 526 527
f 525 523 526
f 524 523 525
f 525 579 524
f 577 579 525
f 577 578 579
f 579 578 580
f 580 581 579
f 581 582 579
f 582 581 583
f 583 581 584
f 583 584 585
f 585 584 586
f 586 587 585
f 587 588 585
f 79 585 588
f 585 79 193
f 588 587 589
f 47 588 589
f 588 47 259
f 586 584 370
f 367 586 370
f 369 367 370
f 369 370 371
f 371 83 369
f 17 369 83
f 275 373 214
f 373 105 214
f 373 63 105
f 1 377 206
f 206 377 233
f 103 379 190
f 190 379 350
f 97 381 250
f 381 95 250
f 312 383 127
f 127 383 310
f 315 387 201
f 201 387 352
f 389 113 160
f 113 389 290
f 115 389 160
f 115 387 389
f 387 388 389
f 389 388 390
f 389 390 391
f 391 390 392
f 391 392 393
f 393 392 394
f 392 562 394
f 563 562 392
f 562 563 561
f 390 563 392
f 566 563 390
f 565 563 566
f 566 567 565
f 567 566 388
f 386 567 388
f 570 567 386
f 384 570 386
f 385 384 386
f 385 386 387
f 385 387 39
f 383 384 385
f 385 119 383
f 383 382 384
f 382 572 384
f 574 572 382
f 380 574 382
f 381 380 382
f 379 380 381
f 101 379 381
f 379 378 380
f 378 575 380
f 578 575 378
f 375 578 378
f 377 375 378
f 376 375 377
f 375 376 373
f 374 375 373
f 373 372 374
f 372 581 374
f 371 372 373
f 107 371 373
f 374 580 375
f 377 378 379
f 575 574 380
f 574 575 573
f 573 572 574
f 381 382 383
f 572 570 384
f 571 570 572
f 569 567 570
f 568 567 569
f 388 566 390
f 387 386 388
f 117 387 115
f 387 117 352
f 151 387 315
f 39 387 151
f 385 39 45
f 385 45 248
f 284 385 248
f 119 385 284
f 67 383 119
f 383 67 310
f 95 383 312
f 383 95 381
f 381 97 319
f 131 381 319
f 101 381 131
f 379 101 99
f 379 99 350
f 103 377 379
f 377 103 241
f 143 377 241
f 85 377 143
f 377 85 233
f 376 377 1
f 376 1 25
f 376 25 176
f 336 376 176
f 226 376 336
f 63 376 226
f 376 63 373
f 345 373 275
f 107 373 345
f 107 41 371
f 371 41 239
f 302 371 239
f 297 369 271
f 57 369 297
f 3 368 57
f 368 3 196
f 167 368 196
f 57 368 369
f 271 369 289
f 369 17 289
f 83 371 302
f 371 370 372
f 370 584 372
f 584 581 372
f 581 580 374
f 580 578 375
f 577 575 578
f 576 575 577
f 575 576 573
f 571 572 573
f 569 570 571
f 533 534 531
f 568 569 535
f 567 568 565
f 564 563 565
f 563 564 561
f 561 560 562
f 557 558 559
f 562 560 394
f 393 394 395
f 396 558 397
f 397 556 399
f 399 553 401
f 198 402 327
f 87 400 402
f 400 87 320
f 400 61 318
f 254 400 318
f 93 398 400
f 398 89 349
f 194 398 349
f 91 395 398
f 395 43 220
f 395 111 393
f 166 393 111
f 59 393 166
f 279 393 307
f 393 109 391
f 109 53 391
f 391 53 269
f 121 389 391
f 389 121 303
f 290 389 303
f 234 251 128
f 251 462 128
f 128 462 70
f 462 463 70
f 337 462 251
f 161 337 251
f 66 462 337
f 278 145 217
f 145 462 217
f 227 217 66
f 217 462 66
f 228 128 70
f 70 463 184
f 463 88 184
f 88 463 132
f 236 207 145
f 273 403 164
f 207 462 145
f 459 405 457
f 403 401 404
f 552 550 404
f 549 548 550
f 405 406 407
f 548 546 408
f 545 544 546
f 413 414 411
f 544 542 412
f 541 540 542
f 539 538 540
f 537 536 538
f 417 418 419
f 421 422 419
f 419 422 444
f 445 419 444
f 444 422 441
f 422 423 441
f 441 423 439
f 536 533 420
f 532 533 531
f 422 421 423
f 425 426 423
f 532 530 424
f 529 528 530
f 527 526 528
f 526 523 430
f 522 523 521
f 521 520 522
f 433 432 434
f 429 431 433
f 427 428 429
f 426 425 427
f 423 426 439
f 437 438 435
f 517 516 437
f 516 517 515
f 515 514 516
f 439 440 441
f 443 444 441
f 514 511 442
f 513 511 514
f 444 443 445
f 446 507 447
f 417 419 445
f 415 416 417
f 414 413 415
f 448 447 449
f 507 506 447
f 506 507 505
f 505 504 506
f 503 502 504
f 451 450 452
f 411 414 451
f 410 409 411
f 409 410 407
f 405 407 457
f 455 456 453
f 500 498 455
f 499 498 500
f 497 496 498
f 457 458 459
f 461 462 459
f 496 494 460
f 495 494 496
f 493 492 494
f 462 461 463
f 464 490 465
f 132 463 330
f 243 88 132
f 110 471 268
f 268 471 54
f 471 474 54
f 474 181 54
f 100 358 486
f 358 219 486
f 219 102 486
f 486 102 483
f 102 98 483
f 481 483 98
f 314 481 98
f 317 481 135
f 200 481 317
f 68 481 230
f 68 479 481
f 479 480 481
f 481 480 482
f 482 480 473
f 472 482 473
f 472 473 471
f 471 469 472
f 469 484 472
f 485 484 469
f 484 485 483
f 483 482 484
f 484 482 472
f 473 480 476
f 475 473 476
f 476 477 475
f 477 478 475
f 475 478 118
f 255 475 118
f 222 255 118
f 120 479 123
f 120 46 479
f 46 478 479
f 362 478 46
f 195 478 362
f 40 478 195
f 178 40 195
f 332 478 40
f 116 475 299
f 116 114 475
f 474 475 114
f 474 114 139
f 281 474 139
f 299 475 255
f 118 478 332
f 478 477 479
f 474 473 475
f 477 476 480
f 479 477 480
f 123 479 68
f 481 96 230
f 96 481 200
f 135 481 314
f 481 482 483
f 340 281 139
f 122 474 281
f 181 474 122
f 473 474 471
f 296 471 110
f 471 296 208
f 60 471 208
f 343 470 177
f 112 470 343
f 177 470 60
f 470 471 60
f 305 467 308
f 112 44 470
f 470 469 471
f 466 465 467
f 490 488 465
f 489 488 490
f 468 485 469
f 485 486 483
f 104 100 486
f 487 488 489
f 489 261 146
f 489 26 261
f 489 490 491
f 108 154 106
f 491 492 493
f 187 169 108
f 42 263 187
f 493 494 495
f 18 162 272
f 495 496 497
f 497 498 499
f 10 221 215
f 499 500 501
f 501 502 503
f 20 229 144
f 503 20 144
f 503 504 505
f 507 508 505
f 508 507 509
f 511 512 509
f 512 511 513
f 159 348 211
f 50 298 52
f 513 514 515
f 517 518 515
f 518 517 519
f 519 520 521
f 523 524 521
f 579 582 524
f 582 199 165
f 582 287 199
f 5 582 583
f 583 291 150
f 583 249 291
f 583 75 249
f 75 583 585
f 585 193 240
f 81 79 588
f 588 259 210
f 49 47 589
f 591 361 283
f 591 15 361
f 591 37 321
f 37 591 593
f 591 592 593
f 35 37 593
f 309 593 125
f 593 174 125
f 596 265 203
f 593 33 174
f 596 29 265
f 155 368 167
f 368 367 369
f 587 586 367
f 589 587 590
f 591 590 592
f 593 592 594
f 595 594 599
f 599 600 597
f 601 147 223
f 600 19 292
f 13 27 600
f 363 11 7
f 9 365 55
f 365 364 366
f 363 602 364

usemtl Turquoise_0
f 721 11 185
f 185 722 721
f 721 722 718
f 719 721 718
f 288 719 718
f 718 13 288
f 138 292 719
f 719 292 720
f 720 292 253
f 223 720 253
f 147 179 721
f 721 223 147
f 179 7 721
f 722 55 155
f 155 603 722
f 722 603 717
f 717 603 716
f 267 717 716
f 716 29 267
f 717 21 276
f 717 276 280
f 280 718 717
f 280 27 718
f 715 31 203
f 203 716 715
f 716 604 715
f 604 605 715
f 715 605 714
f 309 715 714
f 714 306 309
f 713 35 306
f 713 37 35
f 321 37 713
f 713 333 321
f 712 15 333
f 361 15 712
f 283 361 712
f 712 51 283
f 710 49 157
f 157 711 710
f 711 609 710
f 609 610 710
f 710 610 709
f 210 710 709
f 210 709 331
f 708 81 245
f 245 709 708
f 709 611 708
f 611 612 708
f 708 612 707
f 240 708 707
f 707 342 240
f 706 75 232
f 706 232 707
f 707 613 706
f 613 614 706
f 706 614 705
f 291 706 705
f 150 291 705
f 705 225 150
f 5 213 704
f 704 182 5
f 703 287 142
f 703 199 287
f 702 199 703
f 703 617 702
f 617 618 702
f 702 618 701
f 165 702 701
f 701 274 165
f 20 14 676
f 229 20 676
f 676 675 229
f 144 229 675
f 675 235 144
f 26 64 666
f 261 26 666
f 666 665 261
f 146 261 665
f 665 2 146
f 308 44 651
f 650 308 651
f 650 651 669
f 670 650 669
f 669 162 670
f 162 18 670
f 669 272 162
f 649 650 670
f 671 649 670
f 671 670 238
f 648 649 671
f 672 648 671
f 671 172 672
f 647 648 672
f 673 647 672
f 673 672 221
f 221 10 673
f 215 221 672
f 646 647 673
f 674 646 673
f 673 163 674
f 645 646 674
f 675 645 674
f 674 202 675
f 644 645 675
f 644 243 645
f 645 243 132
f 132 330 645
f 330 204 645
f 62 646 204
f 313 646 62
f 94 158 646
f 158 311 647
f 311 285 647
f 285 90 649
f 90 92 649
f 649 92 247
f 649 247 153
f 153 258 649
f 305 650 258
f 313 94 646
f 164 207 637
f 637 273 164
f 636 273 637
f 636 637 683
f 684 636 683
f 683 298 684
f 684 298 50
f 683 159 298
f 683 348 159
f 683 211 348
f 682 211 683
f 635 636 684
f 685 635 684
f 684 266 685
f 634 635 685
f 686 634 685
f 685 277 686
f 633 634 686
f 687 633 686
f 686 237 687
f 632 633 687
f 688 632 687
f 687 126 688
f 631 632 688
f 689 631 688
f 688 224 689
f 630 631 689
f 690 630 689
f 689 171 690
f 629 630 690
f 691 629 690
f 351 691 690
f 628 629 691
f 692 628 691
f 691 242 692
f 627 628 692
f 693 627 692
f 357 693 692
f 626 627 693
f 694 626 693
f 693 262 694
f 625 626 694
f 695 625 694
f 323 695 694
f 624 625 695
f 696 624 695
f 339 696 695
f 623 624 696
f 697 623 696
f 353 697 696
f 622 623 697
f 698 622 697
f 697 338 698
f 621 622 698
f 699 621 698
f 355 699 698
f 620 621 699
f 700 620 699
f 170 700 699
f 619 620 700
f 701 619 700
f 700 264 701
f 619 290 620
f 290 303 620
f 620 303 121
f 121 294 620
f 621 294 269
f 621 269 53
f 53 109 621
f 109 173 621
f 173 279 622
f 279 307 622
f 307 344 622
f 623 344 59
f 166 623 59
f 166 111 623
f 111 209 623
f 209 220 624
f 220 43 624
f 43 335 624
f 625 335 91
f 91 180 625
f 180 194 626
f 194 349 626
f 349 89 626
f 89 140 626
f 93 627 140
f 93 231 627
f 231 254 628
f 254 318 628
f 318 61 628
f 61 136 628
f 136 320 629
f 320 87 629
f 87 216 629
f 216 322 630
f 322 124 630
f 69 631 124
f 69 325 631
f 632 325 198
f 198 327 632
f 327 148 632
f 65 633 148
f 65 328 633
f 634 328 186
f 186 354 634
f 354 346 634
f 635 346 168
f 168 197 635
f 197 295 636
f 193 79 708
f 259 47 710
f 605 17 83
f 605 83 302
f 302 606 605
f 606 302 239
f 239 41 606
f 606 41 107
f 606 107 345
f 345 607 606
f 606 607 713
f 714 606 713
f 713 607 712
f 607 608 712
f 712 608 711
f 360 712 711
f 214 608 607
f 214 607 275
f 608 105 63
f 608 63 226
f 226 609 608
f 226 336 609
f 609 336 176
f 176 25 609
f 609 25 1
f 609 1 206
f 206 233 610
f 233 85 610
f 610 85 143
f 143 611 610
f 143 241 611
f 241 103 611
f 611 103 190
f 190 350 612
f 350 99 612
f 612 99 101
f 612 101 131
f 131 613 612
f 131 319 613
f 319 97 613
f 613 97 250
f 250 95 614
f 614 95 312
f 127 614 312
f 127 310 615
f 310 67 615
f 615 67 119
f 615 119 284
f 284 616 615
f 615 616 704
f 705 615 704
f 704 616 703
f 616 284 248
f 248 45 616
f 616 45 39
f 616 39 151
f 151 617 616
f 151 315 617
f 201 617 315
f 201 352 618
f 352 117 618
f 117 115 618
f 115 160 618
f 160 619 618
f 113 619 160
f 127 615 614
f 214 105 608
f 607 345 275
f 289 17 605
f 271 289 605
f 605 297 271
f 604 57 297
f 604 3 57
f 603 167 196
f 196 604 603
f 196 3 604
f 113 290 619
f 294 621 620
f 173 622 621
f 622 344 623
f 623 209 624
f 624 335 625
f 625 180 626
f 140 627 626
f 627 231 628
f 136 629 628
f 629 216 630
f 124 631 630
f 631 325 632
f 148 633 632
f 633 328 634
f 634 346 635
f 635 197 636
f 683 637 682
f 637 638 682
f 682 638 681
f 681 316 682
f 638 639 681
f 681 639 680
f 244 681 680
f 680 286 244
f 639 640 680
f 680 640 679
f 679 341 680
f 640 641 679
f 679 641 678
f 678 260 679
f 641 642 678
f 678 642 677
f 678 677 257
f 642 643 677
f 677 643 676
f 676 191 677
f 643 644 676
f 184 644 643
f 70 184 643
f 228 70 643
f 128 228 643
f 643 234 128
f 161 251 641
f 641 337 161
f 66 337 640
f 227 66 640
f 217 227 640
f 640 278 217
f 278 639 145
f 642 251 234
f 88 644 184
f 643 642 234
f 641 251 642
f 640 337 641
f 640 639 278
f 145 639 638
f 236 145 638
f 207 236 638
f 295 273 636
f 637 207 638
f 88 243 644
f 204 646 645
f 158 647 646
f 647 285 648
f 649 648 285
f 258 650 649
f 669 651 668
f 668 263 669
f 263 42 669
f 187 263 668
f 187 668 169
f 667 169 668
f 668 652 667
f 652 653 667
f 667 653 666
f 667 666 356
f 653 654 666
f 268 654 653
f 653 110 268
f 654 54 181
f 181 122 654
f 654 122 281
f 281 340 654
f 655 654 340
f 139 655 340
f 655 139 656
f 655 656 664
f 665 655 664
f 665 664 326
f 664 656 663
f 324 664 663
f 656 657 663
f 663 657 662
f 663 662 358
f 358 100 663
f 100 104 663
f 314 98 662
f 314 662 661
f 135 314 661
f 135 661 317
f 200 317 660
f 660 96 200
f 230 96 660
f 660 68 230
f 222 118 657
f 657 118 332
f 332 658 657
f 332 40 658
f 658 40 178
f 178 195 658
f 195 362 658
f 659 658 362
f 362 46 659
f 46 120 659
f 659 120 123
f 659 123 660
f 660 661 659
f 658 659 661
f 656 255 222
f 656 299 255
f 656 116 299
f 114 116 656
f 123 68 660
f 661 660 317
f 662 658 661
f 98 102 662
f 662 102 219
f 219 358 662
f 657 658 662
f 656 222 657
f 139 114 656
f 654 655 665
f 652 60 208
f 177 60 652
f 177 652 343
f 651 112 343
f 343 652 651
f 208 296 652
f 296 110 653
f 268 54 654
f 653 652 296
f 667 108 169
f 154 108 667
f 667 106 154
f 651 652 668
f 305 308 650
f 44 112 651
f 663 104 156
f 663 156 324
f 664 324 304
f 304 86 664
f 664 86 326
f 326 2 665
f 666 654 665
f 666 64 183
f 183 356 666
f 356 106 667
f 42 84 669
f 669 84 272
f 18 58 670
f 670 58 300
f 670 300 238
f 238 4 671
f 671 4 129
f 129 172 671
f 172 56 672
f 672 56 215
f 10 12 673
f 673 12 152
f 152 163 673
f 163 8 674
f 674 8 202
f 202 24 675
f 675 24 235
f 676 644 675
f 676 14 191
f 191 28 677
f 677 28 246
f 246 22 677
f 677 22 133
f 133 257 677
f 252 678 257
f 252 260 678
f 679 260 30
f 679 30 32
f 32 341 679
f 680 341 34
f 680 34 359
f 680 359 286
f 244 286 36
f 244 334 681
f 681 334 316
f 682 316 38
f 682 38 16
f 16 211 682
f 298 159 52
f 50 301 684
f 684 301 266
f 685 266 48
f 48 270 685
f 270 277 685
f 686 277 82
f 82 282 686
f 686 282 237
f 687 237 80
f 80 126 687
f 688 126 78
f 688 78 175
f 175 205 688
f 205 224 688
f 689 224 76
f 76 149 689
f 149 171 689
f 690 171 74
f 74 189 690
f 189 351 690
f 351 141 691
f 141 242 691
f 692 242 6
f 6 256 692
f 256 357 692
f 357 137 693
f 137 262 693
f 694 262 72
f 72 218 694
f 218 323 694
f 323 347 695
f 695 347 339
f 339 212 696
f 212 353 696
f 353 338 697
f 698 338 329
f 698 329 192
f 192 355 698
f 355 130 699
f 130 170 699
f 170 188 700
f 188 264 700
f 701 264 71
f 71 274 701
f 618 619 701
f 201 618 617
f 616 617 703
f 165 199 702
f 142 182 703
f 703 182 704
f 704 213 705
f 705 213 73
f 705 73 225
f 291 249 706
f 614 615 705
f 250 614 613
f 706 249 75
f 707 232 77
f 77 342 707
f 240 193 708
f 612 613 707
f 190 612 611
f 708 79 81
f 709 245 134
f 134 331 709
f 210 259 710
f 610 611 709
f 206 610 609
f 608 609 711
f 710 47 49
f 711 157 360
f 360 51 712
f 333 713 712
f 125 174 715
f 174 33 715
f 306 714 713
f 715 309 125
f 605 606 714
f 297 605 604
f 203 265 716
f 715 33 31
f 265 29 716
f 267 21 717
f 603 604 716
f 155 167 603
f 722 9 55
f 19 23 292
f 223 721 720
f 292 23 253
f 718 27 13
f 719 288 138
f 720 721 719
f 718 722 717
f 721 7 11
f 185 293 722
f 293 9 722


o Object.2
v -34.550022 32.249043 4.998993
v -34.550022 32.199043 -0.001009
v -34.550022 32.299042 4.998993
v -29.550018 32.299042 4.998993
v -29.550018 44.999046 -0.001009
v -29.550018 32.499043 19.949001
v -29.550018 29.649042 26.399002
v -29.550018 19.999037 -0.001009
v -29.550018 32.249043 4.998993
v -29.550018 30.249041 25.749002
v -29.550018 30.299042 25.749002
v -29.550018 29.749041 10.648996
v -29.550018 29.649042 10.548996
v -29.550018 19.999037 39.999008
v -29.550018 33.899040 5.298994
v -29.550018 33.999043 5.348994
v -29.550018 34.049042 5.348994
v -29.550018 29.749041 30.649008
v -29.550018 29.699041 30.649008
v -29.550018 33.749043 5.198994
v -29.550018 33.799042 5.248994
v -29.550018 34.849045 5.898994
v -29.550018 34.949043 5.998994
v -29.550018 34.799042 5.898994
v -29.550018 34.799042 5.848994
v -29.550018 34.749043 5.798994
v -29.550018 29.699041 26.349003
v -29.550018 35.799046 7.398994
v -29.550018 35.799046 7.448994
v -29.550018 35.499043 6.748994
v -29.550018 35.599045 6.898994
v -29.550018 35.849045 7.598995
v -29.550018 35.899044 7.748994
v -29.550018 35.949043 7.948995
v -29.550018 35.949043 8.098994
v -29.550018 35.699043 7.048994
v -29.550018 35.749043 7.198994
v -29.550018 35.649044 7.048994
v -29.550018 35.949043 8.298995
v -29.550018 35.999043 8.498994
v -29.550018 35.949043 8.498994
v -29.550018 35.949043 8.648995
v -29.550018 35.949043 8.698995
v -29.550018 35.949043 9.048995
v -29.550018 35.899044 9.198996
v -29.550018 35.949043 8.998995
v -29.550018 34.499043 11.298996
v -29.550018 34.399044 11.398996
v -29.550018 35.099045 26.149004
v -29.550018 35.099045 26.199005
v -29.550018 29.999041 25.999002
v -29.550018 30.149040 25.899004
v -29.550018 35.299042 6.448994
v -29.550018 35.399044 6.548995
v -29.550018 35.299042 6.398994
v -29.550018 29.799042 26.249002
v -29.550018 29.849041 26.149004
v -29.550018 35.599045 10.048995
v -29.550018 30.749041 25.449003
v -29.550018 30.849043 25.349003
v -29.550018 30.899040 25.349003
v -29.550018 29.899042 26.099003
v -29.550018 35.499043 10.248996
v -29.550018 35.399044 10.398995
v -29.550018 35.649044 26.949005
v -29.550018 35.649044 27.049002
v -29.550018 44.999046 39.999008
v -29.550018 35.499043 10.198996
v -29.550018 30.549042 11.398996
v -29.550018 30.499041 11.348996
v -29.550018 35.299042 26.399002
v -29.550018 35.299042 26.449005
v -29.550018 29.649042 30.549004
v -29.550018 29.549042 30.399008
v -29.550018 29.549042 30.349007
v -29.550018 31.249041 25.199001
v -29.550018 31.399042 25.149004
v -29.550018 29.449041 30.249004
v -29.550018 29.449041 30.199007
v -29.550018 31.049042 25.299006
v -29.550018 31.199041 25.199001
v -29.550018 29.099041 29.349005
v -29.550018 29.049040 29.199007
v -29.550018 32.999043 24.999002
v -29.550018 33.049042 24.999002
v -29.550018 35.749043 9.748995
v -29.550018 35.649044 9.898996
v -29.550018 35.649044 9.998995
v -29.550018 29.949041 26.049004
v -29.550018 30.099041 25.899004
v -29.550018 30.599043 25.499002
v -29.550018 30.649040 25.499002
v -29.550018 30.699041 25.449003
v -29.550018 30.199041 25.799004
v -29.550018 30.149040 25.849003
v -29.550018 30.599043 25.549004
v -29.550018 30.549042 25.549004
v -29.550018 29.749041 26.299004
v -29.550018 29.749041 26.249002
v -29.550018 31.349043 25.149004
v -29.550018 30.999041 25.299006
v -29.550018 31.749043 25.049006
v -29.550018 31.849041 25.049006
v -29.550018 31.899042 24.999002
v -29.550018 29.549042 26.549004
v -29.550018 29.649042 26.449005
v -29.550018 31.549042 25.099003
v -29.550018 31.599041 25.099003
v -29.550018 35.499043 30.249004
v -29.550018 35.449043 30.349007
v -29.550018 35.399044 30.399008
v -29.550018 32.499043 24.999002
v -29.550018 32.649040 24.999002
v -29.550018 33.899040 31.649006
v -29.550018 33.899040 31.699007
v -29.550018 33.499043 25.149004
v -29.550018 33.549042 25.149004
v -29.550018 33.449043 25.099003
v -29.550018 33.899040 25.299006
v -29.550018 33.949043 25.299006
v -29.550018 33.999043 25.349003
v -29.550018 33.749043 25.199001
v -29.550018 34.049042 25.349003
v -29.550018 34.099045 25.349003
v -29.550018 34.249043 25.449003
v -29.550018 34.899044 25.949007
v -29.550018 34.949043 25.999002
v -29.550018 34.849045 25.899004
v -29.550018 34.399044 25.549004
v -29.550018 34.499043 25.599003
v -29.550018 34.499043 25.649004
v -29.550018 34.799042 25.899004
v -29.550018 35.499043 6.698994
v -29.550018 34.549042 25.649004
v -29.550018 34.699043 25.749002
v -29.550018 34.749043 25.849003
v -29.550018 34.799042 25.849003
v -29.550018 34.699043 5.798994
v -29.550018 34.699043 5.748994
v -29.550018 34.849045 11.048996
v -29.550018 34.799042 11.098996
v -29.550018 34.199043 11.498996
v -29.550018 34.099045 11.598996
v -29.550018 34.049042 11.598996
v -29.550018 34.749043 11.148996
v -29.550018 34.699043 11.198996
v -29.550018 35.199043 10.698997
v -29.550018 35.099045 10.798995
v -29.550018 34.949043 10.948997
v -29.550018 35.049042 10.798995
v -29.550018 35.049042 10.848996
v -29.550018 34.499043 5.648994
v -29.550018 34.549042 5.648994
v -29.550018 34.499043 5.598994
v -29.550018 34.649044 11.198996
v -29.550018 34.549042 11.298996
v -29.550018 34.349045 11.398996
v -29.550018 34.349045 11.448997
v -29.550018 33.999043 11.598996
v -29.550018 33.899040 11.648996
v -29.550018 34.249043 11.498996
v -29.550018 33.699043 11.748997
v -29.550018 33.549042 11.798997
v -29.550018 33.899040 11.698997
v -29.550018 33.749043 11.748997
v -29.550018 33.499043 11.798997
v -29.550018 33.399040 5.098994
v -29.550018 33.499043 5.148993
v -29.550018 32.699043 4.998993
v -29.550018 32.749043 4.998993
v -29.550018 33.649040 25.149004
v -29.550018 33.199043 25.049006
v -29.550018 33.399040 25.099003
v -29.550018 35.849045 7.548995
v -29.550018 35.849045 9.348995
v -29.550018 35.849045 9.398995
v -29.550018 32.849045 24.999002
v -29.550018 32.899044 24.999002
v -29.550018 32.999043 11.948997
v -29.550018 32.849045 11.948997
v -29.550018 32.799042 11.948997
v -29.550018 32.749043 11.948997
v -29.550018 32.299042 11.948997
v -29.550018 32.199043 11.948997
v -29.550018 33.599045 5.148993
v -29.550018 32.149040 11.948997
v -29.550018 32.099045 11.948997
v -29.550018 31.549042 11.848996
v -29.550018 31.449041 11.798997
v -29.550018 31.249041 11.748997
v -29.550018 31.199041 11.748997
v -29.550018 30.249041 5.748994
v -29.550018 30.299042 5.748994
v -29.550018 29.899042 6.098994
v -29.550018 29.999041 6.048994
v -29.550018 31.199041 11.698997
v -29.550018 30.699041 11.498996
v -29.550018 30.849043 25.399004
v -29.550018 31.949041 24.999002
v -29.550018 29.449041 26.699005
v -29.550018 29.999041 26.049004
v -29.550018 29.899042 26.149004
v -29.550018 32.099045 24.999002
v -29.550018 32.149040 24.999002
v -29.550018 29.449041 10.248996
v -29.550018 29.449041 10.198996
v -29.550018 29.349041 9.998995
v -29.550018 29.299042 9.898996
v -29.550018 29.199041 9.748995
v -29.550018 29.199041 9.698996
v -29.550018 28.999041 8.998995
v -29.550018 28.999041 8.848995
v -29.550018 28.999041 8.648995
v -29.550018 28.999041 8.498994
v -29.550018 28.999041 8.698995
v -29.550018 31.599041 5.098994
v -29.550018 31.699041 5.048994
v -29.550018 29.049040 9.198996
v -29.550018 31.199041 5.198994
v -29.550018 31.249041 5.198994
v -29.550018 29.099041 9.348995
v -29.550018 29.099041 9.398995
v -29.550018 30.699041 5.448994
v -29.550018 30.749041 5.448994
v -29.550018 29.149042 9.498996
v -29.550018 29.149042 9.548995
v -29.550018 29.199041 9.648995
v -29.550018 29.349041 10.048995
v -29.550018 29.399042 10.098996
v -29.550018 29.549042 10.348996
v -29.550018 29.549042 10.398995
v -29.550018 29.749041 10.698997
v -29.550018 29.749041 30.699007
v -29.550018 29.799042 10.748996
v -29.550018 29.849041 10.798995
v -29.550018 29.949041 10.898996
v -29.550018 29.999041 10.948997
v -29.550018 30.049042 10.998996
v -29.550018 30.099041 11.048996
v -29.550018 30.199041 11.148996
v -29.550018 30.149040 11.098996
v -29.550018 30.149040 11.048996
v -29.550018 30.249041 11.198996
v -29.550018 30.399040 11.298996
v -29.550018 30.449041 11.298996
v -29.550018 30.399040 25.649004
v -29.550018 30.449041 25.649004
v -29.550018 30.349041 25.699003
v -29.550018 30.749041 11.498996
v -29.550018 30.849043 11.598996
v -29.550018 30.899040 11.598996
v -29.550018 30.949041 11.598996
v -29.550018 31.149040 25.249002
v -29.550018 31.199041 25.249002
v -29.550018 30.949041 25.349003
v -29.550018 31.049042 11.648996
v -29.550018 31.399042 11.798997
v -29.550018 31.699041 11.898996
v -29.550018 31.749043 11.898996
v -29.550018 31.049042 5.298994
v -29.550018 31.149040 5.248994
v -29.550018 31.899042 11.948997
v -29.550018 31.949041 11.948997
v -29.550018 31.699041 25.049006
v -29.550018 31.649042 25.099003
v -29.550018 32.449043 11.998997
v -29.550018 33.549042 5.148993
v -29.550018 32.499043 11.998997
v -29.550018 32.849045 4.998993
v -29.550018 32.649040 11.948997
v -29.550018 35.299042 10.498996
v -29.550018 33.199043 11.898996
v -29.550018 33.399040 11.848996
v -29.550018 33.249043 11.898996
v -29.550018 33.099045 25.049006
v -29.550018 33.249043 25.049006
v -29.550018 33.799042 25.249002
v -29.550018 34.399044 5.548994
v -29.550018 35.199043 6.248994
v -29.550018 35.199043 6.298994
v -29.550018 35.199043 10.648996
v -29.550018 35.299042 10.548996
v -29.550018 35.799046 29.549004
v -29.550018 35.749043 29.749004
v -29.550018 35.799046 9.498996
v -29.550018 35.799046 9.548995
v -29.550018 35.649044 6.998993
v -29.550018 35.649044 6.948994
v -29.550018 35.399044 26.549004
v -29.550018 35.449043 26.649006
v -29.550018 35.499043 26.699005
v -29.550018 35.799046 9.598995
v -29.550018 35.249043 30.649008
v -29.550018 35.199043 30.649008
v -29.550018 35.199043 30.699007
v -29.550018 35.499043 26.749002
v -29.550018 35.549046 26.799004
v -29.550018 35.599045 26.899006
v -29.550018 35.599045 9.998995
v -29.550018 35.249043 26.349003
v -29.550018 35.199043 26.299004
v -29.550018 34.749043 25.799004
v -29.550018 35.199043 26.249002
v -29.550018 34.549042 31.299007
v -29.550018 34.499043 31.299007
v -29.550018 34.499043 31.349007
v -29.550018 34.299042 25.499002
v -29.550018 32.449043 31.999006
v -29.550018 32.399040 31.949009
v -29.550018 32.299042 31.949009
v -29.550018 32.249043 31.949009
v -29.550018 31.999043 31.949009
v -29.550018 31.949041 31.949009
v -29.550018 31.899042 31.949009
v -29.550018 32.299042 24.999002
v -29.550018 32.799042 24.999002
v -29.550018 32.049042 24.999002
v -29.550018 32.199043 24.999002
v -29.550018 32.249043 24.999002
v -29.550018 31.449041 25.149004
v -29.550018 33.749043 31.749006
v -29.550018 33.699043 31.749006
v -29.550018 33.799042 31.699007
v -29.550018 29.449041 26.749002
v -29.550018 29.299042 27.049002
v -29.550018 29.349041 26.949005
v -29.550018 29.349041 26.899006
v -29.550018 29.249041 27.099005
v -29.550018 29.199041 27.199005
v -29.550018 29.199041 27.249002
v -29.550018 29.149042 27.399006
v -29.550018 29.199041 29.749004
v -29.550018 29.199041 29.699007
v -29.550018 29.149042 27.449005
v -29.550018 29.099041 27.549002
v -29.550018 29.149042 29.549004
v -29.550018 29.149042 29.499004
v -29.550018 29.099041 27.599005
v -29.550018 29.099041 27.649006
v -29.550018 29.099041 29.449007
v -29.550018 29.099041 29.399004
v -29.550018 29.049040 27.749002
v -29.550018 28.999041 27.899006
v -29.550018 28.999041 27.949005
v -29.550018 28.999041 28.099005
v -29.550018 28.999041 28.249002
v -29.550018 28.999041 28.299006
v -29.550018 28.999041 28.499004
v -29.550018 28.999041 28.649004
v -29.550018 28.999041 28.699005
v -29.550018 28.999041 28.849005
v -29.550018 28.999041 28.999004
v -29.550018 29.299042 29.899008
v -29.550018 29.349041 29.999004
v -29.550018 29.349041 30.049004
v -29.550018 29.799042 30.699007
v -29.550018 29.849041 30.799007
v -29.550018 29.899042 30.849007
v -29.550018 29.999041 30.949007
v -29.550018 29.949041 30.899006
v -29.550018 30.099041 31.049007
v -29.550018 30.149040 31.049007
v -29.550018 30.149040 31.099007
v -29.550018 30.199041 31.149006
v -29.550018 30.249041 31.199007
v -29.550018 30.399040 31.299007
v -29.550018 30.449041 31.299007
v -29.550018 30.549042 31.399006
v -29.550018 30.649040 31.449007
v -29.550018 30.699041 31.499006
v -29.550018 30.849043 31.599007
v -29.550018 30.749041 31.499006
v -29.550018 30.899040 31.599007
v -29.550018 30.949041 31.599007
v -29.550018 31.049042 31.649006
v -29.550018 30.949041 31.649006
v -29.550018 31.149040 31.699007
v -29.550018 31.199041 31.749006
v -29.550018 31.199041 31.699007
v -29.550018 31.399042 31.799006
v -29.550018 31.449041 31.799006
v -29.550018 31.449041 31.849007
v -29.550018 31.549042 31.849007
v -29.550018 31.699041 31.899006
v -29.550018 31.649042 31.899006
v -29.550018 31.749043 31.899006
v -29.550018 32.099045 31.949009
v -29.550018 32.149040 31.949009
v -29.550018 32.199043 31.949009
v -29.550018 32.499043 31.999006
v -29.550018 32.999043 31.949009
v -29.550018 32.949043 31.949009
v -29.550018 32.849045 31.949009
v -29.550018 33.049042 31.949009
v -29.550018 33.299042 31.899006
v -29.550018 33.249043 31.899006
v -29.550018 33.199043 31.899006
v -29.550018 35.099045 30.799007
v -29.550018 34.949043 30.949007
v -29.550018 35.049042 30.799007
v -29.550018 34.999043 30.899006
v -29.550018 33.949043 31.649006
v -29.550018 33.999043 31.599007
v -29.550018 34.049042 31.599007
v -29.550018 34.399044 31.399006
v -29.550018 34.349045 31.399006
v -29.550018 34.299042 31.449007
v -29.550018 35.299042 30.499004
v -29.550018 35.299042 30.549004
v -29.550018 34.649044 31.199007
v -29.550018 34.249043 31.499006
v -29.550018 34.199043 31.499006
v -29.550018 34.799042 31.099007
v -29.550018 34.749043 31.149006
v -29.550018 34.699043 31.149006
v -29.550018 34.699043 31.199007
v -29.550018 34.899044 30.999004
v -29.550018 34.849045 31.049007
v -29.550018 34.799042 31.049007
v -29.550018 35.799046 27.349005
v -29.550018 35.799046 27.399006
v -29.550018 35.249043 30.599007
v -29.550018 35.049042 30.849007
v -29.550018 33.499043 31.799006
v -29.550018 33.449043 31.849007
v -29.550018 33.399040 31.849007
v -29.550018 35.649044 29.899008
v -29.550018 35.649044 29.999004
v -29.550018 35.599045 29.999004
v -29.550018 35.599045 30.049004
v -29.550018 35.699043 27.049002
v -29.550018 35.749043 27.199005
v -29.550018 35.549046 30.099007
v -29.550018 35.499043 30.199007
v -29.550018 35.899044 27.649006
v -29.550018 35.899044 27.749002
v -29.550018 35.849045 27.599005
v -29.550018 35.799046 29.599005
v -29.550018 35.849045 29.349005
v -29.550018 35.849045 29.399004
v -29.550018 35.799046 29.499004
v -29.550018 35.949043 29.049006
v -29.550018 35.899044 29.199007
v -29.550018 35.849045 29.449007
v -29.550018 35.949043 28.149006
v -29.550018 35.949043 28.299006
v -29.550018 35.949043 28.999004
v -29.550018 35.949043 28.849005
v -29.550018 35.999043 28.499004
v -29.550018 35.949043 28.499004
v -29.550018 35.949043 28.649004
v -29.550018 35.949043 28.699005
v -29.550018 35.949043 28.099005
v -29.550018 35.949043 27.949005
v -29.550018 35.399044 6.598994
v -29.550018 35.449043 6.648994
v -29.550018 33.549042 31.799006
v -29.550018 32.699043 31.949009
v -29.550018 32.649040 31.949009
v -29.550018 32.749043 31.949009
v -29.550018 34.249043 5.498994
v -29.550018 34.299042 5.498994
v -29.550018 34.249043 5.448994
v -29.550018 32.199043 4.998993
v -29.550018 30.149040 5.848994
v -29.550018 30.199041 5.798994
v -29.550018 28.999041 8.348995
v -29.550018 28.999041 7.948995
v -29.550018 28.999041 7.898994
v -29.550018 29.449041 6.748994
v -29.550018 29.449041 6.698994
v -29.550018 31.749043 5.048994
v -29.550018 31.549042 5.098994
v -29.550018 32.149040 4.998993
v -29.550018 31.949041 4.998993
v -29.550018 32.099045 4.998993
v -29.550018 31.899042 4.998993
v -29.550018 31.449041 5.148993
v -29.550018 31.399042 5.148993
v -29.550018 30.899040 5.348994
v -29.550018 30.949041 5.348994
v -29.550018 31.199041 5.248994
v -29.550018 30.849043 5.348994
v -29.550018 30.549042 5.548994
v -29.550018 30.599043 5.548994
v -29.550018 30.449041 5.598994
v -29.550018 30.449041 5.648994
v -29.550018 30.249041 5.798994
v -29.550018 30.399040 5.648994
v -29.550018 29.999041 5.998994
v -29.550018 30.149040 5.898994
v -29.550018 30.099041 5.898994
v -29.550018 29.849041 6.148994
v -29.550018 29.899042 6.148994
v -29.550018 29.799042 6.248994
v -29.550018 29.749041 6.248994
v -29.550018 29.749041 6.298994
v -29.550018 29.549042 6.548995
v -29.550018 29.649042 6.448994
v -29.550018 29.649042 6.398994
v -29.550018 29.549042 6.598994
v -29.550018 29.299042 7.048994
v -29.550018 29.349041 6.948994
v -29.550018 29.349041 6.848994
v -29.550018 29.349041 6.898994
v -29.550018 29.199041 7.198994
v -29.550018 29.149042 7.448994
v -29.550018 29.149042 7.398994
v -29.550018 29.049040 7.748994
v -29.550018 29.099041 7.548995
v -29.550018 29.199041 7.248994
v -29.550018 28.999041 8.248995
v -29.550018 28.999041 8.098994
v -29.550018 28.999041 8.298995
v -29.550018 35.749043 27.249002
v -29.550018 35.849045 27.549002
v -29.550018 35.449043 26.599003
v -29.550018 35.799046 27.449005
v -29.550018 35.949043 8.848995
v -29.550018 35.949043 8.148994
v -29.550018 35.749043 7.248994
v -29.550018 35.099045 6.148994
v -29.550018 32.999043 4.998993
v -29.550018 33.049042 4.998993
v -29.550018 33.249043 5.048994
v -29.550018 33.299042 5.098994
v -29.550018 33.199043 5.048994
v -29.550018 32.649040 4.998993
v -29.550018 32.499043 4.998993
v -29.550018 34.999043 26.049004
v -29.550018 32.749043 24.999002
v -29.550018 32.699043 24.999002
v -29.550018 34.099045 5.348994
v -29.550018 34.999043 6.048994
v -35.950020 35.999043 8.498994
v -35.950020 35.949043 8.498994
v -35.950020 35.949043 8.648995
v -35.950020 35.949043 8.848995
v -35.900021 35.949043 8.998995
v -35.900021 35.949043 9.048995
v -35.850021 35.849045 27.599005
v -35.850021 35.849045 27.649006
v -35.850021 35.899044 27.649006
v 26.300005 44.999046 32.199009
v 20.500002 44.999046 39.999008
v 40.500011 44.999046 32.199009
v 40.500011 44.999046 10.148995
v 50.450016 44.999046 -0.001009
v 40.500011 44.999046 6.398994
v -19.550016 44.999046 32.199009
v -14.000014 44.999046 32.199009
v 10.499995 44.999046 -0.001009
v 40.500011 44.999046 2.198992
v 50.450016 44.999046 39.999008
v 5.449997 44.999046 1.098992
v 10.499995 44.999046 2.198992
v -19.550016 44.999046 2.198992
v 0.449994 44.999046 32.199009
v 40.500011 44.999046 4.998993
v 40.500011 44.999046 13.298997
v 40.500011 44.999046 10.698997
v 0.449994 44.999046 33.049007
v 0.449994 44.999046 39.999008
v 20.500002 44.999046 33.049007
v 20.500002 44.999046 32.199009
v -19.550016 44.999046 17.198999
v 40.500011 44.999046 17.198999
v 40.500011 47.499046 32.199009
v 40.500011 47.499046 2.198992
v 0.449994 17.499035 32.199009
v 13.950003 19.999037 32.199009
v 20.500002 19.999037 32.199009
v 20.500002 45.299049 32.199009
v 20.500002 45.899048 32.199009
v 20.500002 47.499046 32.199009
v 20.500002 17.499035 32.199009
v 0.449994 46.399048 32.199009
v -19.550016 47.499046 32.199009
v 0.449994 46.249046 32.199009
v 0.449994 19.999037 32.199009
v 2.149993 19.999037 32.199009
v 0.449994 45.799049 32.199009
v 0.449994 46.149048 32.199009
v 12.950003 47.499046 30.949007
v 0.449994 47.499046 32.199009
v 10.450004 47.499046 32.199009
v -14.500014 47.499046 29.699007
v 10.499995 47.499046 32.199009
v 20.500002 19.999037 39.999008
v 20.500002 17.499035 42.199009
v 20.500002 47.499046 42.199009
v 20.500002 30.549042 39.999008
v 20.500002 29.999041 39.999008
v 20.500002 29.899042 39.999008
v 20.500002 21.149036 39.999008
v 20.500002 29.799042 39.999008
v 20.500002 29.349041 39.999008
v 20.500002 21.199036 39.999008
v 20.500002 19.999037 37.549011
v 20.500002 19.999037 33.899010
v 44.900013 23.499039 39.949009
v 44.750019 22.749037 39.949009
v 45.400013 23.499039 39.349010
v 44.800014 22.599037 39.849010
v 44.700016 22.599037 39.949009
v 44.700016 22.399036 39.949009
v 44.700016 21.799036 39.949009
v 44.700016 21.699036 39.949009
v 62.650021 36.999043 27.199005
v 62.500019 37.049046 2.198992
v 62.500019 37.049046 27.199005
v 62.500019 37.049046 52.199013
v 50.450016 19.999037 -0.001009
v 10.499995 32.499043 -0.001009
v 10.499995 19.999037 -0.001009
v 45.800014 22.599037 38.699009
v 45.650017 21.699036 38.799007
v 46.300014 21.749037 38.099010
v 46.350010 21.799036 38.099010
v 46.550018 21.449036 37.649010
v 46.900013 21.999037 37.549011
v 46.550018 21.849035 37.899010
v 47.250015 22.049040 37.249008
v 47.500011 22.149038 36.999008
v -17.050013 46.499046 29.699007
v 10.499995 46.499046 29.699007
v -17.050013 47.499046 29.699007
v 27.000006 47.499046 29.699007
v 11.749997 46.999046 29.699007
v 37.950008 46.499046 29.699007
v 37.950008 47.499046 29.699007
v 57.050022 36.099045 27.199005
v 56.950016 35.999043 2.198992
v 56.950016 35.999043 27.199005
v 56.950016 35.999043 52.199013
v 50.000019 23.349039 35.349007
v 49.350014 22.549038 35.649010
v 49.400017 22.549038 35.599007
v 49.500019 22.599037 35.549007
v 49.550014 22.599037 35.499008
v 49.600018 22.649036 35.499008
v 50.450016 22.449038 34.799007
v 49.900017 22.649036 35.299007
v 49.950016 22.649036 35.299007
v 50.450016 22.599037 34.899010
v 50.450016 35.349045 26.449005
v 50.450016 22.349037 34.799007
v 50.450016 21.899036 34.599007
v 50.450016 21.049036 34.249008
v 50.450016 21.699036 34.499008
v 50.450016 22.049040 34.649010
v 50.450016 35.499043 10.198996
v 50.450016 33.899040 5.248994
v 50.450016 33.899040 5.298994
v 50.450016 35.499043 26.749002
v 50.450016 35.599045 26.849003
v 50.450016 35.549046 26.849003
v 50.450016 35.949043 8.848995
v 50.450016 35.949043 8.648995
v 50.450016 35.799046 9.548995
v 50.450016 35.799046 9.498996
v 50.450016 35.799046 7.398994
v 50.450016 35.849045 7.548995
v 50.450016 35.799046 7.448994
v 50.450016 35.849045 9.398995
v 50.450016 35.899044 9.198996
v 50.450016 35.949043 8.998995
v 50.450016 35.799046 27.399006
v 50.450016 35.849045 27.549002
v 50.450016 35.799046 27.449005
v 50.450016 35.949043 7.948995
v 50.450016 35.949043 8.098994
v 50.450016 35.799046 29.499004
v 50.450016 35.849045 29.399004
v 50.450016 35.799046 29.549004
v 50.450016 35.699043 27.149006
v 50.450016 35.749043 27.199005
v 50.450016 35.649044 27.049002
v 50.450016 35.649044 29.899008
v 50.450016 35.599045 30.049004
v 50.450016 35.649044 29.999004
v 50.450016 35.899044 27.849005
v 50.450016 35.899044 27.799006
v 50.450016 35.949043 27.899006
v 50.450016 35.949043 28.999004
v 50.450016 35.899044 29.199007
v 50.450016 35.899044 29.149004
v 50.450016 35.399044 26.549004
v 50.450016 35.399044 26.599003
v 50.450016 35.949043 28.799006
v 50.450016 35.949043 28.649004
v 50.450016 35.949043 27.949005
v 50.450016 35.949043 28.099005
v 50.450016 35.899044 27.749002
v 50.450016 35.949043 28.299006
v 50.450016 35.999043 28.449005
v 50.450016 35.949043 28.449005
v 50.450016 35.949043 28.249002
v 50.450016 35.999043 28.499004
v 50.450016 35.649044 6.998993
v 50.450016 35.649044 7.048994
v 50.450016 35.599045 6.948994
v 50.450016 35.599045 6.898994
v 50.450016 35.749043 7.198994
v 50.450016 35.899044 7.748994
v 50.450016 35.949043 7.898994
v 50.450016 35.399044 6.598994
v 50.450016 35.499043 6.748994
v 50.450016 35.399044 6.548995
v 50.450016 35.199043 6.298994
v 50.450016 35.299042 6.398994
v 50.450016 35.099045 6.148994
v 50.450016 35.199043 6.248994
v 50.450016 32.749043 11.948997
v 50.450016 32.649040 11.948997
v 50.450016 34.949043 6.048994
v 50.450016 35.049042 6.098994
v 50.450016 34.749043 5.798994
v 50.450016 34.799042 5.898994
v 50.450016 34.699043 5.748994
v 50.450016 34.649044 5.748994
v 50.450016 34.499043 5.598994
v 50.450016 34.549042 5.648994
v 50.450016 34.499043 5.648994
v 50.450016 34.399044 5.548994
v 50.450016 34.449043 5.598994
v 50.450016 33.999043 5.348994
v 50.450016 34.049042 5.348994
v 50.450016 34.249043 5.448994
v 50.450016 33.749043 5.198994
v 50.450016 28.999041 28.649004
v 50.450016 25.099039 35.599007
v 50.450016 28.999041 28.499004
v 50.450016 32.499043 11.998997
v 50.450016 32.449043 11.998997
v 50.450016 33.549042 5.148993
v 50.450016 33.499043 5.148993
v 50.450016 33.349045 5.098994
v 50.450016 33.249043 5.048994
v 50.450016 33.199043 5.048994
v 50.450016 32.999043 4.998993
v 50.450016 32.949043 4.998993
v 50.450016 32.849045 4.998993
v 50.450016 32.749043 4.998993
v 50.450016 32.649040 4.998993
v 50.450016 29.999041 5.998994
v 50.450016 29.949041 6.048994
v 50.450016 32.499043 4.998993
v 50.450016 29.549042 10.398995
v 50.450016 29.499041 10.348996
v 50.450016 32.299042 4.998993
v 50.450016 32.199043 4.998993
v 50.450016 29.099041 7.548995
v 50.450016 29.099041 7.598995
v 50.450016 31.749043 5.048994
v 50.450016 31.699041 5.048994
v 50.450016 31.549042 5.098994
v 50.450016 31.449041 5.148993
v 50.450016 30.249041 5.748994
v 50.450016 30.199041 5.798994
v 50.450016 31.049042 5.298994
v 50.450016 30.949041 5.348994
v 50.450016 30.199041 11.148996
v 50.450016 30.149040 11.098996
v 50.450016 30.749041 5.448994
v 50.450016 30.699041 5.448994
v 50.450016 30.399040 5.648994
v 50.450016 30.149040 5.898994
v 50.450016 32.449043 4.998993
v 50.450016 29.849041 6.148994
v 50.450016 29.549042 6.598994
v 50.450016 29.499041 6.598994
v 50.450016 29.649042 6.398994
v 50.450016 29.549042 6.548995
v 50.450016 29.499041 6.648994
v 50.450016 29.449041 6.748994
v 50.450016 29.349041 6.898994
v 50.450016 29.349041 6.948994
v 50.450016 29.299042 6.998993
v 50.450016 29.299042 7.048994
v 50.450016 29.249041 7.048994
v 50.450016 29.099041 7.498994
v 50.450016 35.099045 10.798995
v 50.450016 34.999043 10.898996
v 50.450016 28.999041 8.148994
v 50.450016 28.999041 8.098994
v 50.450016 28.999041 8.498994
v 50.450016 28.999041 8.448996
v 50.450016 35.749043 29.749004
v 50.450016 35.749043 29.699007
v 50.450016 35.399044 10.348996
v 50.450016 35.199043 26.249002
v 50.450016 35.249043 26.349003
v 50.450016 35.199043 26.299004
v 50.450016 25.399038 35.699009
v 50.450016 35.549046 26.799004
v 50.450016 35.299042 26.399002
v 50.450016 34.799042 25.849003
v 50.450016 34.849045 25.899004
v 50.450016 29.049040 29.149004
v 50.450016 25.999039 35.999008
v 50.450016 29.049040 29.049006
v 50.450016 35.049042 26.099003
v 50.450016 35.099045 26.149004
v 50.450016 35.049042 26.149004
v 50.450016 34.949043 25.999002
v 50.450016 34.949043 26.049004
v 50.450016 34.899044 25.949007
v 50.450016 20.099037 33.949009
v 50.450016 19.999037 33.899010
v 50.450016 32.349045 24.999002
v 50.450016 32.449043 24.999002
v 50.450016 34.499043 25.599003
v 50.450016 34.549042 25.649004
v 50.450016 34.399044 25.549004
v 50.450016 34.499043 25.649004
v 50.450016 29.249041 29.849005
v 50.450016 26.699039 36.399010
v 50.450016 29.249041 29.899008
v 50.450016 34.349045 25.549004
v 50.450016 34.249043 25.449003
v 50.450016 34.349045 25.499002
v 50.450016 33.899040 25.299006
v 50.450016 34.049042 25.349003
v 50.450016 33.949043 25.299006
v 50.450016 29.199041 29.749004
v 50.450016 33.899040 25.249002
v 50.450016 33.649040 25.199001
v 50.450016 33.699043 25.199001
v 50.450016 29.649042 30.549004
v 50.450016 26.949039 36.549007
v 50.450016 33.749043 25.199001
v 50.450016 33.499043 25.149004
v 50.450016 33.549042 25.149004
v 50.450016 29.899042 30.799007
v 50.450016 27.899038 37.249008
v 50.450016 29.849041 30.799007
v 50.450016 33.449043 25.099003
v 50.450016 33.499043 25.099003
v 50.450016 33.599045 25.149004
v 50.450016 33.649040 25.149004
v 50.450016 29.799042 30.749004
v 50.450016 29.849041 26.149004
v 50.450016 29.949041 26.049004
v 50.450016 29.899042 26.149004
v 50.450016 29.999041 25.999002
v 50.450016 30.099041 25.899004
v 50.450016 33.399040 25.099003
v 50.450016 33.199043 25.049006
v 50.450016 33.149044 25.049006
v 50.450016 31.899042 25.049006
v 50.450016 31.949041 24.999002
v 50.450016 33.249043 25.049006
v 50.450016 33.349045 25.099003
v 50.450016 33.299042 25.099003
v 50.450016 33.099045 25.049006
v 50.450016 32.999043 24.999002
v 50.450016 31.849041 31.899006
v 50.450016 29.699041 39.049007
v 50.450016 31.799042 31.899006
v 50.450016 32.299042 31.949009
v 50.450016 32.249043 31.949009
v 50.450016 32.899044 24.999002
v 50.450016 32.449043 31.999006
v 50.450016 32.449043 31.949009
v 50.450016 32.799042 24.999002
v 50.450016 32.749043 24.999002
v 50.450016 32.649040 24.999002
v 50.450016 32.699043 24.999002
v 50.450016 31.549042 31.849007
v 50.450016 28.899042 38.149010
v 50.450016 31.449041 31.799006
v 50.450016 32.299042 24.999002
v 50.450016 32.249043 24.999002
v 50.450016 31.999043 24.999002
v 50.450016 32.049042 24.999002
v 50.450016 32.099045 24.999002
v 50.450016 30.199041 25.799004
v 50.450016 30.249041 25.749002
v 50.450016 29.899042 30.849007
v 50.450016 31.549042 25.099003
v 50.450016 31.649042 25.099003
v 50.450016 31.299042 25.199001
v 50.450016 31.249041 25.199001
v 50.450016 31.149040 25.249002
v 50.450016 31.199041 25.199001
v 50.450016 31.099043 25.249002
v 50.450016 30.549042 31.399006
v 50.450016 30.449041 31.349007
v 50.450016 30.349041 25.699003
v 50.450016 30.399040 25.649004
v 50.450016 31.749043 31.899006
v 50.450016 31.699041 31.899006
v 50.450016 29.649042 26.399002
v 50.450016 29.749041 26.249002
v 50.450016 29.049040 38.299007
v 50.450016 29.749041 26.299004
v 50.450016 29.699041 26.349003
v 50.450016 29.549042 26.549004
v 50.450016 29.449041 26.749002
v 50.450016 29.549042 26.599003
v 50.450016 23.399038 35.049007
v 50.450016 23.899038 35.199009
v 50.450016 29.299042 29.899008
v 50.450016 31.199041 31.749006
v 50.450016 31.149040 31.699007
v 50.450016 30.749041 31.499006
v 50.450016 28.449039 37.749008
v 50.450016 30.699041 31.499006
v 50.450016 31.049042 25.299006
v 50.450016 31.049042 25.249002
v 50.450016 30.899040 25.349003
v 50.450016 30.949041 25.349003
v 50.450016 31.249041 31.749006
v 50.450016 31.099043 31.699007
v 50.450016 31.399042 31.799006
v 50.450016 31.299042 31.749006
v 50.450016 32.699043 31.949009
v 50.450016 30.449041 39.949009
v 50.450016 32.649040 31.949009
v 50.450016 32.049042 31.949009
v 50.450016 31.999043 31.949009
v 50.450016 22.749037 34.949009
v 50.450016 34.349045 31.399006
v 50.450016 34.349045 31.449007
v 50.450016 34.249043 31.499006
v 50.450016 34.649044 25.749002
v 50.450016 34.699043 25.749002
v 50.450016 34.599045 25.699003
v 50.450016 34.849045 31.049007
v 50.450016 34.799042 31.099007
v 50.450016 30.899040 31.599007
v 50.450016 30.799040 31.549007
v 50.450016 35.399044 30.399008
v 50.450016 35.299042 30.499004
v 50.450016 31.049042 31.699007
v 50.450016 31.049042 31.649006
v 50.450016 28.999041 38.249008
v 50.450016 31.599041 31.849007
v 50.450016 28.949041 38.149010
v 50.450016 31.649042 31.849007
v 50.450016 32.499043 31.999006
v 50.450016 31.949041 31.949009
v 50.450016 32.099045 31.949009
v 50.450016 32.349045 31.949009
v 50.450016 35.949043 8.298995
v 50.450016 32.199043 24.999002
v 50.450016 32.199043 31.949009
v 50.450016 31.749043 25.049006
v 50.450016 31.799042 25.049006
v 50.450016 31.699041 25.049006
v 50.450016 30.649040 31.449007
v 50.450016 30.949041 31.599007
v 50.450016 30.699041 25.449003
v 50.450016 30.749041 25.449003
v 50.450016 30.599043 31.449007
v 50.450016 27.949039 37.249008
v 50.450016 30.599043 31.399006
v 50.450016 29.949041 30.899006
v 50.450016 30.449041 31.299007
v 50.450016 30.399040 31.299007
v 50.450016 30.299042 31.249004
v 50.450016 30.299042 31.199007
v 50.450016 30.249041 31.199007
v 50.450016 30.249041 31.149006
v 50.450016 30.199041 31.149006
v 50.450016 30.149040 31.099007
v 50.450016 30.149040 25.849003
v 50.450016 24.199038 35.249008
v 50.450016 24.049038 35.199009
v 50.450016 30.099041 31.049007
v 50.450016 29.999041 30.949007
v 50.450016 29.799042 30.699007
v 50.450016 29.749041 30.699007
v 50.450016 29.749041 30.649008
v 50.450016 29.699041 30.599007
v 50.450016 29.649042 30.499004
v 50.450016 29.549042 30.399008
v 50.450016 29.449041 30.249004
v 50.450016 29.399042 30.199007
v 50.450016 29.399042 30.149008
v 50.450016 29.349041 30.099007
v 50.450016 29.349041 30.049004
v 50.450016 29.349041 29.999004
v 50.450016 29.149042 29.599005
v 50.450016 29.149042 29.549004
v 50.450016 29.149042 29.499004
v 50.450016 29.049040 29.199007
v 50.450016 29.099041 29.399004
v 50.450016 29.099041 29.299004
v 50.450016 28.999041 29.049006
v 50.450016 28.999041 28.999004
v 50.450016 28.999041 28.849005
v 50.450016 28.999041 28.799006
v 50.450016 28.999041 28.149006
v 50.450016 24.649038 35.399006
v 50.450016 28.999041 28.099005
v 50.450016 33.849045 31.699007
v 50.450016 33.799042 31.699007
v 50.450016 35.299042 30.549004
v 50.450016 35.199043 30.649008
v 50.450016 35.199043 30.699007
v 50.450016 35.149044 30.699007
v 50.450016 34.749043 31.099007
v 50.450016 35.099045 30.749004
v 50.450016 35.099045 30.799007
v 50.450016 35.049042 30.799007
v 50.450016 35.049042 30.849007
v 50.450016 34.999043 30.899006
v 50.450016 34.949043 30.949007
v 50.450016 35.149044 26.199005
v 50.450016 34.749043 31.149006
v 50.450016 34.699043 31.149006
v 50.450016 34.699043 31.199007
v 50.450016 34.199043 31.499006
v 50.450016 34.149040 31.549007
v 50.450016 34.599045 31.249004
v 50.450016 34.549042 31.299007
v 50.450016 34.499043 31.299007
v 50.450016 34.499043 31.349007
v 50.450016 34.449043 31.349007
v 50.450016 34.399044 31.399006
v 50.450016 34.199043 25.449003
v 50.450016 34.099045 31.599007
v 50.450016 34.049042 31.599007
v 50.450016 33.899040 31.649006
v 50.450016 33.999043 31.599007
v 50.450016 33.749043 31.749006
v 50.450016 33.649040 31.749006
v 50.450016 33.649040 31.799006
v 50.450016 33.599045 31.799006
v 50.450016 33.549042 31.799006
v 50.450016 33.499043 31.799006
v 50.450016 33.399040 31.849007
v 50.450016 33.349045 31.849007
v 50.450016 32.799042 31.949009
v 50.450016 32.749043 31.949009
v 50.450016 33.299042 31.849007
v 50.450016 33.249043 31.899006
v 50.450016 33.199043 31.899006
v 50.450016 33.149044 31.899006
v 50.450016 33.099045 31.899006
v 50.450016 33.049042 31.899006
v 50.450016 33.049042 31.949009
v 50.450016 32.999043 31.949009
v 50.450016 32.849045 31.949009
v 50.450016 32.849045 24.999002
v 50.450016 32.499043 24.999002
v 50.450016 32.599045 24.999002
v 50.450016 29.899042 39.249008
v 50.450016 35.699043 29.899008
v 50.450016 35.949043 28.849005
v 50.450016 35.999043 8.448996
v 50.450016 35.999043 8.498994
v 50.450016 23.049038 34.999008
v 50.450016 35.599045 26.949005
v 50.450016 35.599045 26.899006
v 50.450016 35.599045 30.099007
v 50.450016 35.499043 30.249004
v 50.450016 35.399044 30.349007
v 50.450016 22.799038 34.999008
v 50.450016 29.249041 27.049002
v 50.450016 29.249041 27.149006
v 50.450016 29.799042 26.199005
v 50.450016 30.449041 25.649004
v 50.450016 30.549042 25.549004
v 50.450016 30.449041 25.599003
v 50.450016 30.649040 25.499002
v 50.450016 30.299042 25.749002
v 50.450016 30.749041 25.399004
v 50.450016 30.799040 25.399004
v 50.450016 31.399042 25.149004
v 50.450016 31.449041 25.149004
v 50.450016 33.999043 25.349003
v 50.450016 33.849045 25.249002
v 50.450016 34.149040 25.399004
v 50.450016 34.099045 25.399004
v 50.450016 34.749043 25.849003
v 50.450016 34.749043 25.799004
v 50.450016 35.599045 10.098996
v 50.450016 35.599045 10.048995
v 50.450016 35.649044 9.948996
v 50.450016 35.599045 9.998995
v 50.450016 35.649044 9.998995
v 50.450016 35.149044 10.698997
v 50.450016 31.949041 4.998993
v 50.450016 29.749041 6.298994
v 50.450016 29.149042 7.448994
v 50.450016 31.199041 5.198994
v 50.450016 31.199041 5.248994
v 50.450016 35.399044 10.398995
v 50.450016 35.299042 10.548996
v 50.450016 35.249043 10.598996
v 50.450016 35.199043 10.648996
v 50.450016 35.199043 10.698997
v 50.450016 34.949043 10.948997
v 50.450016 34.799042 11.098996
v 50.450016 34.749043 11.148996
v 50.450016 34.699043 11.148996
v 50.450016 34.699043 11.198996
v 50.450016 34.549042 11.298996
v 50.450016 34.499043 11.298996
v 50.450016 34.499043 11.348996
v 50.450016 34.449043 11.348996
v 50.450016 34.949043 5.998994
v 50.450016 34.399044 11.398996
v 50.450016 34.249043 11.498996
v 50.450016 34.199043 11.498996
v 50.450016 34.099045 11.598996
v 50.450016 34.049042 11.598996
v 50.450016 33.999043 11.598996
v 50.450016 33.949043 11.648996
v 50.450016 33.899040 11.648996
v 50.450016 33.799042 11.698997
v 50.450016 33.749043 11.748997
v 50.450016 33.399040 5.098994
v 50.450016 33.699043 11.748997
v 50.450016 33.549042 11.798997
v 50.450016 33.499043 11.798997
v 50.450016 33.449043 11.848996
v 50.450016 33.399040 11.848996
v 50.450016 33.349045 11.848996
v 50.450016 33.249043 11.898996
v 50.450016 33.199043 11.898996
v 50.450016 33.049042 11.948997
v 50.450016 32.999043 11.948997
v 50.450016 32.949043 11.948997
v 50.450016 32.849045 11.948997
v 50.450016 32.549042 11.948997
v 50.450016 32.449043 11.948997
v 50.450016 32.399040 11.948997
v 50.450016 32.299042 11.948997
v 50.450016 32.199043 11.948997
v 50.450016 32.149040 11.948997
v 50.450016 32.099045 11.948997
v 50.450016 31.949041 11.948997
v 50.450016 31.899042 11.948997
v 50.450016 31.749043 11.898996
v 50.450016 31.699041 11.898996
v 50.450016 31.599041 11.848996
v 50.450016 31.549042 11.848996
v 50.450016 31.499041 11.848996
v 50.450016 31.449041 11.798997
v 50.450016 31.399042 5.148993
v 50.450016 31.399042 11.798997
v 50.450016 31.349043 11.798997
v 50.450016 31.249041 11.748997
v 50.450016 31.199041 11.748997
v 50.450016 31.149040 11.698997
v 50.450016 31.049042 11.698997
v 50.450016 31.049042 11.648996
v 50.450016 30.949041 11.598996
v 50.450016 30.899040 11.598996
v 50.450016 30.999041 11.648996
v 50.450016 30.899040 5.348994
v 50.450016 30.849043 11.598996
v 50.450016 30.749041 11.498996
v 50.450016 30.699041 11.498996
v 50.450016 30.649040 11.448997
v 50.450016 30.599043 11.398996
v 50.450016 30.549042 11.398996
v 50.450016 30.499041 11.348996
v 50.450016 30.449041 11.348996
v 50.450016 30.449041 11.298996
v 50.450016 30.399040 11.298996
v 50.450016 30.299042 11.198996
v 50.450016 30.249041 11.198996
v 50.450016 29.999041 10.948997
v 50.450016 29.949041 10.898996
v 50.450016 29.899042 10.848996
v 50.450016 29.899042 10.798995
v 50.450016 29.849041 10.798995
v 50.450016 29.749041 10.698997
v 50.450016 29.749041 10.648996
v 50.450016 29.649042 10.548996
v 50.450016 29.649042 10.498996
v 50.450016 29.549042 10.448996
v 50.450016 29.499041 10.298996
v 50.450016 29.449041 10.248996
v 50.450016 29.449041 10.198996
v 50.450016 29.349041 10.098996
v 50.450016 29.349041 10.048995
v 50.450016 29.349041 9.998995
v 50.450016 29.299042 9.998995
v 50.450016 29.299042 9.948996
v 50.450016 29.299042 9.898996
v 50.450016 29.249041 9.898996
v 50.450016 29.199041 9.748995
v 50.450016 29.149042 9.548995
v 50.450016 29.149042 9.498996
v 50.450016 29.099041 9.448996
v 50.450016 29.099041 9.398995
v 50.450016 29.049040 9.198996
v 50.450016 28.999041 9.048995
v 50.450016 29.049040 7.748994
v 50.450016 28.999041 7.948995
v 50.450016 28.999041 8.998995
v 50.450016 28.999041 8.848995
v 50.450016 28.999041 8.648995
v 50.450016 28.999041 8.298995
v 50.450016 29.149042 7.398994
v 50.450016 29.199041 7.198994
v 50.450016 29.299042 6.948994
v 50.450016 29.349041 6.848994
v 50.450016 29.749041 6.248994
v 50.450016 30.449041 5.648994
v 50.450016 30.449041 5.598994
v 50.450016 30.549042 5.548994
v 50.450016 30.649040 5.498994
v 50.450016 30.699041 5.498994
v 50.450016 31.049042 5.248994
v 50.450016 32.099045 4.998993
v 50.450016 33.749043 5.248994
v 50.450016 33.699043 5.198994
v 50.450016 34.199043 5.448994
v 50.450016 34.349045 5.548994
v 50.450016 35.049042 6.148994
v 50.450016 35.599045 6.848994
v 50.450016 35.949043 8.448996
v 50.450016 35.749043 9.698996
v 50.450016 35.649044 9.898996
v 50.450016 35.749043 9.748995
v 50.450016 35.699043 9.898996
v 50.450016 29.849041 39.199009
v 50.400017 29.849041 39.199009
v 50.450016 34.649044 25.699003
v 50.450016 34.699043 25.799004
v 50.450016 35.149044 26.249002
v 50.450016 29.399042 26.849003
v 50.450016 29.349041 26.849003
v 50.450016 29.199041 27.199005
v 50.450016 29.199041 27.299002
v 50.450016 29.149042 27.399006
v 50.450016 29.149042 27.449005
v 50.450016 29.099041 27.549002
v 50.450016 29.099041 27.599005
v 50.450016 24.699038 35.449009
v 50.450016 28.999041 28.449005
v 50.450016 28.999041 28.299006
v 50.450016 28.999041 27.949005
v 50.450016 29.049040 27.849005
v 50.450016 29.049040 27.749002
v 50.450016 22.799038 34.949009
v 50.450016 29.099041 27.649006
v 50.450016 29.299042 27.049002
v 50.450016 29.349041 26.949005
v 50.450016 29.349041 26.899006
v 50.450016 29.399042 26.749002
v 50.450016 30.149040 25.899004
v 50.450016 31.849041 25.049006
v 49.850014 21.149036 34.699009
v 56.900021 35.999043 28.449005
v 56.900021 35.999043 28.499004
v 56.900021 35.999043 8.448996
v 56.900021 35.999043 8.498994
v 56.750019 35.799046 2.198992
v 56.850025 35.899044 27.849005
v 56.900021 35.949043 8.648995
v 56.900021 35.949043 8.848995
v 56.850025 35.949043 8.998995
v 56.850025 35.899044 9.198996
v 56.850025 35.899044 27.749002
v 56.800014 35.849045 27.549002
v 58.750015 27.799040 34.249008
v 58.750015 27.799040 34.199009
v 58.350029 27.749039 34.249008
v 56.750019 35.799046 27.449005
v 56.750019 35.799046 7.448994
v 56.800014 35.849045 7.548995
v 56.800014 35.849045 9.398995
v 56.750019 35.799046 9.498996
v 56.750019 35.799046 29.499004
v 56.750019 35.799046 29.549004
v 56.800014 35.849045 29.399004
v 56.750019 35.799046 9.548995
v 56.750019 35.799046 27.399006
v -35.800022 35.799046 27.349005
v -35.800022 35.799046 27.399006
v 56.700027 35.749043 9.698996
v 56.700027 35.749043 9.748995
v 56.700027 35.749043 27.199005
v 56.650017 35.699043 9.898996
v 56.650017 35.699043 27.149006
v 56.650017 35.649044 27.049002
v 56.900021 35.949043 28.649004
v 56.750019 35.799046 52.199013
v 57.150017 36.199043 2.198992
v 65.250031 33.999043 2.198992
v 56.300014 35.199043 2.198992
v 65.400032 33.249043 2.198992
v 65.450020 32.999043 2.198992
v 56.600021 35.599045 2.198992
v 65.300026 33.749043 2.198992
v 65.050034 34.499043 2.198992
v 65.150024 34.249043 2.198992
v 65.350029 33.499043 2.198992
v 65.500015 32.499043 2.198992
v 65.450020 32.199043 2.198992
v 55.900021 34.499043 2.198992
v 56.450016 35.399044 2.198992
v 56.150017 34.999043 2.198992
v 65.450020 32.749043 2.198992
v 56.000015 34.749043 2.198992
v 65.300026 31.199041 2.198992
v 65.250031 30.949041 2.198992
v 55.550026 33.249043 2.198992
v 65.450020 31.949041 2.198992
v 65.400032 31.699041 2.198992
v 55.700027 33.999043 2.198992
v 55.800014 34.249043 2.198992
v 55.650017 33.749043 2.198992
v 65.350029 31.449041 2.198992
v 55.450020 32.499043 2.198992
v 55.500015 32.749043 2.198992
v 65.050034 30.449041 2.198992
v 55.600021 33.499043 2.198992
v 55.500015 32.999043 2.198992
v 63.600021 28.599041 2.198992
v 56.000015 30.199041 2.198992
v 55.900021 30.449041 2.198992
v 63.800022 28.749041 2.198992
v 55.800014 30.699041 2.198992
v 63.400024 28.449039 2.198992
v 56.150017 29.999041 2.198992
v 63.200024 28.299040 2.198992
v 62.950027 28.149040 2.198992
v 56.450016 29.549042 2.198992
v 56.300014 29.749041 2.198992
v 62.750027 27.999039 2.198992
v 56.600021 29.349041 2.198992
v 62.500019 27.899038 2.198992
v 56.750019 29.149042 2.198992
v 62.250019 27.799040 2.198992
v 56.950016 28.949041 2.198992
v 61.750015 27.649038 2.198992
v 61.500019 27.599039 2.198992
v 57.350029 28.599041 2.198992
v 60.750015 37.449043 2.198992
v 62.250019 37.149044 2.198992
v 59.450024 37.349045 2.198992
v 63.400024 36.499046 2.198992
v 63.600021 36.349045 2.198992
v 59.950016 37.449043 2.198992
v 60.200024 37.449043 2.198992
v 62.950027 36.799042 2.198992
v 63.200024 36.649044 2.198992
v 58.700020 37.149044 2.198992
v 64.000023 35.999043 2.198992
v 64.200020 35.799046 2.198992
v 59.700020 37.399044 2.198992
v 58.200027 36.949043 2.198992
v 64.350029 35.599045 2.198992
v 64.500015 35.399044 2.198992
v 58.950016 37.249043 2.198992
v 57.550018 36.499046 2.198992
v 64.800026 34.999043 2.198992
v 64.950027 34.749043 2.198992
v 58.450024 37.049046 2.198992
v 57.750015 36.649044 2.198992
v 57.350029 36.349045 2.198992
v 65.150024 30.699041 2.198992
v 61.250023 27.549040 2.198992
v 57.750015 28.299040 2.198992
v 57.550018 28.449039 2.198992
v 60.750015 27.499039 2.198992
v 58.200027 27.999039 2.198992
v 58.000027 28.149040 2.198992
v 62.000023 27.699039 2.198992
v 57.150017 28.749041 2.198992
v 61.000023 27.499039 2.198992
v 60.200024 27.499039 2.198992
v 59.950016 27.499039 2.198992
v 58.700020 27.799040 2.198992
v 58.950016 27.699039 2.198992
v 59.200024 27.649038 2.198992
v 59.450024 27.599039 2.198992
v 58.450024 27.899038 2.198992
v 60.450035 27.499039 2.198992
v 59.700020 27.549040 2.198992
v 64.000023 28.949041 2.198992
v 55.700027 30.949041 2.198992
v 64.200020 29.149042 2.198992
v 55.650017 31.199041 2.198992
v 64.350029 29.349041 2.198992
v 55.600021 31.449041 2.198992
v 64.500015 29.549042 2.198992
v 55.550026 31.699041 2.198992
v 64.950027 30.199041 2.198992
v 55.500015 32.199043 2.198992
v 64.800026 29.999041 2.198992
v 55.500015 31.949041 2.198992
v 64.650017 29.749041 2.198992
v 61.000023 37.449043 2.198992
v 61.250023 37.399044 2.198992
v 61.500019 37.349045 2.198992
v 62.000023 37.249043 2.198992
v 61.750015 37.299046 2.198992
v 58.000027 36.799042 2.198992
v 64.650017 35.199043 2.198992
v 59.200024 37.299046 2.198992
v 63.800022 36.199043 2.198992
v 60.450035 37.499043 2.198992
v 62.750027 36.949043 2.198992
v 65.150024 34.249043 43.899014
v 65.250031 33.999043 43.349014
v 65.250031 33.999043 43.249012
v 65.250031 33.999043 43.199009
v 65.750023 33.949043 43.449009
v 65.300026 33.749043 42.749008
v 56.750019 35.799046 7.398994
v 56.700027 35.749043 7.198994
v 56.600021 35.599045 29.999004
v 56.600021 35.599045 30.049004
v 56.650017 35.649044 29.899008
v 56.650017 35.649044 7.048994
v 56.600021 35.649044 6.998993
v 56.600021 35.599045 6.948994
v 56.550022 35.599045 6.898994
v 56.450016 35.399044 6.548995
v 56.450016 35.399044 6.598994
v 56.500015 35.499043 6.748994
v 56.350025 35.299042 6.398994
v 56.300014 35.199043 6.248994
v 56.300014 35.199043 6.298994
v -35.350021 35.199043 6.248994
v -35.350021 35.199043 6.298994
v 56.250019 35.199043 6.248994
v 56.200027 35.099045 6.148994
v 56.200027 35.049042 6.148994
v 56.150017 34.999043 6.048994
v 56.150017 34.949043 5.998994
v 56.000015 34.749043 5.798994
v 56.000015 34.749043 31.149006
v 56.000015 34.749043 45.449013
v 56.050022 34.749043 31.099007
v 56.000015 34.699043 11.148996
v 56.000015 34.699043 25.749002
v 56.000015 34.749043 11.148996
v 56.000015 34.749043 25.799004
v 56.000015 34.699043 25.799004
v 56.000015 34.699043 31.199007
v 56.050022 34.799042 5.898994
v 56.000015 34.649044 5.748994
v 56.000015 34.699043 5.748994
v 55.900021 34.549042 5.648994
v 55.850025 34.399044 5.548994
v 55.900021 34.499043 5.598994
v 55.900021 34.499043 5.648994
v 55.900021 34.499043 11.348996
v 55.900021 34.499043 25.599003
v 55.900021 34.549042 11.298996
v 55.800014 34.249043 5.448994
v 55.800014 34.199043 5.448994
v 55.750019 34.049042 5.348994
v 55.700027 33.999043 5.348994
v 55.750019 34.049042 25.349003
v 55.750019 34.049042 11.598996
v 55.700027 33.999043 11.598996
v 55.700027 33.899040 5.298994
v 55.650017 33.749043 5.198994
v 55.650017 33.749043 5.248994
v 55.600021 33.499043 5.148993
v 55.600021 33.499043 31.799006
v 55.600021 33.499043 42.149014
v 55.600021 33.549042 31.799006
v 55.600021 33.549042 5.148993
v 55.650017 33.699043 5.198994
v 55.550026 33.399040 5.098994
v 55.550026 33.249043 5.048994
v 55.550026 33.199043 5.048994
v 55.500015 32.999043 4.998993
v 55.500015 32.849045 4.998993
v 55.500015 32.749043 4.998993
v 55.500015 32.749043 24.999002
v 55.500015 32.749043 11.948997
v 55.500015 32.699043 11.948997
v 55.500015 32.649040 4.998993
v 55.450020 32.499043 4.998993
v 55.500015 32.449043 4.998993
v 55.450020 32.449043 4.998993
v 55.450020 32.499043 11.998997
v 55.450020 32.449043 11.998997
v 55.450020 32.449043 24.999002
v 55.450020 32.499043 24.999002
v 55.500015 32.299042 4.998993
v 55.500015 32.199043 4.998993
v 55.500015 32.099045 4.998993
v 55.500015 31.949041 4.998993
v 55.550026 31.749043 5.048994
v 55.550026 31.699041 5.048994
v 55.550026 31.549042 5.098994
v 55.600021 31.449041 5.148993
v 55.600021 31.399042 5.148993
v 55.650017 31.199041 5.198994
v 55.650017 31.199041 5.248994
v 55.700027 31.049042 5.298994
v 55.700027 30.949041 5.348994
v 55.750019 30.899040 5.348994
v 55.700027 30.899040 5.348994
v 55.800014 30.749041 5.448994
v 55.800014 30.699041 5.448994
v 55.800014 30.699041 5.498994
v 55.850025 30.549042 5.548994
v 55.900021 30.449041 5.598994
v 55.900021 30.449041 5.648994
v 55.900021 30.399040 5.648994
v 56.000015 30.249041 5.748994
v 56.000015 30.199041 5.798994
v 56.050022 30.149040 5.898994
v 56.150017 29.999041 5.998994
v 56.150017 29.999041 6.048994
v 56.150017 29.949041 6.048994
v 56.150017 29.999041 26.049004
v 56.150017 29.999041 25.999002
v 56.150017 29.949041 10.898996
v 56.200027 29.849041 6.148994
v 56.300014 29.749041 6.298994
v 56.300014 29.749041 6.248994
v -35.250023 29.849041 6.148994
v -35.250023 29.899042 6.148994
v 56.350025 29.649042 6.398994
v 56.400021 29.549042 6.548995
v 56.450016 29.549042 6.548995
v 56.450016 29.549042 6.598994
v 56.450016 29.499041 6.598994
v 56.500015 29.449041 6.748994
v 56.550022 29.349041 6.898994
v -35.600021 29.349041 6.898994
v -35.600021 29.349041 6.848994
v 56.600021 29.349041 6.948994
v 56.600021 29.299042 6.948994
v 56.600021 29.299042 6.998993
v 56.650017 29.299042 7.048994
v 56.700027 29.199041 7.198994
v 56.750019 29.149042 7.398994
v 56.750019 29.099041 7.498994
v 56.750019 29.149042 7.448994
v 56.750019 29.149042 27.449005
v 56.750019 29.149042 27.399006
v 56.750019 29.099041 9.448996
v 56.800014 29.099041 7.548995
v 56.850025 29.049040 7.748994
v 56.850025 28.999041 7.948995
v 56.900021 28.999041 8.098994
v 56.900021 28.999041 8.298995
v 56.900021 28.999041 8.448996
v 56.900021 28.999041 8.498994
v 56.850025 29.049040 27.849005
v 56.900021 28.999041 8.648995
v 56.450016 35.399044 26.599003
v 56.500015 35.499043 26.749002
v 56.450016 35.399044 26.549004
v 56.500015 35.499043 10.248996
v 56.450016 35.399044 10.398995
v 56.550022 35.599045 10.048995
v 56.550022 35.599045 26.899006
v 56.600021 35.599045 10.048995
v 56.600021 35.599045 26.899006
v 56.600021 35.649044 9.948996
v 56.600021 35.599045 26.949005
v 56.600021 35.599045 9.998995
v 56.550022 35.599045 10.098996
v 56.400021 35.399044 26.549004
v 56.350025 35.299042 10.548996
v 56.350025 35.299042 26.399002
v 56.300014 35.249043 10.648996
v 56.300014 35.199043 26.299004
v 56.300014 35.199043 10.648996
v 56.300014 35.199043 10.698997
v 56.300014 35.199043 26.249002
v 56.250019 35.149044 26.249002
v 56.250019 35.149044 26.199005
v 56.250019 35.199043 10.698997
v 56.250019 35.149044 10.698997
v 56.200027 35.099045 26.149004
v 56.200027 35.099045 10.798995
v 56.200027 35.049042 26.149004
v -35.100021 34.799042 25.849003
v -35.100021 34.799042 25.899004
v 56.150017 34.999043 26.049004
v 56.150017 34.949043 25.999002
v 56.150017 34.949043 10.948997
v 56.100021 34.899044 25.949007
v -35.200024 34.949043 25.999002
v 56.050022 34.799042 25.849003
v 56.050022 34.749043 25.849003
v 56.000015 34.649044 25.749002
v 55.950016 34.649044 25.699003
v 56.000015 34.699043 11.198996
v 55.950016 34.599045 25.699003
v 55.900021 34.549042 25.649004
v 55.900021 34.499043 25.649004
v 55.900021 34.499043 11.298996
v 55.850025 34.399044 25.549004
v 55.900021 34.449043 11.348996
v 55.850025 34.399044 11.398996
v 55.800014 34.249043 11.498996
v 55.800014 34.249043 25.449003
v 55.800014 34.199043 25.449003
v 55.750019 34.149040 25.399004
v 55.800014 34.199043 11.498996
v 55.700027 33.899040 25.299006
v 55.700027 33.949043 11.648996
v 55.700027 33.899040 25.249002
v 55.700027 33.999043 25.349003
v 55.700027 33.899040 11.648996
v 55.650017 33.749043 11.748997
v 55.650017 33.749043 25.199001
v 55.650017 33.749043 25.249002
v 55.650017 33.699043 25.199001
v 55.600021 33.649040 25.199001
v 55.600021 33.599045 25.149004
v 55.600021 33.549042 25.149004
v 55.600021 33.549042 11.798997
v 55.600021 33.499043 11.798997
v 55.600021 33.499043 25.149004
v 55.550026 33.399040 25.099003
v 55.550026 33.449043 11.848996
v 55.550026 33.349045 25.099003
v 55.550026 33.249043 25.049006
v 55.550026 33.199043 25.049006
v 55.550026 33.199043 11.898996
v 55.500015 33.099045 25.049006
v 55.500015 33.149044 25.049006
v 55.500015 32.999043 24.999002
v 55.500015 32.899044 24.999002
v 55.500015 32.949043 11.948997
v 55.500015 32.849045 24.999002
v 55.500015 32.699043 24.999002
v 55.500015 32.649040 11.948997
v 55.500015 32.649040 24.999002
v 55.500015 32.599045 24.999002
v 55.500015 32.549042 11.948997
v -34.550022 32.449043 11.998997
v -34.500023 32.499043 11.998997
v 55.500015 32.449043 24.999002
v 55.500015 32.349045 24.999002
v 55.500015 32.399040 11.948997
v 55.500015 32.299042 24.999002
v 55.500015 32.299042 11.948997
v 55.500015 32.649040 31.949009
v 55.500015 32.699043 40.449009
v 55.500015 32.699043 31.949009
v 55.500015 32.299042 31.949009
v 55.500015 32.249043 31.949009
v 55.500015 32.249043 39.699009
v 55.500015 32.199043 11.948997
v 55.500015 32.199043 24.999002
v 55.500015 32.149040 11.948997
v 55.500015 32.099045 24.999002
v 55.500015 32.049042 24.999002
v 55.500015 31.949041 24.999002
v 55.500015 31.949041 11.948997
v 55.500015 31.899042 25.049006
v 55.500015 31.849041 25.049006
v 55.550026 31.749043 25.049006
v 55.550026 31.699041 25.049006
v 55.550026 31.699041 11.898996
v 55.550026 31.649042 25.099003
v 55.550026 31.599041 11.848996
v 55.550026 31.549042 25.099003
v 55.550026 31.549042 11.848996
v 55.600021 31.449041 25.149004
v 55.550026 31.499041 11.848996
v 55.600021 31.449041 11.798997
v 55.600021 31.399042 11.798997
v 55.600021 31.399042 25.149004
v 55.600021 31.299042 25.149004
v 55.600021 31.299042 25.199001
v 55.600021 31.249041 25.199001
v 55.650017 31.199041 25.199001
v 55.650017 31.249041 11.748997
v 55.650017 31.199041 11.748997
v 55.650017 31.149040 25.249002
v 55.700027 31.049042 25.299006
v 55.650017 31.199041 25.249002
v 55.650017 31.149040 11.698997
v 55.700027 31.049042 11.698997
v 55.700027 30.949041 25.349003
v 55.700027 30.999041 11.648996
v 55.700027 30.949041 11.598996
v 55.750019 30.899040 11.598996
v 55.750019 30.899040 25.349003
v 55.800014 30.749041 25.399004
v 55.800014 30.749041 25.449003
v 55.800014 30.749041 11.498996
v 55.800014 30.699041 25.449003
v 55.750019 30.849043 11.598996
v 55.750019 30.799040 25.399004
v 55.850025 30.649040 25.499002
v 55.850025 30.549042 25.549004
v 55.800014 30.649040 25.499002
v 55.800014 30.699041 11.498996
v 55.800014 30.649040 11.448997
v 55.850025 30.599043 11.398996
v 55.850025 30.549042 11.398996
v 55.900021 30.499041 11.348996
v 55.900021 30.449041 25.599003
v 55.900021 30.449041 25.649004
v 55.900021 30.399040 25.649004
v -34.950024 30.399040 25.649004
v 55.900021 30.399040 11.298996
v 55.950016 30.399040 11.298996
v 55.950016 30.349041 25.699003
v 56.000015 30.299042 25.749002
v 56.000015 30.249041 25.749002
v -35.350021 29.749041 26.299004
v -35.350021 29.749041 26.249002
v 56.000015 30.299042 11.198996
v 56.000015 30.249041 11.198996
v 56.000015 30.299042 36.899010
v 56.000015 30.299042 31.199007
v 56.000015 30.249041 31.199007
v 56.000015 30.199041 11.148996
v 56.000015 30.199041 25.799004
v 56.050022 30.199041 11.098996
v 56.050022 30.149040 25.849003
v 56.050022 30.149040 11.098996
v 56.050022 30.149040 25.899004
v -35.250023 29.849041 26.149004
v -35.250023 29.899042 26.149004
v -35.100021 30.149040 25.899004
v -35.100021 30.149040 25.849003
v 56.100021 30.099041 25.899004
v 56.100021 29.999041 10.948997
v 56.150017 29.999041 10.948997
v 56.150017 29.999041 10.898996
v 56.150017 29.999041 30.899006
v 56.150017 29.949041 30.899006
v 56.150017 29.999041 30.949007
v 56.150017 29.949041 26.049004
v 56.200027 29.849041 26.149004
v 56.250019 29.799042 26.199005
v 56.200027 29.899042 10.848996
v 56.200027 29.899042 10.798995
v 56.200027 29.849041 10.798995
v -35.100021 30.149040 11.048996
v -35.100021 30.149040 11.098996
v 56.300014 29.749041 10.698997
v 56.300014 29.749041 26.249002
v 56.300014 29.749041 10.648996
v 56.300014 29.699041 26.349003
v 56.300014 29.749041 26.299004
v 56.350025 29.649042 26.399002
v 56.350025 29.649042 10.548996
v 56.400021 29.549042 10.448996
v 56.400021 29.549042 26.549004
v 56.450016 29.549042 10.398995
v 56.450016 29.549042 26.549004
v 56.450016 29.499041 10.298996
v 56.450016 29.549042 26.599003
v 56.500015 29.449041 26.749002
v 56.500015 29.399042 26.749002
v 56.550022 29.399042 26.849003
v 56.500015 29.449041 10.248996
v 56.550022 29.349041 10.048995
v 56.550022 29.349041 26.899006
v 56.600021 29.349041 26.949005
v 56.650017 29.299042 27.049002
v 56.600021 29.299042 9.948996
v 56.650017 29.249041 27.149006
v 56.650017 29.299042 9.898996
v 56.700027 29.199041 27.199005
v 56.700027 29.199041 27.299002
v 56.750019 29.149042 9.548995
v 56.700027 29.199041 9.748995
v 56.750019 29.149042 9.498996
v 56.750019 29.149042 29.499004
v 56.800014 29.099041 29.399004
v 56.750019 29.149042 29.549004
v 56.800014 29.099041 27.549002
v 56.800014 29.099041 27.599005
v 56.800014 29.099041 27.649006
v 56.800014 29.099041 9.398995
v 56.850025 29.049040 9.198996
v 56.850025 29.049040 27.749002
v 50.200016 22.749037 35.149006
v 35.450008 47.499046 4.698994
v 17.200005 47.499046 3.448993
v -6.050009 47.499046 4.698994
v 37.950008 47.499046 24.699001
v 37.950008 47.499046 4.698994
v -19.550016 47.499046 2.198992
v -17.050013 47.499046 4.698994
v 10.499995 47.499046 2.198992
v -17.050013 47.499046 24.699001
v 11.749997 47.499046 3.448993
v -15.200014 19.999037 30.749004
v -16.850014 19.999037 30.449007
v -17.300013 19.999037 30.199007
v 0.449994 19.999037 39.999008
v -3.350008 19.999037 36.099010
v -16.600014 19.999037 30.799007
v -6.650009 19.999037 29.499004
v -6.600009 19.999037 29.699007
v -6.650009 19.999037 29.849005
v -11.000012 19.999037 28.249002
v -19.600014 19.999037 28.199005
v -4.550010 19.999037 25.999002
v -14.200014 19.999037 29.149004
v -12.600012 19.999037 29.149004
v -12.900012 19.999037 30.149008
v 44.800014 19.999037 39.149014
v 44.250019 19.999037 39.949009
v -25.700018 19.999037 36.099010
v -21.050016 19.999037 30.249004
v -21.400017 19.999037 30.099007
v -21.700014 19.999037 30.049004
v -20.700016 19.999037 30.449007
v -19.450012 19.999037 30.699007
v -20.450014 19.999037 30.799007
v -19.450012 19.999037 28.249002
v -12.600012 19.999037 30.149008
v -11.400009 19.999037 29.649008
v -10.200010 19.999037 29.349005
v -5.550009 19.999037 32.949009
v -5.650009 19.999037 32.499004
v -6.100009 19.999037 30.699007
v -18.450016 19.999037 30.849007
v -18.250015 19.999037 30.849007
v -17.900015 19.999037 30.899006
v -12.600012 19.999037 28.249002
v -11.700012 19.999037 28.549006
v -12.050009 19.999037 28.849005
v -10.000010 19.999037 36.099010
v -5.800009 19.999037 36.099010
v -14.200014 19.999037 30.149008
v -9.100011 19.999037 32.499004
v -8.000011 19.999037 32.599007
v -7.550012 19.999037 32.849007
v -3.350008 19.999037 36.049007
v -6.950009 19.999037 30.149008
v -9.100011 19.999037 30.149008
v -6.950009 19.999037 29.199007
v -6.750009 19.999037 29.349005
v -6.800012 19.999037 29.999004
v -8.600008 19.999037 28.849005
v -7.950011 19.999037 29.649008
v -9.000010 19.999037 29.649008
v -7.500011 19.999037 29.299004
v -7.100008 19.999037 29.199007
v -16.000013 19.999037 28.249002
v -18.450016 19.999037 28.249002
v -23.250017 19.999037 24.899004
v -24.750017 19.999037 24.899004
v -3.350008 19.999037 27.699005
v -3.350008 19.999037 26.899006
v 23.550003 19.999037 13.448998
v -5.600006 19.999037 29.999004
v -5.550009 19.999037 29.649008
v -4.550010 19.999037 34.999008
v -4.550010 19.999037 28.199005
v -10.100010 19.999037 29.499004
v -10.050010 19.999037 29.699007
v -24.550016 19.999037 25.999002
v -23.250017 19.999037 28.249002
v -3.450007 19.999037 36.099010
v 23.550003 19.999037 12.448997
v -3.350008 19.999037 24.899004
v 0.449994 19.999037 35.499008
v -3.350008 19.999037 35.099007
v -3.350008 19.999037 34.299007
v -21.750017 19.999037 36.099010
v -5.600006 19.999037 24.899004
v -19.450012 19.999037 32.899010
v -17.900015 19.999037 32.899010
v -24.550016 19.999037 34.999008
v -21.700014 19.999037 32.899010
v -25.700018 19.999037 24.899004
v -25.700018 19.999037 26.099003
v -25.700018 19.999037 26.599003
v 23.550003 19.999037 12.698997
v -17.150013 19.999037 28.249002
v -3.350008 19.999037 26.099003
v -3.350008 19.999037 25.399004
v -6.050009 19.999037 28.649004
v -6.550009 19.999037 28.299006
v -10.650010 19.999037 28.199005
v -7.150009 19.999037 28.199005
v -7.550012 19.999037 28.249002
v -9.100011 19.999037 29.099005
v -9.500010 19.999037 28.649004
v -8.250011 19.999037 28.549006
v -7.900008 19.999037 28.349005
v -10.000010 19.999037 28.299006
v -3.350008 19.999037 28.599005
v -7.050012 19.999037 30.199007
v -7.350008 19.999037 30.299004
v -5.700009 19.999037 30.299004
v -7.750011 19.999037 30.499004
v -5.900009 19.999037 30.549004
v -8.000011 19.999037 30.599007
v -9.350011 19.999037 30.549004
v -6.300009 19.999037 31.799006
v -8.150008 19.999037 30.799007
v -8.600008 19.999037 30.699007
v -8.300011 19.999037 31.049007
v -8.400008 19.999037 31.299007
v -8.450011 19.999037 31.549007
v -8.450011 19.999037 31.599007
v -9.850010 19.999037 30.899006
v -8.350008 19.999037 32.149006
v -6.950009 19.999037 32.949009
v -6.250009 19.999037 32.849007
v -7.400009 19.999037 32.949009
v -10.400010 19.999037 32.949009
v -9.700010 19.999037 32.849007
v -20.650015 19.999037 32.549007
v -20.350016 19.999037 32.099007
v -6.400009 19.999037 30.899006
v -6.700009 19.999037 31.999006
v -7.000009 19.999037 32.099007
v -7.300012 19.999037 31.949009
v -7.250009 19.999037 31.349007
v -7.050012 19.999037 31.199007
v -7.150009 19.999037 32.049007
v -6.800012 19.999037 31.049007
v -7.400009 19.999037 31.849007
v -7.400009 19.999037 31.649006
v -7.350008 19.999037 31.499006
v -21.100016 19.999037 32.799007
v -5.650009 19.999037 29.099005
v -23.250017 19.999037 32.899010
v -19.450012 19.999037 32.249004
v -22.300016 19.999037 30.899006
v -21.900017 19.999037 30.899006
v -22.300016 19.999037 32.049007
v -20.250015 19.999037 31.549007
v -20.300016 19.999037 31.149006
v -18.350016 19.999037 30.049004
v -18.450016 19.999037 30.049004
v -15.200014 19.999037 32.899010
v -16.400013 19.999037 31.549007
v -16.450012 19.999037 31.199007
v -22.300016 19.999037 30.049004
v -22.300016 19.999037 28.249002
v -25.600018 19.999037 36.099010
v -22.050016 19.999037 32.099007
v -21.450016 19.999037 31.049007
v -21.500017 19.999037 31.949009
v -21.750017 19.999037 32.049007
v -21.350016 19.999037 31.249004
v -21.300016 19.999037 31.499006
v -21.350016 19.999037 31.749006
v -21.650017 19.999037 30.899006
v -17.650015 19.999037 30.999004
v -17.500015 19.999037 31.199007
v -12.600012 19.999037 31.999006
v -11.500012 19.999037 32.599007
v -12.600012 19.999037 32.899010
v -17.450016 19.999037 31.499006
v -17.500015 19.999037 31.749006
v -17.300013 19.999037 32.799007
v -16.800013 19.999037 32.549007
v -17.650015 19.999037 31.899006
v -18.450016 19.999037 32.099007
v -17.900015 19.999037 32.049007
v -18.200016 19.999037 32.099007
v -16.500015 19.999037 32.099007
v -14.200014 19.999037 31.049007
v -11.900012 19.999037 31.599007
v -15.200014 19.999037 28.249002
v -14.200014 19.999037 31.999006
v -12.600012 19.999037 31.049007
v -9.150011 19.999037 30.299004
v -11.200012 19.999037 30.499004
v -11.450012 19.999037 30.599007
v -10.500013 19.999037 30.199007
v -10.800010 19.999037 30.299004
v -11.350010 19.999037 28.349005
v -10.100010 19.999037 29.849005
v -10.250010 19.999037 29.999004
v -11.600009 19.999037 30.799007
v -9.550011 19.999037 30.699007
v -11.750012 19.999037 31.049007
v -10.850010 19.999037 31.499006
v -10.700010 19.999037 31.349007
v -10.250010 19.999037 31.049007
v -11.850009 19.999037 31.299007
v -11.800010 19.999037 32.149006
v -11.000012 19.999037 32.849007
v -9.750010 19.999037 31.799006
v -10.150010 19.999037 31.999006
v -10.850010 19.999037 31.649006
v -10.450010 19.999037 32.099007
v -10.850010 19.999037 31.849007
v -10.600010 19.999037 32.049007
v -10.750013 19.999037 31.949009
v -10.500013 19.999037 31.199007
v -9.050011 19.999037 29.999004
v -10.400010 19.999037 29.199007
v -10.550010 19.999037 29.199007
v -10.950013 19.999037 29.299004
v -4.550010 19.999037 27.449005
v -19.550016 19.999037 34.999008
v -3.350008 19.999037 27.799006
v -3.350008 19.999037 28.349005
v 44.850010 19.999037 39.049007
v 45.700020 19.999037 37.949009
v 45.800014 19.999037 37.899010
v 46.750015 19.999037 36.849010
v 46.800014 19.999037 36.799011
v 47.800014 19.999037 35.849007
v 47.850018 19.999037 35.799007
v 49.000019 19.999037 34.899010
v 49.050014 19.999037 34.849007
v 50.150021 19.999037 34.099007
v 50.400017 19.999037 33.949009
v 10.499995 46.499046 17.198999
v -17.050013 46.499046 4.698994
v 10.499995 46.499046 4.698994
v 37.950008 46.499046 4.698994
v 46.050018 24.399038 38.899014
v 45.100014 24.299038 39.949009
v 45.150017 24.399038 39.949009
v 45.150017 24.449038 39.949009
v 45.250015 24.649038 39.949009
v 45.200012 24.549038 39.949009
v 45.750015 25.349039 39.699009
v 45.550018 25.349039 39.949009
v 45.700020 25.699039 39.949009
v 46.550018 26.299040 39.399014
v 46.050018 26.299040 39.949009
v 46.500015 26.949039 39.949009
v 46.750015 27.249039 39.949009
v 46.650017 27.149040 39.949009
v 47.450016 27.249039 39.199009
v 60.350029 37.449043 27.199005
v 60.200024 37.449043 27.199005
v 60.200024 37.449043 52.199013
v 60.600014 37.449043 27.199005
v 60.750015 37.449043 52.199013
v 60.750015 37.449043 27.199005
v 60.450035 37.499043 27.199005
v 60.450035 37.499043 52.199013
v 47.500011 28.149040 39.949009
v 47.450016 28.199041 40.099010
v 47.800014 28.099041 39.649010
v 48.450016 29.149042 40.099010
v 48.400013 28.149040 39.099010
v 47.550014 29.199041 41.099010
v 48.700020 30.049042 41.049011
v 49.650021 29.999041 39.999008
v 49.950016 30.849043 40.999012
v 50.950016 30.699041 39.999008
v 51.250019 31.549042 40.999012
v 52.300018 31.349043 39.999008
v 52.650021 32.099045 40.999012
v 53.700024 31.899042 39.999008
v 54.050018 32.599045 41.049011
v 55.100021 32.349045 40.049011
v 55.450020 32.999043 41.099010
v 56.550022 32.699043 40.099010
v 55.500015 32.949043 40.949013
v 56.050022 32.599045 40.099010
v 55.500015 32.449043 40.049011
v 55.500015 32.749043 40.649010
v 55.500015 32.799042 40.699009
v 55.500015 32.999043 41.099010
v 55.500015 32.999043 41.049011
v 55.500015 33.049042 41.149010
v 55.500015 33.099045 41.299011
v 58.800014 37.199043 27.199005
v 58.700020 37.149044 27.199005
v 58.700020 37.149044 52.199013
v 56.200027 32.049042 39.099010
v 55.900021 31.349043 38.149010
v 55.600021 31.449041 38.449009
v 55.600021 31.449041 38.499008
v 54.800014 31.649042 39.049007
v 54.500023 30.899040 38.149010
v 55.650017 31.249041 38.199009
v 55.600021 31.399042 38.349010
v 53.400017 31.149040 38.999008
v 53.100021 30.349041 38.099010
v 52.000015 30.549042 38.999008
v 51.750019 29.699041 38.149010
v 50.700016 29.849041 39.049007
v 50.350014 29.899042 39.349010
v 50.400017 29.899042 39.299007
v 50.050014 29.849041 39.549007
v 50.000019 29.849041 39.599010
v 49.450016 29.049040 39.099010
v 59.800026 37.449043 27.199005
v 59.700020 37.399044 27.199005
v 59.700020 37.399044 52.199013
v 59.950016 37.449043 52.199013
v 59.950016 37.449043 27.199005
v 60.100018 37.449043 27.199005
v 57.150017 36.199043 52.199013
v 57.150017 36.199043 27.199005
v 46.500015 27.299040 40.249012
v 45.600014 26.349039 40.499012
v 45.600014 27.299040 41.399014
v 46.550018 28.249039 41.199009
v 45.700020 28.249039 42.349014
v 46.700020 29.199041 42.199009
v 45.950016 29.199041 43.349014
v 47.000011 30.099041 43.299011
v 47.800014 30.099041 42.149014
v 48.150017 30.949041 43.249012
v 49.000019 30.899040 42.099014
v 49.350014 31.699041 43.249012
v 50.300018 31.649042 42.099014
v 50.650021 32.349045 43.249012
v 51.600018 32.249043 42.099014
v 52.000015 32.949043 43.249012
v 53.000015 32.799042 42.099014
v 53.350018 33.399040 43.249012
v 54.400017 33.249043 42.149014
v 54.750019 33.799042 43.299011
v 55.600021 33.549042 42.249012
v 55.600021 33.549042 42.149014
v 55.600021 33.649040 42.399014
v 53.750019 33.949043 44.449013
v 55.150024 34.299042 44.499012
v 55.750019 34.049042 43.399014
v 56.200027 34.099045 43.349014
v 55.750019 34.049042 43.449009
v 55.800014 34.199043 43.799011
v 54.200024 34.449043 45.699013
v 55.600021 34.749043 45.749012
v 55.900021 34.449043 44.549011
v 56.550022 34.599045 44.499012
v 55.900021 34.499043 44.699013
v 55.900021 34.549042 44.799011
v 56.000015 34.649044 45.249012
v 54.600021 34.799042 46.949013
v 56.000015 35.099045 46.999016
v 56.100021 34.849045 45.899010
v 57.000027 34.999043 45.749012
v 56.150017 34.999043 46.349014
v 56.150017 34.999043 46.449013
v 56.200027 35.099045 46.699013
v 55.050018 35.149044 48.249012
v 56.400021 35.399044 48.249012
v 56.400021 35.399044 48.299015
v 56.350025 35.349045 48.249012
v 57.400024 35.299042 46.999016
v 55.500015 35.399044 49.599014
v 56.550022 35.549046 49.599014
v 56.550022 35.549046 49.549015
v 56.450016 35.399044 48.449013
v 56.450016 35.449043 48.549015
v 56.400021 35.399044 48.349018
v 56.550022 35.599045 49.949017
v 55.900021 35.549046 50.899014
v 56.650017 35.649044 50.899014
v 56.600021 35.599045 50.299015
v 56.050022 34.799042 45.749012
v 56.050022 34.799042 45.649014
v 55.900021 34.449043 44.499012
v 58.300018 36.999043 27.199005
v 58.200027 36.949043 27.199005
v 58.200027 36.949043 52.199013
v 58.550018 37.099045 27.199005
v 58.450024 37.049046 27.199005
v 58.450024 37.049046 52.199013
v 58.100021 36.849045 27.199005
v 58.000027 36.799042 27.199005
v 58.000027 36.799042 52.199013
v 57.050022 30.899040 37.299011
v 56.750019 30.099041 36.449009
v 55.650017 30.599043 37.299011
v 56.050022 30.149040 36.749008
v 55.400021 29.799042 36.549007
v 56.050022 30.149040 36.699005
v 56.100021 30.049042 36.599010
v 56.150017 29.949041 36.499008
v 54.200024 30.099041 37.299011
v 54.000023 29.249041 36.499008
v 52.850018 29.499041 37.299011
v 52.600021 28.549040 36.549007
v 51.500015 28.749041 37.299011
v 51.650021 27.749039 36.399010
v 50.500019 27.949039 37.249008
v 50.700016 26.949039 36.399010
v 49.550014 27.049040 37.249008
v 49.850014 26.099039 36.449009
v 51.050022 25.949039 35.599007
v 50.200016 25.149038 35.749008
v 45.050018 24.449038 40.049011
v 44.850010 25.399038 40.849010
v 44.750019 26.349039 41.699009
v 44.000015 25.349039 42.099014
v 43.950012 26.299040 42.949009
v 44.800014 27.299040 42.599014
v 44.050011 27.249039 43.849014
v 44.950012 28.199041 43.549011
v 44.250019 28.149040 44.799011
v 45.200012 29.149042 44.549011
v 44.600014 29.049040 45.749012
v 45.550018 29.999041 45.699013
v 46.250015 30.049042 44.499012
v 46.600021 30.849043 45.699013
v 47.350018 30.899040 44.449013
v 47.700020 31.649042 45.649014
v 48.500019 31.699041 44.449013
v 48.900013 32.349045 45.649014
v 49.750019 32.399040 44.399014
v 50.150021 32.999043 45.649014
v 51.050022 32.999043 44.449013
v 51.450020 33.549042 45.649014
v 52.400017 33.499043 44.449013
v 52.800018 34.049042 45.699013
v 51.900017 34.049042 46.949013
v 53.250019 34.449043 46.949013
v 52.350014 34.449043 48.249012
v 53.700024 34.799042 48.249012
v 52.800018 34.749043 49.549015
v 54.100021 35.099045 49.549015
v 53.250019 34.999043 50.899014
v 54.550018 35.299042 50.899014
v 53.700024 35.149044 52.199013
v 55.000023 35.449043 52.199013
v 56.350025 35.649044 52.199013
v 55.900021 35.549046 53.549015
v 57.300022 35.749043 53.549015
v 57.650009 35.849045 52.199013
v 57.700020 35.849045 52.199013
v 57.550018 35.799046 52.199013
v 57.450024 35.799046 52.199013
v 57.200027 35.749043 52.199013
v 57.200027 35.799046 52.199013
v 57.000027 35.749043 52.199013
v 56.950016 35.749043 52.199013
v 56.800014 35.699043 52.199013
v 56.650017 35.699043 52.199013
v 58.650024 35.899044 53.549015
v 58.450024 35.899044 52.199013
v 59.100018 35.949043 52.199013
v 58.400024 35.899044 52.199013
v 58.000027 35.849045 52.199013
v 57.900021 35.849045 52.199013
v 60.050022 35.949043 53.549015
v 60.250023 35.949043 52.199013
v 60.450035 35.999043 52.199013
v 60.200024 35.949043 52.199013
v 59.950016 35.949043 52.199013
v 59.900021 35.949043 52.199013
v 59.800026 35.949043 52.199013
v 59.750015 35.949043 52.199013
v 58.150028 35.849045 52.199013
v 58.100021 35.849045 52.199013
v 59.150028 35.949043 52.199013
v 59.400024 35.949043 52.199013
v 59.200024 37.299046 52.199013
v 58.950016 37.249043 52.199013
v 59.450024 35.949043 52.199013
v 58.900021 35.949043 52.199013
v 58.500019 35.899044 52.199013
v 58.550018 35.899044 52.199013
v 58.750015 35.899044 52.199013
v 58.700020 35.899044 52.199013
v 57.750015 36.649044 52.199013
v 62.950027 35.849045 52.199013
v 63.150028 35.849045 52.199013
v 62.950027 36.799042 52.199013
v 57.550018 36.499046 52.199013
v 58.350029 35.899044 52.199013
v 62.800022 35.899044 52.199013
v 62.900017 35.849045 52.199013
v 63.400024 36.499046 52.199013
v 63.200024 36.649044 52.199013
v 63.350025 35.799046 52.199013
v 63.200024 35.849045 52.199013
v 63.700016 35.749043 52.199013
v 63.550014 35.799046 52.199013
v 63.600021 36.349045 52.199013
v 63.850021 35.749043 52.999012
v 63.750027 35.749043 52.199013
v 63.800022 36.199043 52.199013
v 64.050018 35.749043 52.199013
v 64.200020 35.699043 52.199013
v 64.200020 35.799046 52.199013
v 64.300026 35.699043 52.199013
v 64.000023 35.999043 52.199013
v 63.900028 35.749043 52.199013
v 63.850021 35.749043 52.199013
v 60.750015 35.949043 52.199013
v 62.700016 35.899044 52.199013
v 62.750027 36.949043 52.199013
v 62.050022 35.899044 52.199013
v 61.750015 37.299046 52.199013
v 62.000023 35.899044 52.199013
v 62.500019 35.899044 52.199013
v 62.250019 37.149044 52.199013
v 62.450031 35.899044 52.199013
v 62.250019 35.899044 52.199013
v 62.000023 37.249043 52.199013
v 61.750015 35.949043 52.199013
v 61.500019 37.349045 52.199013
v 61.600025 35.949043 52.199013
v 61.800026 35.949043 52.199013
v 61.300030 35.949043 52.199013
v 61.600025 35.949043 53.049015
v 61.500019 35.949043 52.199013
v 61.250023 37.399044 52.199013
v 61.550014 35.949043 52.199013
v 61.250023 35.949043 52.199013
v 61.200024 35.949043 52.199013
v 61.000023 37.449043 52.199013
v 61.150028 35.949043 52.199013
v 61.100018 35.949043 52.199013
v 61.000023 35.949043 52.199013
v 60.500019 35.999043 52.199013
v 58.650024 35.899044 52.199013
v 60.700020 35.949043 52.199013
v 57.400024 35.799046 52.199013
v 59.650021 35.949043 52.199013
v 59.700020 35.949043 52.199013
v 59.450024 37.349045 52.199013
v 58.600014 35.899044 52.199013
v 57.250023 35.799046 52.199013
v 57.350029 36.349045 52.199013
v 56.650017 35.699043 51.799011
v 56.400021 35.399044 30.399008
v 56.350025 35.299042 30.499004
v 56.900021 35.949043 28.849005
v 56.850025 35.949043 28.999004
v 56.850025 35.899044 29.149004
v 56.850025 35.899044 29.199007
v 56.700027 35.749043 29.699007
v 56.700027 35.749043 29.749004
v 56.650017 35.699043 29.899008
v 56.550022 35.599045 30.049004
v 56.550022 35.599045 30.099007
v 56.500015 35.499043 30.249004
v 49.700020 29.949041 39.949009
v 50.100018 29.949041 39.599010
v -34.500023 32.449043 31.999006
v 55.450020 32.499043 31.999006
v -34.500023 32.499043 31.999006
v 55.500015 32.749043 40.599010
v 55.500015 32.999043 31.949009
v 55.500015 32.849045 31.949009
v 55.500015 32.799042 31.949009
v 55.500015 32.749043 31.949009
v 56.300014 35.199043 47.299015
v 56.350025 35.299042 30.549004
v 56.300014 35.199043 30.649008
v 56.300014 35.199043 30.699007
v 56.300014 29.749041 30.649008
v 56.350025 29.699041 36.199009
v 56.300014 29.749041 30.699007
v 56.250019 35.149044 46.999016
v 56.250019 35.149044 30.699007
v 56.250019 35.099045 30.749004
v 56.250019 35.099045 46.899010
v 56.200027 35.049042 30.849007
v 56.150017 34.999043 30.899006
v 56.150017 34.949043 30.949007
v 56.100021 34.849045 30.999004
v 56.050022 34.849045 31.049007
v 56.200027 35.049042 30.799007
v 56.200027 35.099045 30.799007
v -35.400021 35.299042 30.549004
v 56.050022 34.799042 31.099007
v 56.050022 34.799042 45.549015
v 55.950016 34.599045 31.249004
v 55.900021 34.549042 31.299007
v 55.900021 34.499043 31.299007
v 55.900021 34.449043 31.349007
v 55.850025 34.399044 31.399006
v 55.850025 34.399044 44.349010
v 55.800014 34.299042 44.099014
v 55.850025 34.349045 31.399006
v 55.850025 34.349045 31.449007
v 55.800014 34.249043 43.999012
v 55.700027 33.999043 43.349014
v 55.700027 33.999043 43.299011
v 55.750019 34.049042 31.599007
v 55.700027 33.999043 31.599007
v 55.700027 33.899040 31.649006
v 55.650017 33.799042 42.849014
v 55.700027 33.849045 31.699007
v 55.650017 33.849045 31.699007
v 55.650017 33.749043 42.749008
v 55.800014 33.599045 42.199009
v 55.650017 33.749043 42.649014
v 55.550026 33.249043 41.599010
v 55.550026 33.199043 31.899006
v 55.500015 33.149044 31.899006
v 55.500015 33.099045 31.899006
v 55.500015 33.049042 31.899006
v 55.500015 33.049042 31.949009
v 55.550026 33.249043 31.899006
v 55.550026 33.299042 31.849007
v 55.550026 33.299042 41.699009
v 55.550026 33.349045 31.849007
v 55.550026 33.399040 31.849007
v 55.600021 33.599045 31.799006
v 55.600021 33.649040 31.749006
v 55.650017 33.749043 31.749006
v 55.750019 34.099045 31.599007
v 55.750019 34.099045 31.549007
v 55.800014 34.199043 31.499006
v 55.800014 34.249043 31.499006
v 55.550026 31.599041 31.849007
v 55.550026 31.549042 31.849007
v 55.500015 32.299042 39.749008
v 57.850021 36.749043 27.199005
v 57.650009 36.599045 27.199005
v 57.550018 36.499046 27.199005
v 57.750015 36.649044 27.199005
v 59.050022 37.249043 27.199005
v 59.200024 37.299046 27.199005
v 58.950016 37.249043 27.199005
v 59.550014 37.399044 27.199005
v 59.450024 37.349045 27.199005
v 58.950016 28.749041 34.899010
v 58.450024 27.899038 34.349007
v 58.600014 27.849041 34.249008
v 58.700020 27.799040 34.249008
v 59.250023 27.899038 34.249008
v 58.250023 27.999039 34.399010
v 58.150028 28.049040 34.499008
v 58.350029 27.949039 34.349007
v 58.000027 28.149040 34.549007
v 58.050022 28.099041 34.499008
v 58.400024 27.899038 34.349007
v 59.300030 37.349045 27.199005
v 57.250023 28.799040 35.199009
v 56.850025 28.999041 35.449009
v 57.900021 29.499041 35.649010
v 56.800014 29.099041 35.549007
v 56.700027 29.199041 35.599007
v 56.500015 29.249041 35.699009
v 56.650017 29.249041 35.699009
v 56.700027 29.199041 35.649010
v 56.800014 29.049040 35.499008
v 56.600021 29.299042 35.749008
v 57.600014 28.549040 34.899010
v 56.900021 28.999041 35.449009
v 57.150017 28.749041 35.199009
v 57.000027 28.899042 35.299007
v 56.250019 28.349041 34.999008
v 56.950016 28.949041 35.349007
v 57.250023 28.649040 35.049007
v 57.300022 28.599041 34.999008
v 57.300022 28.549040 34.949009
v 57.350029 28.599041 34.999008
v 57.400024 28.549040 34.949009
v 55.150024 28.949041 35.849007
v 54.950020 28.099041 35.199009
v 53.750019 28.349041 35.849007
v 54.050018 27.349039 34.999008
v 52.800018 27.549040 35.649010
v 53.150021 26.599039 34.899010
v 51.900017 26.799040 35.599007
v 52.300018 25.799040 34.899010
v 51.500015 24.999037 34.949009
v 52.950020 25.049040 34.299007
v 52.150021 24.249039 34.399010
v 50.750019 24.199038 35.099007
v 44.400013 23.499039 40.549011
v 44.150017 24.449038 41.299011
v 43.550011 23.499039 41.849010
v 43.350014 24.399038 42.599014
v 43.250019 25.349039 43.399014
v 42.650013 24.399038 43.949013
v 42.600014 25.299040 44.749012
v 43.300014 26.249041 44.249012
v 42.700016 26.199039 45.599014
v 43.400017 27.149040 45.149014
v 42.850014 27.049040 46.449013
v 43.650017 28.049040 46.049015
v 43.150017 27.949039 47.349014
v 44.000015 28.899042 46.999016
v 43.550011 28.749041 48.299015
v 44.400013 29.699041 48.249012
v 44.900013 29.849041 46.949013
v 45.300014 30.549042 48.249012
v 45.900013 30.699041 46.949013
v 46.300014 31.349043 48.199013
v 46.950016 31.549042 46.949013
v 47.400013 32.099045 48.199013
v 48.100018 32.249043 46.899010
v 48.550014 32.799042 48.199013
v 49.350014 32.949043 46.899010
v 49.750019 33.399040 48.199013
v 50.600018 33.499043 46.949013
v 51.050022 33.949043 48.249012
v 50.250019 33.799042 49.549015
v 51.500015 34.299042 49.549015
v 50.700016 34.099045 50.899014
v 51.950020 34.599045 50.899014
v 51.150021 34.349045 52.199013
v 52.400017 34.749043 52.199013
v 51.950020 34.599045 53.549015
v 53.250019 34.999043 53.549015
v 54.550018 35.299042 53.549015
v 54.100021 35.099045 54.849014
v 55.500015 35.399044 54.849014
v 56.850025 35.599045 54.849014
v 56.400021 35.399044 56.149014
v 57.800014 35.549046 56.149014
v 58.250023 35.749043 54.849014
v 59.200024 35.649044 56.149014
v 59.600014 35.849045 54.849014
v 60.750015 35.749043 55.649014
v 61.150028 35.899044 54.349014
v 57.450024 36.449043 27.199005
v 65.050034 34.499043 44.699013
v 65.000023 34.649044 45.049011
v 65.150024 34.749043 45.549015
v 65.100029 34.399044 44.349010
v 65.050034 34.449043 44.599010
v 65.150024 34.249043 43.999012
v 66.200020 34.299042 44.799011
v 67.200035 33.799042 44.049011
v 67.600021 34.099045 45.399014
v 66.600021 34.599045 46.149010
v 68.000023 34.349045 46.749016
v 67.000023 34.749043 47.449013
v 65.550026 34.999043 46.899010
v 65.950027 35.149044 48.249012
v 64.600021 35.299042 47.699013
v 64.650017 35.249043 47.549015
v 64.550011 35.349045 24.899004
v 64.650017 35.199043 47.399014
v 64.650017 35.199043 47.299015
v 64.600021 35.299042 24.799004
v 64.600021 35.299042 24.749004
v 64.700020 35.199043 47.199013
v 64.750023 35.049042 46.599014
v 64.800026 34.999043 46.349014
v 64.800026 34.949043 46.199013
v 64.900032 34.799042 45.749012
v 64.950027 34.749043 45.499012
v 64.950027 34.749043 45.449013
v 65.050034 34.549042 44.799011
v 64.750023 35.099045 24.699001
v 64.650017 35.199043 24.749004
v 64.550011 35.349045 24.949001
v 64.550011 35.349045 25.099003
v 64.550011 35.349045 47.999012
v 64.900032 35.449043 48.999012
v 64.500015 35.399044 48.499012
v 64.500015 35.399044 25.349003
v 64.500015 35.449043 25.549004
v 64.500015 35.449043 48.849014
v 64.450020 35.499043 25.799004
v 64.450020 35.549046 49.349014
v 64.950027 35.549046 50.599018
v 66.050034 35.299042 49.799015
v 67.100029 34.999043 49.049015
v 67.150024 35.099045 50.599018
v 66.050034 35.399044 51.399014
v 67.200035 35.149044 52.199013
v 66.050034 35.399044 52.999012
v 64.950027 35.599045 52.199013
v 64.950027 35.549046 53.849014
v 63.800022 35.649044 54.649014
v 62.700016 35.849045 53.849014
v 61.150028 37.449043 27.199005
v 61.400024 37.399044 27.199005
v 60.850021 37.449043 27.199005
v 62.150028 37.199043 27.199005
v 62.000023 37.249043 27.199005
v 61.900017 37.249043 27.199005
v 61.750015 37.299046 27.199005
v 61.650021 37.349045 27.199005
v 61.500019 37.349045 27.199005
v 62.400024 37.099045 27.199005
v 62.250019 37.149044 27.199005
v 62.850021 36.849045 27.199005
v 62.750027 36.949043 27.199005
v 62.950027 36.799042 27.199005
v 64.300026 35.699043 51.749016
v 64.300026 35.699043 51.049007
v 64.350029 35.599045 50.249012
v 64.300026 35.699043 27.199005
v 64.350029 35.599045 50.199017
v 64.350029 35.599045 50.149014
v 64.450020 35.499043 26.149004
v 64.350029 35.599045 26.199005
v 64.000023 35.999043 27.199005
v 64.100029 35.899044 27.199005
v 64.200020 35.799046 27.199005
v 63.900028 36.099045 27.199005
v 63.700016 36.299042 27.199005
v 63.500019 36.449043 27.199005
v 63.300030 36.599045 27.199005
v 63.200024 36.649044 27.199005
v 63.100029 36.749043 27.199005
v 62.300030 35.749043 55.149014
v 63.400024 35.549046 55.949020
v 64.900032 35.449043 55.449020
v 64.500015 35.299042 56.749020
v 65.950027 35.149044 56.199017
v 66.050034 35.299042 54.599010
v 67.100029 34.999043 55.399017
v 67.150024 35.099045 53.799015
v 68.250031 34.749043 54.599010
v 68.300026 34.799042 52.999012
v 68.300026 34.799042 51.399014
v 69.400032 34.449043 52.199013
v 69.400032 34.449043 50.649014
v 68.250031 34.749043 49.849014
v 69.300026 34.299042 49.099014
v 68.150024 34.599045 48.299015
v 69.150024 34.099045 47.549015
v 69.000031 33.849045 46.049015
v 70.150032 33.599045 46.849014
v 69.900024 33.299042 45.349014
v 68.600021 33.599045 44.649014
v 69.500023 32.999043 43.999012
v 68.150024 33.249043 43.299011
v 66.800018 33.399040 42.699009
v 67.750023 32.799042 41.999012
v 66.400032 32.949043 41.399014
v 65.350029 33.499043 42.149014
v 65.350029 33.549042 42.249012
v 65.350029 33.449043 41.999012
v 65.350029 33.499043 42.099014
v 65.400032 33.249043 41.599010
v 65.450020 33.049042 41.199009
v 65.450020 32.999043 41.049011
v 65.450020 32.949043 40.949013
v 65.450020 32.749043 40.599010
v 65.450020 32.699043 40.499012
v 65.450020 32.699043 40.449009
v 65.500015 32.499043 40.099010
v 65.450020 32.399040 39.999008
v 65.450020 32.349045 39.949009
v 66.000023 32.349045 40.099010
v 65.450020 32.199043 39.649010
v 65.450020 31.999043 39.349010
v 65.450020 31.949041 39.249008
v 65.450020 31.899042 39.149014
v 65.450020 31.799042 38.999008
v 65.600021 31.699041 38.899014
v 65.400032 31.699041 38.799007
v 65.400032 31.599041 38.749008
v 65.350029 31.449041 38.449009
v 65.350029 31.349043 38.349010
v 65.300026 31.199041 38.099010
v 65.300026 31.149040 38.049011
v 65.250031 30.999041 37.849010
v 65.250031 30.949041 37.749008
v 66.550026 30.899040 38.199009
v 66.950027 31.649042 39.399014
v 67.350021 32.249043 40.649010
v 68.300026 31.549042 39.999008
v 68.700027 32.099045 41.299011
v 69.100029 32.599045 42.649014
v 70.000031 31.899042 41.999012
v 70.400032 32.349045 43.349014
v 70.800018 32.699043 44.699013
v 71.650032 32.049042 44.099014
v 71.250031 31.649042 42.749008
v 72.400032 31.349043 43.549011
v 72.000031 30.899040 42.149014
v 70.850029 31.149040 41.399014
v 69.600021 31.349043 40.649010
v 70.400032 30.549042 40.099010
v 69.150024 30.699041 39.399014
v 67.900024 30.849043 38.749008
v 68.750023 29.999041 38.149010
v 67.450020 30.049042 37.599010
v 66.150024 30.099041 37.049011
v 65.200020 30.899040 37.699005
v 65.250031 30.949041 37.699005
v 65.200020 30.849043 37.649010
v 65.150024 30.699041 37.399010
v 65.050034 30.449041 37.099010
v 65.100029 30.599043 37.299011
v 65.000023 30.349041 36.999008
v 64.950027 30.199041 36.799011
v 64.900032 30.149040 36.699005
v 64.850021 30.099041 36.649010
v 64.850021 30.049042 36.599010
v 65.750023 29.199041 36.049007
v 64.400032 29.199041 35.649010
v 64.800026 29.999041 36.499008
v 64.750023 29.899042 36.449009
v 64.650017 29.749041 36.249008
v 64.600021 29.699041 36.199009
v 63.600021 28.599041 34.999008
v 63.600021 28.549040 34.999008
v 63.500019 28.499041 34.899010
v 63.400024 28.449039 34.849007
v 63.250034 28.349041 34.749008
v 63.200024 28.299040 34.699009
v 63.900028 28.199041 34.749008
v 63.000023 28.199041 34.599007
v 63.100029 28.249039 34.649010
v 62.950027 28.149040 34.549007
v 63.350025 27.249039 33.999004
v 64.750023 27.299040 34.299007
v 64.200020 26.299040 33.649010
v 62.750027 26.249041 33.399010
v 61.950027 27.149040 33.799007
v 62.700016 27.999039 34.399010
v 62.750027 27.999039 34.449009
v 62.900017 28.099041 34.499008
v 62.650021 27.999039 34.399010
v 62.500019 27.899038 34.349007
v 62.350025 27.849041 34.299007
v 62.250019 27.799040 34.249008
v 62.200024 27.799040 34.199009
v 62.000023 27.699039 34.149010
v 61.850021 27.649038 34.149010
v 61.750015 27.649038 34.099007
v 61.700020 27.599039 34.099007
v 61.550014 27.599039 34.049007
v 60.500019 27.049040 33.699009
v 61.500019 27.599039 34.049007
v 61.400024 27.549040 34.049007
v 61.250023 27.549040 33.999004
v 57.450024 28.499041 34.899010
v 57.050022 28.799040 35.249008
v 56.900021 28.999041 28.499004
v 56.900021 28.999041 28.449005
v 56.900021 28.999041 28.299006
v 56.900021 28.999041 28.099005
v 56.850025 28.999041 27.949005
v 56.850025 28.999041 9.048995
v 56.850025 28.999041 8.998995
v 56.900021 28.999041 8.848995
v 56.900021 28.999041 28.649004
v 56.900021 28.999041 28.849005
v 56.850025 29.049040 29.149004
v 56.850025 28.999041 29.049006
v 56.850025 29.049040 29.199007
v 56.650017 29.249041 29.899008
v 56.700027 29.199041 29.749004
v 56.600021 29.349041 35.749008
v 56.650017 29.299042 29.899008
v 56.350025 29.649042 30.549004
v 56.450016 29.549042 35.999008
v 56.300014 29.699041 30.599007
v 56.200027 29.849041 30.799007
v 56.250019 29.799042 30.699007
v 56.250019 29.799042 36.349010
v 56.300014 29.749041 36.249008
v 56.150017 29.999041 36.499008
v 56.200027 29.899042 30.799007
v 55.850025 30.549042 31.399006
v 55.900021 30.449041 31.349007
v 55.900021 30.449041 37.099010
v 55.850025 30.599043 37.299011
v 55.850025 30.599043 31.449007
v 55.850025 30.599043 31.399006
v 55.650017 31.099043 31.699007
v 55.700027 31.099043 31.699007
v 55.650017 31.099043 37.999008
v 55.700027 30.949041 37.749008
v 55.700027 31.049042 37.899010
v 55.700027 31.049042 31.699007
v 55.700027 31.049042 31.649006
v 55.700027 30.949041 31.599007
v 55.750019 30.899040 31.599007
v 55.750019 30.849043 37.649010
v 55.750019 30.799040 31.549007
v 55.800014 30.749041 37.499008
v 55.800014 30.699041 37.399010
v 55.850025 30.649040 31.449007
v 55.800014 30.699041 31.499006
v 55.800014 30.749041 31.499006
v 55.650017 31.249041 38.149010
v 55.650017 31.199041 38.099010
v 55.600021 31.299042 31.749006
v 55.600021 31.399042 31.799006
v 55.550026 31.649042 31.849007
v 55.550026 31.699041 31.899006
v 55.550026 31.749043 31.899006
v 55.450020 32.499043 40.099010
v 55.500015 32.449043 31.949009
v 55.500015 32.199043 39.649010
v 55.500015 32.199043 31.949009
v 55.500015 32.099045 31.949009
v 55.500015 31.999043 39.349010
v 55.500015 32.049042 31.949009
v 55.500015 31.999043 31.949009
v 55.500015 31.949041 39.249008
v 55.500015 31.849041 39.049007
v 55.550026 31.749043 38.949009
v 55.550026 31.699041 38.849010
v 55.550026 31.599041 38.749008
v 55.600021 31.399042 38.449009
v 55.600021 31.449041 31.799006
v 55.500015 31.799042 31.899006
v 55.500015 31.849041 31.899006
v 55.500015 31.949041 31.949009
v 49.650021 29.949041 39.949009
v 48.550014 29.099041 39.949009
v 48.450016 29.049040 39.949009
v 47.550014 28.199041 39.949009
v 44.800014 21.649036 39.949009
v 44.750019 21.549036 39.949009
v 44.250019 20.099037 39.949009
v 44.700016 21.449036 39.949009
v 44.850010 21.699036 39.949009
v 44.750019 21.499037 39.949009
v 47.050014 27.649038 39.949009
v 46.900013 27.449039 39.949009
v 46.850018 27.399040 39.949009
v 47.150017 27.749039 39.949009
v 47.450016 28.049040 39.949009
v 47.200020 27.799040 39.949009
v 47.450016 27.799040 39.699009
v 55.650017 31.249041 31.749006
v 55.650017 31.199041 31.749006
v 56.000015 30.199041 36.799011
v 56.050022 30.149040 31.099007
v 56.050022 30.099041 31.049007
v 56.000015 30.199041 31.149006
v 56.000015 30.249041 31.149006
v 55.950016 30.299042 31.199007
v 55.900021 30.399040 31.299007
v 55.900021 30.449041 31.299007
v -35.100021 30.149040 31.049007
v 56.500015 29.399042 30.199007
v 56.550022 29.399042 30.149008
v 56.550022 29.399042 35.849007
v 56.500015 29.449041 30.249004
v 56.550022 29.349041 30.099007
v 56.550022 29.349041 30.049004
v 56.600021 29.349041 29.999004
v 56.450016 29.549042 30.399008
v 56.750019 29.149042 35.549007
v 56.800014 29.099041 29.299004
v 56.750019 29.149042 29.599005
v 58.200027 27.999039 34.449009
v 59.100018 27.649038 34.099007
v 59.200024 27.649038 34.099007
v 59.750015 27.949039 34.249008
v 59.500019 27.549040 34.049007
v 59.600014 27.549040 33.999004
v 59.650021 27.549040 33.999004
v 59.050022 26.949039 33.649010
v 59.350029 27.599039 34.049007
v 59.450024 27.599039 34.049007
v 58.950016 27.699039 34.149010
v 57.650009 26.799040 33.749004
v 56.950016 27.549040 34.349007
v 56.250019 26.599039 33.899010
v 55.600021 27.349039 34.499008
v 54.650017 26.599039 34.349007
v 55.350018 25.849041 33.799007
v 53.800014 25.849041 34.299007
v 54.450020 25.049040 33.749004
v 53.650021 24.249039 33.749004
v 55.150024 24.249039 33.249004
v 54.350018 23.399038 33.349010
v 52.850018 23.399038 33.899010
v 51.400017 23.399038 34.549007
v 52.100018 22.549038 34.099007
v 50.700016 22.549038 34.799007
v 50.000019 21.699036 35.149006
v 48.700020 21.699036 36.049007
v 48.100018 22.549038 36.549007
v 47.500011 21.699036 36.999008
v 47.800014 22.199038 36.749008
v 48.000019 22.249037 36.599010
v 52.550018 21.699036 36.599010
v 51.350014 21.699036 37.299011
v 50.200016 21.699036 38.049011
v 53.800014 21.699036 36.049007
v 77.550034 21.699036 41.749012
v 73.800034 21.699036 40.849010
v 72.850029 21.699036 39.849010
v 49.100018 21.699036 38.899014
v 46.350010 21.699036 38.049011
v 45.350010 21.699036 39.249008
v 48.100018 21.699036 39.849010
v 47.150017 21.699036 40.849010
v 45.350010 21.699036 39.299007
v 45.150017 21.699036 39.499008
v 75.700020 21.699036 39.249008
v 67.150024 21.699036 36.049007
v 60.450035 21.699036 32.199009
v 45.750015 21.699036 38.749008
v 45.900013 21.699036 38.549007
v 45.600014 21.699036 38.899014
v 44.850010 21.699036 39.899010
v 46.300014 21.699036 41.949009
v 43.400017 21.699036 41.749012
v 44.300014 21.699036 40.449009
v 45.550018 21.699036 43.049011
v 42.650013 21.699036 43.149014
v 65.900024 21.699036 35.549007
v 64.550011 21.699036 35.199009
v 58.900021 21.699036 32.299007
v 56.400021 21.699036 35.199009
v 52.800018 21.699036 33.749004
v 54.300014 21.699036 33.199009
v 55.050018 21.699036 35.549007
v 44.300014 21.699036 45.499012
v 42.000015 21.699036 44.549011
v 78.950027 21.699036 44.549011
v 76.050026 21.699036 44.249012
v 75.400032 21.699036 43.049011
v 68.400032 21.699036 36.599010
v 43.850010 21.699036 46.799015
v 41.450012 21.699036 46.049015
v 76.650024 21.699036 40.449009
v 70.750023 21.699036 38.049011
v 69.600021 21.699036 37.299011
v 71.850029 21.699036 38.899014
v 62.050022 21.699036 32.299007
v 63.600021 21.699036 32.449009
v 74.600029 21.699036 38.049011
v 73.450027 21.699036 36.999008
v 65.150024 21.699036 32.749004
v 66.650017 21.699036 33.199009
v 68.150024 21.699036 33.749004
v 70.950020 21.699036 35.149006
v 72.250031 21.699036 36.049007
v 69.550026 21.699036 34.399010
v 42.650013 21.699036 61.299019
v 46.300014 21.699036 62.499012
v 47.150017 21.699036 63.599018
v 60.450035 21.699036 72.199028
v 45.250015 21.699036 65.199020
v 44.300014 21.699036 63.949017
v 43.400017 21.699036 62.649014
v 50.200016 21.699036 66.349022
v 51.350014 21.699036 67.149017
v 73.450027 21.699036 67.399025
v 69.600021 21.699036 67.149017
v 70.750023 21.699036 66.349022
v 41.050014 21.699036 56.899014
v 43.850010 21.699036 57.599014
v 44.300014 21.699036 58.899021
v 52.550018 21.699036 67.799019
v 77.550034 21.699036 62.649014
v 75.400032 21.699036 61.349022
v 78.300034 21.699036 61.299019
v 45.550018 21.699036 61.349022
v 42.000015 21.699036 59.849018
v 41.450012 21.699036 58.399021
v 44.900013 21.699036 60.149017
v 80.450027 21.699036 52.199013
v 77.900032 21.699036 50.849014
v 80.400024 21.699036 50.649014
v 40.550014 21.699036 53.799015
v 43.200016 21.699036 54.949020
v 43.450012 21.699036 56.299015
v 41.050014 21.699036 47.549015
v 43.450012 21.699036 48.149014
v 43.200016 21.699036 49.499016
v 40.700016 21.699036 55.349014
v 40.700016 21.699036 49.099014
v 43.050011 21.699036 50.849014
v 40.550014 21.699036 50.649014
v 42.950012 21.699036 52.199013
v 40.500011 21.699036 52.199013
v 43.050011 21.699036 53.599010
v 76.050026 21.699036 60.149017
v 78.950027 21.699036 59.849018
v 49.100018 21.699036 65.499016
v 58.900021 21.699036 72.149025
v 46.350010 21.699036 66.349022
v 48.100018 21.699036 64.599014
v 57.350029 21.699036 71.949020
v 47.500011 21.699036 67.399025
v 55.800014 21.699036 71.649025
v 48.700020 21.699036 68.399025
v 54.300014 21.699036 71.249023
v 50.000019 21.699036 69.249023
v 52.800018 21.699036 70.699020
v 51.400017 21.699036 70.049019
v 53.800014 21.699036 68.399025
v 62.050022 21.699036 72.149025
v 55.050018 21.699036 68.849022
v 63.600021 21.699036 71.949020
v 56.400021 21.699036 69.249023
v 68.150024 21.699036 70.699020
v 63.200024 21.699036 69.499023
v 64.550011 21.699036 69.249023
v 57.750015 21.699036 69.499023
v 65.150024 21.699036 71.649025
v 60.450035 21.699036 69.699020
v 61.850021 21.699036 69.649017
v 59.100018 21.699036 69.649017
v 66.650017 21.699036 71.249023
v 65.900024 21.699036 68.849022
v 69.550026 21.699036 70.049019
v 67.150024 21.699036 68.399025
v 70.950020 21.699036 69.249023
v 68.400032 21.699036 67.799019
v 72.250031 21.699036 68.399025
v 71.850029 21.699036 65.499016
v 74.600029 21.699036 66.349022
v 72.850029 21.699036 64.599014
v 75.700020 21.699036 65.199020
v 73.800034 21.699036 63.599018
v 76.650024 21.699036 63.949017
v 74.650024 21.699036 62.499012
v 76.650024 21.699036 58.899021
v 77.100037 21.699036 57.599014
v 79.500023 21.699036 58.399021
v 77.500023 21.699036 56.299015
v 79.900032 21.699036 56.899014
v 77.750031 21.699036 54.949020
v 80.250038 21.699036 55.349014
v 77.900032 21.699036 53.599010
v 80.400024 21.699036 53.799015
v 78.000031 21.699036 52.199013
v 77.750031 21.699036 49.499016
v 77.500023 21.699036 48.149014
v 80.250038 21.699036 49.099014
v 77.100037 21.699036 46.799015
v 79.900032 21.699036 47.549015
v 76.650024 21.699036 45.499012
v 79.500023 21.699036 46.049015
v 74.650024 21.699036 41.949009
v 78.300034 21.699036 43.149014
v 44.900013 21.699036 44.249012
v 51.400017 21.699036 34.399010
v 63.200024 21.699036 34.949009
v 57.350029 21.699036 32.449009
v 55.800014 21.699036 32.749004
v 60.450035 21.699036 34.699009
v 59.100018 21.699036 34.749008
v 61.850021 21.699036 34.749008
v 57.750015 21.699036 34.949009
v 46.400013 21.799036 37.999008
v 43.900013 22.599037 41.099010
v 43.050011 22.599037 42.449009
v 42.800014 23.499039 43.149014
v 42.350014 22.549038 43.849014
v 42.150013 23.449038 44.549011
v 42.050014 24.349037 45.349014
v 41.600018 23.399038 45.999012
v 41.600018 24.299038 46.749016
v 42.050014 25.199039 46.149010
v 41.650013 25.149038 47.549015
v 42.200016 26.099039 46.949013
v 41.800014 25.949039 48.349018
v 42.400009 26.949039 47.799015
v 42.050014 26.799040 49.199013
v 42.700016 27.749039 48.699013
v 42.400009 27.549040 50.049015
v 43.150017 28.549040 49.599014
v 42.800014 28.349041 50.899014
v 43.550011 29.249041 50.899014
v 43.900013 29.499041 49.549015
v 44.350010 30.099041 50.899014
v 44.800014 30.349041 49.549015
v 45.250015 30.899040 50.899014
v 45.750015 31.149040 49.549015
v 46.200020 31.649042 50.849014
v 46.750015 31.899042 49.549015
v 47.250015 32.349045 50.849014
v 47.850018 32.599045 49.549015
v 48.350014 32.999043 50.849014
v 49.000019 33.249043 49.549015
v 49.500019 33.599045 50.899014
v 48.800011 33.299042 52.199013
v 49.950016 33.849045 52.199013
v 49.500019 33.599045 53.549015
v 50.700016 34.099045 53.549015
v 50.250019 33.799042 54.899017
v 51.500015 34.299042 54.899017
v 52.800018 34.749043 54.849014
v 52.350014 34.449043 56.199017
v 53.700024 34.799042 56.199017
v 55.050018 35.149044 56.149014
v 54.600021 34.799042 57.449017
v 56.000015 35.099045 57.449017
v 57.400024 35.299042 57.449017
v 57.000027 34.999043 58.699013
v 58.400024 35.149044 58.649017
v 58.800014 35.449043 57.399014
v 59.900021 35.299042 58.249016
v 60.300030 35.549046 56.949017
v 61.450035 35.399044 57.799015
v 61.850021 35.599045 56.499008
v 62.950027 35.399044 57.299015
v 62.550014 35.149044 58.599014
v 64.050018 35.099045 58.099014
v 65.550026 34.999043 57.549011
v 65.150024 34.749043 58.899021
v 66.600021 34.599045 58.299015
v 67.000023 34.749043 56.949017
v 68.000023 34.349045 57.699017
v 68.150024 34.599045 56.149014
v 69.150024 34.099045 56.899014
v 69.300026 34.299042 55.349014
v 69.400032 34.449043 53.799015
v 70.450020 33.949043 54.549015
v 70.500023 34.049042 52.999012
v 70.500023 34.049042 51.449017
v 71.600021 33.549042 52.199013
v 71.600021 33.499043 50.699017
v 70.450020 33.949043 49.899014
v 71.500023 33.399040 49.149014
v 70.350037 33.799042 48.349018
v 71.300041 33.249043 47.649014
v 71.100029 32.999043 46.149010
v 72.250031 32.599045 46.949013
v 72.000031 32.349045 45.499012
v 73.150032 31.899042 46.299015
v 72.800034 31.649042 44.899014
v 73.950035 31.149040 45.699013
v 73.600029 30.899040 44.349010
v 73.150032 30.599043 42.999008
v 74.300034 30.099041 43.799011
v 73.800034 29.799042 42.549011
v 72.750023 30.099041 41.649014
v 71.600021 30.349041 40.849010
v 72.300034 29.499041 40.349010
v 71.150032 29.699041 39.549007
v 70.000031 29.849041 38.849010
v 70.750023 28.899042 38.349010
v 69.550026 29.049040 37.649010
v 68.300026 29.149042 37.049011
v 69.250031 28.149040 36.649010
v 67.950027 28.199041 36.049007
v 67.050034 29.199041 36.499008
v 66.650017 28.249039 35.549007
v 65.300026 28.249039 35.099007
v 66.150024 27.299040 34.699009
v 65.600021 26.349039 33.999004
v 67.000023 26.349039 34.449009
v 66.450020 25.399038 33.849007
v 65.000023 25.349039 33.449009
v 63.550014 25.349039 33.099010
v 64.350029 24.399038 32.949009
v 62.850021 24.399038 32.699009
v 62.050022 25.299040 32.899010
v 61.300030 26.199039 33.249004
v 60.550014 25.199039 32.849007
v 59.800026 26.099039 33.199009
v 60.100018 27.499039 33.949009
v 60.650021 27.499039 33.949009
v 60.450035 27.499039 33.949009
v 60.650021 27.299040 33.849007
v 61.150028 28.049040 34.299007
v 60.750015 27.499039 33.949009
v 61.000023 27.499039 33.949009
v 61.150028 27.549040 33.999004
v 60.850021 27.499039 33.949009
v 57.900021 28.199041 34.599007
v 57.950016 28.149040 34.549007
v 60.000027 27.499039 33.949009
v 59.950016 27.499039 33.949009
v 59.700020 27.549040 33.999004
v 59.850021 27.499039 33.999004
v 59.900021 27.499039 33.949009
v 57.750015 28.299040 34.699009
v 57.650009 28.349041 34.749008
v 57.600014 28.399040 34.799007
v 57.550018 28.399040 34.849007
v 57.550018 28.449039 34.849007
v 58.350029 25.949039 33.249004
v 59.100018 25.149038 32.849007
v 57.600014 24.999037 32.999004
v 56.900021 25.799040 33.399010
v 56.000015 25.049040 33.299007
v 56.700027 24.249039 32.899010
v 55.900021 23.399038 32.899010
v 57.450024 23.399038 32.599007
v 56.600021 22.549038 32.649010
v 55.050018 22.549038 32.999004
v 53.550018 22.549038 33.499004
v 53.150021 22.449038 36.349010
v 54.400017 22.449038 35.849007
v 53.800014 23.199038 36.199009
v 55.100021 23.199038 35.699009
v 55.750019 22.449038 35.399006
v 56.450016 23.199038 35.299007
v 57.100021 22.449038 35.099007
v 57.800014 23.199038 35.049007
v 58.450024 22.449038 34.849007
v 59.200024 23.149038 34.899010
v 59.850021 22.449038 34.749008
v 60.550014 23.199038 34.849007
v 61.200024 22.449038 34.749008
v 61.900017 23.249039 34.899010
v 62.550014 22.449038 34.849007
v 63.250034 23.249039 35.049007
v 63.900028 22.449038 35.099007
v 64.550011 23.249039 35.349007
v 65.200020 22.499037 35.399006
v 65.850021 23.299038 35.699009
v 66.500015 22.499037 35.849007
v 67.100029 23.249039 36.149010
v 67.750023 22.449038 36.349010
v 68.350037 23.249039 36.749008
v 69.000031 22.449038 36.949005
v 69.500023 23.249039 37.399010
v 70.150032 22.449038 37.649010
v 70.650032 23.199038 38.099010
v 71.250031 22.449038 38.449009
v 71.700027 23.149038 38.949009
v 72.300034 22.449038 39.349010
v 72.700027 23.199038 39.899010
v 73.300034 22.449038 40.349010
v 73.650024 23.199038 40.899010
v 74.200027 22.449038 41.399014
v 74.550018 23.199038 41.999012
v 75.000031 22.449038 42.499012
v 75.300034 23.199038 43.149014
v 75.750031 22.449038 43.699009
v 76.000031 23.199038 44.399014
v 76.350029 22.449038 44.949013
v 76.550018 23.149038 45.649014
v 76.900032 22.449038 46.199013
v 77.000031 23.199038 46.899010
v 77.300034 22.449038 47.499012
v 77.350029 23.249039 48.199013
v 77.600029 22.449038 48.849014
v 77.650024 23.249039 49.549015
v 77.800026 22.449038 50.199017
v 77.800026 23.249039 50.849014
v 77.950035 22.499037 51.549007
v 77.850029 23.299038 52.199013
v 77.950035 22.499037 52.899017
v 77.800026 23.249039 53.549015
v 77.800026 22.449038 54.249012
v 77.650024 23.249039 54.899017
v 77.600029 22.449038 55.599014
v 77.350029 23.249039 56.199017
v 77.300034 22.449038 56.899014
v 77.000031 23.199038 57.499016
v 76.900032 22.449038 58.199013
v 76.550018 23.149038 58.799015
v 76.350029 22.449038 59.499016
v 76.000031 23.199038 60.049015
v 75.750031 22.449038 60.749016
v 75.300034 23.199038 61.249016
v 75.000031 22.449038 61.899017
v 74.550018 23.199038 62.449017
v 74.200027 22.449038 63.049015
v 73.650024 23.199038 63.499020
v 73.300034 22.449038 64.099014
v 72.700027 23.199038 64.549011
v 72.300034 22.449038 65.049019
v 71.700027 23.149038 65.499016
v 71.250031 22.449038 65.949013
v 70.650032 23.199038 66.299026
v 70.150032 22.449038 66.749016
v 69.500023 23.249039 67.049019
v 69.000031 22.449038 67.449020
v 68.350037 23.249039 67.699020
v 67.750023 22.449038 68.099022
v 67.100029 23.249039 68.249016
v 66.500015 22.499037 68.599022
v 65.850021 23.299038 68.699020
v 65.200020 22.499037 68.999023
v 64.550011 23.249039 69.099022
v 63.900028 22.449038 69.349022
v 63.250034 23.249039 69.349022
v 62.550014 22.449038 69.549019
v 61.900017 23.249039 69.499023
v 61.200024 22.449038 69.649017
v 60.550014 23.199038 69.599022
v 59.850021 22.449038 69.649017
v 59.200024 23.149038 69.549019
v 58.450024 22.449038 69.549019
v 57.800014 23.199038 69.399025
v 57.100021 22.449038 69.349022
v 56.450016 23.199038 69.099022
v 55.750019 22.449038 69.049019
v 55.100021 23.199038 68.749023
v 54.400017 22.449038 68.599022
v 53.800014 23.199038 68.249016
v 53.150021 22.449038 68.049019
v 52.550018 23.199038 67.649017
v 51.900017 22.449038 67.449020
v 51.300018 23.149038 66.999016
v 50.750019 22.449038 66.699020
v 50.200016 23.199038 66.249023
v 49.650021 22.449038 65.899025
v 49.150021 23.249039 65.399025
v 48.600018 22.449038 64.999016
v 48.150017 23.249039 64.449013
v 47.650017 22.449038 64.049011
v 47.250015 23.249039 63.499020
v 46.750015 22.499037 62.999020
v 46.450016 23.299038 62.399017
v 45.950016 22.499037 61.899017
v 45.700020 23.249039 61.299019
v 45.250015 22.449038 60.749016
v 45.000015 23.249039 60.149017
v 44.600014 22.449038 59.549015
v 44.450012 23.249039 58.899021
v 44.100014 22.449038 58.299015
v 44.000015 23.199038 57.649014
v 43.700016 22.449038 56.999016
v 43.600014 23.149038 56.349018
v 43.350014 22.449038 55.649014
v 43.300014 23.199038 54.999008
v 43.150017 22.449038 54.299015
v 43.150017 23.199038 53.599010
v 43.000015 22.449038 52.899017
v 43.100014 23.199038 52.199013
v 43.000015 22.449038 51.499012
v 43.150017 23.199038 50.799015
v 43.150017 22.449038 50.149014
v 43.300014 23.199038 49.449013
v 43.350014 22.449038 48.749012
v 43.600014 23.149038 48.049015
v 43.700016 22.449038 47.449013
v 44.000015 23.199038 46.799015
v 44.100014 22.449038 46.149010
v 44.450012 23.249039 45.499012
v 44.600014 22.449038 44.899014
v 45.000015 23.249039 44.299011
v 45.250015 22.449038 43.649014
v 45.700020 23.249039 43.149014
v 45.950016 22.499037 42.499012
v 46.450016 23.299038 41.999012
v 46.750015 22.499037 41.399014
v 47.250015 23.249039 40.949013
v 47.650017 22.449038 40.349010
v 48.150017 23.249039 39.949009
v 48.600018 22.449038 39.399014
v 49.150021 23.249039 39.049007
v 49.650021 22.449038 38.499008
v 50.200016 23.199038 38.199009
v 50.750019 22.449038 37.699005
v 51.300018 23.149038 37.449005
v 51.900017 22.449038 36.999008
v 52.550018 23.199038 36.749008
v 51.950020 23.899038 37.249008
v 53.200024 23.899038 36.599010
v 54.500023 23.949038 36.049007
v 53.900017 24.649038 36.549007
v 55.200020 24.649038 36.049007
v 55.850025 23.949038 35.649010
v 56.600021 24.649038 35.649010
v 57.200027 23.899038 35.299007
v 57.950016 24.599037 35.399006
v 58.600014 23.899038 35.099007
v 59.250023 24.699038 35.249008
v 59.900021 23.949038 34.999008
v 60.550014 24.799040 35.249008
v 61.250023 23.999039 35.049007
v 61.850021 24.849037 35.349007
v 62.550014 24.049038 35.149006
v 63.150028 24.899038 35.499008
v 63.850021 24.099037 35.349007
v 64.450020 24.899038 35.799007
v 65.150024 24.099037 35.699009
v 65.700020 24.899038 36.149010
v 66.400032 24.099037 36.099010
v 66.950027 24.899038 36.599010
v 67.650017 24.099037 36.599010
v 68.100029 24.899038 37.099010
v 68.850029 24.049038 37.199005
v 69.250031 24.849037 37.749008
v 69.950020 23.999039 37.849010
v 70.350037 24.799040 38.449009
v 71.050026 23.949038 38.649014
v 71.400032 24.699038 39.199009
v 72.050026 23.899038 39.499008
v 72.400032 24.599037 40.049011
v 73.050026 23.899038 40.449009
v 73.350037 24.649038 41.099010
v 74.000031 23.949038 41.549011
v 74.250031 24.649038 42.199009
v 74.800034 23.949038 42.649014
v 75.000031 24.649038 43.399014
v 75.550018 23.899038 43.849014
v 75.700020 24.599037 44.599010
v 76.150032 23.899038 45.099014
v 76.200027 24.699038 45.799015
v 76.650024 23.949038 46.349014
v 76.650024 24.799040 47.049015
v 77.050041 23.999039 47.599014
v 76.950035 24.849037 48.299015
v 77.350029 24.049038 48.899014
v 77.200027 24.899038 49.599014
v 77.550034 24.099037 50.249012
v 77.350029 24.899038 50.899014
v 77.650024 24.099037 51.549007
v 77.400032 24.899038 52.199013
v 77.650024 24.099037 52.899017
v 77.350029 24.899038 53.499012
v 77.550034 24.099037 54.199017
v 77.200027 24.899038 54.799015
v 77.350029 24.049038 55.499008
v 76.950035 24.849037 56.099014
v 77.050041 23.999039 56.799015
v 76.650024 24.799040 57.349018
v 76.650024 23.949038 58.099014
v 76.200027 24.699038 58.599014
v 76.150032 23.899038 59.299019
v 75.700020 24.599037 59.799019
v 75.550018 23.899038 60.549015
v 75.000031 24.649038 61.049015
v 74.800034 23.949038 61.749016
v 74.250031 24.649038 62.199020
v 74.000031 23.949038 62.899017
v 73.350037 24.649038 63.299019
v 73.050026 23.899038 63.949017
v 72.400032 24.599037 64.349022
v 72.050026 23.899038 64.949013
v 71.400032 24.699038 65.199020
v 71.050026 23.949038 65.799026
v 70.350037 24.799040 65.999016
v 69.950020 23.999039 66.549019
v 69.250031 24.849037 66.699020
v 68.850029 24.049038 67.249016
v 68.100029 24.899038 67.299019
v 67.650017 24.099037 67.849022
v 66.950027 24.899038 67.849022
v 66.400032 24.099037 68.349022
v 65.700020 24.899038 68.299019
v 65.150024 24.099037 68.749023
v 64.450020 24.899038 68.649017
v 63.850021 24.099037 69.049019
v 63.150028 24.899038 68.899025
v 62.550014 24.049038 69.299019
v 61.850021 24.849037 69.099022
v 61.250023 23.999039 69.399025
v 60.550014 24.799040 69.149017
v 59.900021 23.949038 69.399025
v 59.250023 24.699038 69.149017
v 58.600014 23.899038 69.349022
v 57.950016 24.599037 69.049019
v 57.200027 23.899038 69.099022
v 56.600021 24.649038 68.749023
v 55.850025 23.949038 68.799019
v 55.200020 24.649038 68.399025
v 54.500023 23.949038 68.349022
v 53.900017 24.649038 67.899025
v 53.200024 23.899038 67.799019
v 52.600021 24.599037 67.299019
v 51.950020 23.899038 67.199020
v 51.500015 24.699038 66.649017
v 50.850014 23.949038 66.449020
v 50.450016 24.799040 65.899025
v 49.750019 23.999039 65.649017
v 49.450016 24.849037 65.049019
v 48.750023 24.049038 64.799019
v 48.500019 24.899038 64.149017
v 47.850018 24.099037 63.849022
v 47.600018 24.899038 63.199017
v 47.000011 24.099037 62.849022
v 46.800014 24.899038 62.149017
v 46.200020 24.099037 61.749016
v 46.050018 24.899038 61.049015
v 45.500015 24.099037 60.649017
v 45.400013 24.899038 59.949017
v 44.900013 24.049038 59.449017
v 44.850010 24.849037 58.749016
v 44.350010 23.999039 58.249016
v 44.350010 24.799040 57.549011
v 43.950012 23.949038 56.999016
v 44.000015 24.699038 56.299015
v 43.600014 23.899038 55.699017
v 43.700016 24.599037 55.049011
v 43.400017 23.899038 54.299015
v 43.500015 24.649038 53.649014
v 43.250019 23.949038 52.899017
v 43.450012 24.649038 52.199013
v 43.250019 23.949038 51.499012
v 43.500015 24.649038 50.799015
v 43.400017 23.899038 50.099018
v 43.700016 24.599037 49.399014
v 43.600014 23.899038 48.749012
v 44.000015 24.699038 48.149014
v 43.950012 23.949038 47.449013
v 44.350010 24.799040 46.899010
v 44.350010 23.999039 46.199013
v 44.850010 24.849037 45.699013
v 44.900013 24.049038 44.949013
v 45.400013 24.899038 44.499012
v 45.500015 24.099037 43.799011
v 46.050018 24.899038 43.349014
v 46.200020 24.099037 42.649014
v 46.800014 24.899038 42.299011
v 47.000011 24.099037 41.599010
v 47.600018 24.899038 41.249012
v 47.850018 24.099037 40.599010
v 48.500019 24.899038 40.299011
v 48.750023 24.049038 39.649010
v 49.450016 24.849037 39.399014
v 49.750019 23.999039 38.749008
v 50.450016 24.799040 38.549007
v 50.850014 23.949038 37.949009
v 51.500015 24.699038 37.799011
v 52.600021 24.599037 37.099010
v 52.200024 25.449039 37.699005
v 53.300014 25.299040 37.049011
v 54.650017 25.299040 36.499008
v 54.050018 25.999039 37.099010
v 55.400021 25.999039 36.599010
v 56.000015 25.299040 36.099010
v 56.750019 25.999039 36.199009
v 57.350029 25.299040 35.749008
v 58.000027 26.149040 36.049007
v 58.600014 25.449039 35.599007
v 59.250023 26.299040 35.999008
v 59.900021 25.549040 35.549007
v 60.500019 26.399040 35.999008
v 61.200024 25.599039 35.599007
v 61.750015 26.499041 36.099010
v 62.450031 25.699039 35.749008
v 63.000023 26.549040 36.299007
v 63.700016 25.749039 35.999008
v 64.250031 26.599039 36.549007
v 64.950027 25.749039 36.299007
v 65.450020 26.599039 36.899010
v 66.200020 25.749039 36.699005
v 66.650017 26.599039 37.349010
v 67.400032 25.749039 37.149010
v 67.800018 26.549040 37.849010
v 68.550026 25.699039 37.749008
v 68.900024 26.499041 38.449009
v 69.650017 25.599039 38.349010
v 70.000031 26.399040 39.099010
v 70.700027 25.549040 39.099010
v 71.000031 26.299040 39.799011
v 71.750023 25.449039 39.899010
v 72.000031 26.149040 40.599010
v 72.700027 25.299040 40.749012
v 72.900024 25.999039 41.449009
v 73.600029 25.299040 41.799011
v 73.750023 25.999039 42.549011
v 74.450027 25.299040 42.949009
v 74.550018 25.999039 43.749012
v 75.150032 25.299040 44.149014
v 75.100037 26.149040 44.849010
v 75.700020 25.449039 45.299011
v 75.550018 26.299040 46.049015
v 76.150032 25.549040 46.549015
v 75.900032 26.399040 47.249012
v 76.500023 25.599039 47.749012
v 76.200027 26.499041 48.449013
v 76.750031 25.699039 48.999012
v 76.400032 26.549040 49.699013
v 76.950035 25.749039 50.299015
v 76.550018 26.599039 50.949017
v 77.000031 25.749039 51.549007
v 76.550018 26.599039 52.199013
v 77.000031 25.749039 52.849014
v 76.550018 26.599039 53.499012
v 76.950035 25.749039 54.149014
v 76.400032 26.549040 54.749012
v 76.750031 25.699039 55.399017
v 76.200027 26.499041 55.999008
v 76.500023 25.599039 56.649014
v 75.900032 26.399040 57.199017
v 76.150032 25.549040 57.899021
v 75.550018 26.299040 58.399021
v 75.700020 25.449039 59.099014
v 75.100037 26.149040 59.549015
v 75.150032 25.299040 60.249016
v 74.550018 25.999039 60.699020
v 74.450027 25.299040 61.499012
v 73.750023 25.999039 61.849022
v 73.600029 25.299040 62.599018
v 72.900024 25.999039 62.999020
v 72.700027 25.299040 63.699017
v 72.000031 26.149040 63.849022
v 71.750023 25.449039 64.549011
v 71.000031 26.299040 64.649017
v 70.700027 25.549040 65.349022
v 70.000031 26.399040 65.349022
v 69.650017 25.599039 66.049019
v 68.900024 26.499041 65.999016
v 68.550026 25.699039 66.699020
v 67.800018 26.549040 66.599014
v 67.400032 25.749039 67.249016
v 66.650017 26.599039 67.099014
v 66.200020 25.749039 67.749016
v 65.450020 26.599039 67.549019
v 64.950027 25.749039 68.149017
v 64.250031 26.599039 67.849022
v 63.700016 25.749039 68.449020
v 63.000023 26.549040 68.149017
v 62.450031 25.699039 68.699020
v 61.750015 26.499041 68.349022
v 61.200024 25.599039 68.799019
v 60.500019 26.399040 68.449020
v 59.900021 25.549040 68.849022
v 59.250023 26.299040 68.449020
v 58.600014 25.449039 68.799019
v 58.000027 26.149040 68.399025
v 57.350029 25.299040 68.699020
v 56.750019 25.999039 68.249016
v 56.000015 25.299040 68.349022
v 55.400021 25.999039 67.849022
v 54.650017 25.299040 67.899025
v 54.050018 25.999039 67.349022
v 53.300014 25.299040 67.349022
v 53.000015 26.149040 66.749016
v 52.200024 25.449039 66.749016
v 51.950020 26.299040 66.049019
v 51.150021 25.549040 65.999016
v 50.900017 26.399040 65.299026
v 50.150021 25.599039 65.249023
v 49.950016 26.499041 64.499016
v 49.200020 25.699039 64.349022
v 49.050014 26.549040 63.599018
v 48.300011 25.749039 63.449017
v 48.250023 26.599039 62.649014
v 47.450016 25.749039 62.449017
v 47.450016 26.599039 61.699020
v 46.700020 25.749039 61.399017
v 46.750015 26.599039 60.649017
v 46.050018 25.749039 60.299019
v 46.100014 26.549040 59.549015
v 45.450016 25.699039 59.199013
v 45.550018 26.499041 58.399021
v 44.900013 25.599039 57.999016
v 45.050018 26.399040 57.249020
v 44.450012 25.549040 56.799015
v 44.650017 26.299040 56.049011
v 44.100014 25.449039 55.599014
v 44.350010 26.149040 54.849014
v 43.850010 25.299040 54.349014
v 44.100014 25.999039 53.649014
v 43.750019 25.299040 52.899017
v 44.050011 25.999039 52.199013
v 43.750019 25.299040 51.499012
v 44.100014 25.999039 50.799015
v 43.850010 25.299040 50.099018
v 44.350010 26.149040 49.599014
v 44.100014 25.449039 48.849014
v 44.650017 26.299040 48.349018
v 44.450012 25.549040 47.599014
v 45.050018 26.399040 47.199013
v 44.900013 25.599039 46.399010
v 45.550018 26.499041 45.999012
v 45.450016 25.699039 45.249012
v 46.100014 26.549040 44.899014
v 46.050018 25.749039 44.099014
v 46.750015 26.599039 43.799011
v 46.700020 25.749039 42.999008
v 47.450016 26.599039 42.749008
v 47.450016 25.749039 41.949009
v 48.250023 26.599039 41.749012
v 48.300011 25.749039 40.999012
v 49.050014 26.549040 40.799011
v 49.200020 25.699039 40.049011
v 49.950016 26.499041 39.949009
v 50.150021 25.599039 39.199009
v 50.900017 26.399040 39.099010
v 51.150021 25.549040 38.399010
v 51.950020 26.299040 38.349010
v 53.000015 26.149040 37.699005
v 52.750019 26.999039 38.399010
v 53.750019 26.849039 37.749008
v 54.850018 26.649040 37.149010
v 54.600021 27.499039 37.899010
v 55.650017 27.299040 37.349010
v 56.200027 26.649040 36.749008
v 56.800014 27.499039 37.149010
v 57.400024 26.849039 36.549007
v 57.950016 27.699039 37.099010
v 58.600014 26.999039 36.499008
v 59.150028 27.899038 37.049011
v 59.800026 27.149040 36.499008
v 60.350029 27.999039 37.099010
v 61.050022 27.249039 36.549007
v 61.550014 28.099041 37.249008
v 62.250019 27.349039 36.699005
v 62.750027 28.199041 37.449005
v 63.500019 27.399040 36.949005
v 63.900028 28.249039 37.699005
v 64.700020 27.449039 37.249008
v 65.100029 28.249039 38.049011
v 65.850021 27.449039 37.649010
v 66.200020 28.249039 38.449009
v 67.000023 27.399040 38.099010
v 67.350021 28.199041 38.949009
v 68.150024 27.349039 38.599010
v 68.400032 28.099041 39.499008
v 69.200035 27.249039 39.199009
v 69.450020 27.999039 40.049011
v 70.250031 27.149040 39.849010
v 70.450020 27.899038 40.749012
v 71.250031 26.999039 40.599010
v 71.400032 27.699039 41.449009
v 72.150032 26.849039 41.349010
v 72.300034 27.499039 42.199009
v 73.050026 26.649040 42.199009
v 73.150032 27.299040 42.999008
v 73.900024 26.649040 43.349014
v 73.650024 27.499039 44.049011
v 74.400032 26.849039 44.449013
v 74.100037 27.699039 45.149014
v 74.850029 26.999039 45.549015
v 74.500023 27.899038 46.299015
v 75.250038 27.149040 46.749016
v 74.800034 27.999039 47.449013
v 75.550018 27.249039 47.899014
v 75.050026 28.099041 48.599018
v 75.800026 27.349039 49.149014
v 75.200027 28.199041 49.799015
v 75.950035 27.399040 50.349018
v 75.350029 28.249039 50.999012
v 76.000031 27.449039 51.599010
v 75.350029 28.249039 52.199013
v 76.000031 27.449039 52.849014
v 75.350029 28.249039 53.449013
v 75.950035 27.399040 54.049015
v 75.200027 28.199041 54.649014
v 75.800026 27.349039 55.299015
v 75.050026 28.099041 55.799015
v 75.550018 27.249039 56.499008
v 74.800034 27.999039 56.999016
v 75.250038 27.149040 57.699017
v 74.500023 27.899038 58.149017
v 74.850029 26.999039 58.849018
v 74.100037 27.699039 59.249016
v 74.400032 26.849039 59.999012
v 73.650024 27.499039 60.349018
v 73.900024 26.649040 61.099014
v 73.150032 27.299040 61.399017
v 73.050026 26.649040 62.249016
v 72.300034 27.499039 62.249016
v 72.150032 26.849039 63.049015
v 71.400032 27.699039 62.999020
v 71.250031 26.999039 63.849022
v 70.450020 27.899038 63.699017
v 70.250031 27.149040 64.549011
v 69.450020 27.999039 64.349022
v 69.200035 27.249039 65.199020
v 68.400032 28.099041 64.949013
v 68.150024 27.349039 65.799026
v 67.350021 28.199041 65.499016
v 67.000023 27.399040 66.349022
v 66.200020 28.249039 65.949013
v 65.850021 27.449039 66.799019
v 65.100029 28.249039 66.349022
v 64.700020 27.449039 67.199020
v 63.900028 28.249039 66.699020
v 63.500019 27.399040 67.499016
v 62.750027 28.199041 66.999016
v 62.250019 27.349039 67.699020
v 61.550014 28.099041 67.199020
v 61.050022 27.249039 67.849022
v 60.350029 27.999039 67.299019
v 59.800026 27.149040 67.949020
v 59.150028 27.899038 67.349022
v 58.600014 26.999039 67.949020
v 57.950016 27.699039 67.349022
v 57.400024 26.849039 67.849022
v 56.800014 27.499039 67.249016
v 56.200027 26.649040 67.699020
v 55.650017 27.299040 67.099014
v 54.850018 26.649040 67.249016
v 54.600021 27.499039 66.549019
v 53.750019 26.849039 66.699020
v 53.600021 27.699039 65.949013
v 52.750019 26.999039 66.049019
v 52.650021 27.899038 65.249023
v 51.750019 27.149040 65.349022
v 51.700024 27.999039 64.499016
v 50.800018 27.249039 64.549011
v 50.800018 28.099041 63.699017
v 49.900017 27.349039 63.699017
v 49.950016 28.199041 62.849022
v 49.050014 27.399040 62.799019
v 49.150021 28.249039 61.899017
v 48.250023 27.449039 61.849022
v 48.450016 28.249039 60.949017
v 47.550014 27.449039 60.849018
v 47.750015 28.249039 59.949017
v 46.900013 27.399040 59.799019
v 47.150017 28.199041 58.949017
v 46.300014 27.349039 58.699013
v 46.550018 28.099041 57.849018
v 45.750015 27.249039 57.599014
v 46.100014 27.999039 56.749020
v 45.300014 27.149040 56.449017
v 45.650017 27.899038 55.649014
v 44.950012 26.999039 55.299015
v 45.300014 27.699039 54.499012
v 44.650017 26.849039 54.099010
v 45.050018 27.499039 53.349014
v 44.400013 26.649040 52.949013
v 44.800014 27.299040 52.199013
v 44.400013 26.649040 51.499012
v 45.050018 27.499039 51.049007
v 44.650017 26.849039 50.299015
v 45.300014 27.699039 49.899014
v 44.950012 26.999039 49.149014
v 45.650017 27.899038 48.799015
v 45.300014 27.149040 47.949013
v 46.100014 27.999039 47.649014
v 45.750015 27.249039 46.849014
v 46.550018 28.099041 46.549015
v 46.300014 27.349039 45.699013
v 47.150017 28.199041 45.499012
v 46.900013 27.399040 44.649014
v 47.750015 28.249039 44.449013
v 47.550014 27.449039 43.599014
v 48.450016 28.249039 43.449009
v 48.250023 27.449039 42.599014
v 49.150021 28.249039 42.499012
v 49.050014 27.399040 41.649014
v 49.950016 28.199041 41.599010
v 49.900017 27.349039 40.749012
v 50.800018 28.099041 40.749012
v 50.800018 27.249039 39.899010
v 51.700024 27.999039 39.949009
v 51.750019 27.149040 39.099010
v 52.650021 27.899038 39.199009
v 53.600021 27.699039 38.499008
v 53.800014 28.499041 39.149014
v 52.850018 28.699039 39.899010
v 54.000023 29.249041 39.899010
v 53.050018 29.449041 40.649010
v 51.900017 28.849041 40.699009
v 52.150021 29.599041 41.499012
v 51.000019 28.949041 41.549011
v 51.300018 29.699041 42.399014
v 50.200016 28.999041 42.449009
v 50.450016 29.749041 43.349014
v 49.400017 29.049040 43.399014
v 49.700020 29.799042 44.399014
v 48.700020 29.049040 44.399014
v 48.950016 29.749041 45.399014
v 48.000019 28.999041 45.449013
v 48.300011 29.699041 46.499016
v 47.400013 28.949041 46.549015
v 47.700020 29.599041 47.599014
v 46.850018 28.849041 47.649014
v 47.200020 29.449041 48.749012
v 46.400013 28.699039 48.749012
v 46.750015 29.249041 49.899014
v 46.000015 28.499041 49.899014
v 46.350010 29.049040 51.049007
v 45.650017 28.299040 51.049007
v 46.050018 28.749041 52.199013
v 45.400013 28.049040 52.199013
v 45.650017 28.299040 53.399017
v 46.350010 29.049040 53.399017
v 46.000015 28.499041 54.549015
v 46.750015 29.249041 54.549015
v 46.400013 28.699039 55.699017
v 47.200020 29.449041 55.699017
v 46.850018 28.849041 56.799015
v 47.700020 29.599041 56.849018
v 47.400013 28.949041 57.899021
v 48.300011 29.699041 57.949017
v 48.000019 28.999041 58.999016
v 48.950016 29.749041 58.999016
v 48.700020 29.049040 59.999012
v 49.700020 29.799042 60.049015
v 49.400017 29.049040 60.999012
v 50.450016 29.749041 61.049015
v 50.200016 28.999041 61.999012
v 51.300018 29.699041 61.999012
v 51.000019 28.949041 62.899017
v 52.150021 29.599041 62.899017
v 51.900017 28.849041 63.749020
v 53.050018 29.449041 63.749020
v 52.850018 28.699039 64.549011
v 54.000023 29.249041 64.549011
v 53.800014 28.499041 65.299026
v 55.000023 29.049040 65.299026
v 54.800014 28.299040 65.949013
v 56.000015 28.749041 65.949013
v 55.800014 28.049040 66.549019
v 57.000027 28.299040 66.649017
v 57.200027 29.049040 65.999016
v 58.200027 28.499041 66.699020
v 58.450024 29.249041 65.999016
v 59.400024 28.699039 66.699020
v 59.700020 29.449041 65.899025
v 60.650021 28.849041 66.599014
v 60.900017 29.599041 65.749023
v 61.850021 28.949041 66.399025
v 62.150028 29.699041 65.549019
v 63.050022 28.999041 66.149017
v 63.400024 29.749041 65.249023
v 64.250031 29.049040 65.849022
v 64.600021 29.799042 64.899025
v 65.450020 29.049040 65.449013
v 65.800026 29.749041 64.499016
v 66.600021 28.999041 64.999016
v 66.950027 29.699041 63.999020
v 67.700027 28.949041 64.499016
v 68.100029 29.599041 63.449017
v 68.800018 28.849041 63.949017
v 69.150024 29.449041 62.849022
v 69.850029 28.699039 63.299019
v 70.200035 29.249041 62.149017
v 70.850029 28.499041 62.599018
v 71.200035 29.049040 61.449017
v 71.800034 28.299040 61.849022
v 72.150032 28.749041 60.699020
v 72.650024 28.049040 61.099014
v 73.150032 28.299040 59.999012
v 72.600021 29.049040 59.549015
v 73.550018 28.499041 58.849018
v 72.950035 29.249041 58.399021
v 73.900024 28.699039 57.699017
v 73.250031 29.449041 57.199017
v 74.200027 28.849041 56.499008
v 73.500023 29.599041 55.999008
v 74.400032 28.949041 55.299015
v 73.650024 29.699041 54.749012
v 74.550018 28.999041 54.049015
v 73.800034 29.749041 53.499012
v 74.600029 29.049040 52.849014
v 73.800034 29.799042 52.199013
v 74.600029 29.049040 51.599010
v 73.800034 29.749041 50.949017
v 74.550018 28.999041 50.349018
v 73.650024 29.699041 49.699013
v 74.400032 28.949041 49.149014
v 73.500023 29.599041 48.449013
v 74.200027 28.849041 47.899014
v 73.250031 29.449041 47.249012
v 73.900024 28.699039 46.749016
v 72.950035 29.249041 46.049015
v 73.550018 28.499041 45.549015
v 72.600021 29.049040 44.849010
v 73.150032 28.299040 44.449013
v 72.150032 28.749041 43.749012
v 72.650024 28.049040 43.349014
v 71.800034 28.299040 42.549011
v 71.200035 29.049040 42.999008
v 70.850029 28.499041 41.799011
v 70.200035 29.249041 42.249012
v 69.850029 28.699039 41.149010
v 69.150024 29.449041 41.599010
v 68.800018 28.849041 40.499012
v 68.100029 29.599041 40.999012
v 67.700027 28.949041 39.949009
v 66.950027 29.699041 40.449009
v 66.600021 28.999041 39.399014
v 65.800026 29.749041 39.949009
v 65.450020 29.049040 38.949009
v 64.600021 29.799042 39.549007
v 64.250031 29.049040 38.599010
v 63.400024 29.749041 39.149014
v 63.050022 28.999041 38.249008
v 62.150028 29.699041 38.899014
v 61.850021 28.949041 37.999008
v 60.900017 29.599041 38.649014
v 60.650021 28.849041 37.849010
v 59.700020 29.449041 38.499008
v 59.400024 28.699039 37.749008
v 58.450024 29.249041 38.449009
v 58.200027 28.499041 37.699005
v 57.200027 29.049040 38.449009
v 57.000027 28.299040 37.749008
v 56.000015 28.749041 38.499008
v 55.800014 28.049040 37.899010
v 54.800014 28.299040 38.499008
v 55.000023 29.049040 39.149014
v 56.250019 29.449041 39.199009
v 55.250019 29.749041 39.899010
v 54.250019 29.949041 40.649010
v 55.500015 30.399040 40.699009
v 54.550018 30.649040 41.549011
v 53.350018 30.149040 41.499012
v 53.600021 30.799040 42.399014
v 52.400017 30.299042 42.399014
v 52.750019 30.949041 43.349014
v 51.550018 30.399040 43.349014
v 51.900017 30.999041 44.349010
v 50.750019 30.449041 44.349010
v 51.100018 31.049042 45.399014
v 50.000019 30.449041 45.399014
v 50.350014 30.999041 46.449013
v 49.300011 30.399040 46.499016
v 49.650021 30.949041 47.599014
v 48.650017 30.299042 47.599014
v 49.050014 30.799040 48.699013
v 48.100018 30.149040 48.699013
v 48.500019 30.649040 49.849014
v 47.600018 29.949041 49.899014
v 48.000019 30.399040 51.049007
v 47.150017 29.749041 51.049007
v 47.550014 30.149040 52.199013
v 46.750015 29.449041 52.199013
v 47.150017 29.749041 53.399017
v 48.000019 30.399040 53.399017
v 47.600018 29.949041 54.549015
v 48.500019 30.649040 54.549015
v 48.100018 30.149040 55.699017
v 49.050014 30.799040 55.699017
v 48.650017 30.299042 56.849018
v 49.650021 30.949041 56.849018
v 49.300011 30.399040 57.949017
v 50.350014 30.999041 57.949017
v 50.000019 30.449041 59.049019
v 51.100018 31.049042 59.049019
v 50.750019 30.449041 60.049015
v 51.900017 30.999041 60.049015
v 51.550018 30.399040 61.049015
v 52.750019 30.949041 61.049015
v 52.400017 30.299042 61.999012
v 53.600021 30.799040 61.999012
v 53.350018 30.149040 62.899017
v 54.550018 30.649040 62.899017
v 54.250019 29.949041 63.749020
v 55.500015 30.399040 63.749020
v 55.250019 29.749041 64.549011
v 56.500015 30.149040 64.499016
v 56.250019 29.449041 65.249023
v 57.450024 29.749041 65.249023
v 57.750015 30.399040 64.449013
v 58.700020 29.949041 65.199020
v 59.000027 30.649040 64.349022
v 59.950016 30.149040 65.099014
v 60.250023 30.799040 64.149017
v 61.200024 30.299042 64.899025
v 61.550014 30.949041 63.949017
v 62.500019 30.399040 64.599014
v 62.800022 30.999041 63.599018
v 63.700016 30.449041 64.299019
v 64.050018 31.049042 63.249020
v 64.950027 30.449041 63.899025
v 65.300026 30.999041 62.799019
v 66.150024 30.399040 63.399017
v 66.500015 30.949041 62.299019
v 67.300026 30.299042 62.899017
v 67.650017 30.799040 61.749016
v 68.450020 30.149040 62.299019
v 68.800018 30.649040 61.149017
v 69.550026 29.949041 61.699020
v 69.900024 30.399040 60.499012
v 70.600021 29.749041 60.999012
v 70.950020 30.149040 59.799019
v 71.550026 29.449041 60.249016
v 71.950020 29.749041 59.099014
v 71.250031 30.399040 58.599014
v 72.300034 29.949041 57.899021
v 71.550026 30.649040 57.349018
v 72.550018 30.149040 56.649014
v 71.800034 30.799040 56.099014
v 72.750023 30.299042 55.399017
v 71.950020 30.949041 54.799015
v 72.900024 30.399040 54.149014
v 72.050026 30.999041 53.499012
v 72.950035 30.449041 52.849014
v 72.100021 31.049042 52.199013
v 72.950035 30.449041 51.549007
v 72.050026 30.999041 50.899014
v 72.900024 30.399040 50.299015
v 71.950020 30.949041 49.599014
v 72.750023 30.299042 48.999012
v 71.800034 30.799040 48.299015
v 72.550018 30.149040 47.749012
v 71.550026 30.649040 47.049015
v 72.300034 29.949041 46.549015
v 71.250031 30.399040 45.799015
v 71.950020 29.749041 45.299011
v 70.950020 30.149040 44.599010
v 71.550026 29.449041 44.149014
v 70.600021 29.749041 43.449009
v 69.900024 30.399040 43.899014
v 69.550026 29.949041 42.749008
v 68.800018 30.649040 43.249012
v 68.450020 30.149040 42.099014
v 67.650017 30.799040 42.649014
v 67.300026 30.299042 41.549011
v 66.500015 30.949041 42.099014
v 66.150024 30.399040 40.999012
v 65.300026 30.999041 41.599010
v 64.950027 30.449041 40.549011
v 64.050018 31.049042 41.199009
v 63.700016 30.449041 40.149010
v 62.800022 30.999041 40.799011
v 62.500019 30.399040 39.799011
v 61.550014 30.949041 40.499012
v 61.200024 30.299042 39.549007
v 60.250023 30.799040 40.249012
v 59.950016 30.149040 39.349010
v 59.000027 30.649040 40.099010
v 58.700020 29.949041 39.249008
v 57.750015 30.399040 39.949009
v 57.450024 29.749041 39.149014
v 56.500015 30.149040 39.949009
v 56.750019 30.749041 40.749012
v 55.800014 30.999041 41.549011
v 57.000027 31.299042 41.599010
v 58.000027 30.999041 40.849010
v 58.300018 31.599041 41.749012
v 59.300030 31.249041 40.999012
v 59.600014 31.799042 41.949009
v 60.600014 31.399042 41.199009
v 60.900017 31.949041 42.249012
v 61.850021 31.549042 41.499012
v 62.200024 32.049042 42.549011
v 63.150028 31.599041 41.849010
v 63.500019 32.049042 42.949009
v 64.400032 31.599041 42.249012
v 64.750023 32.049042 43.399014
v 65.650017 31.549042 42.749008
v 66.000023 31.949041 43.899014
v 66.850021 31.399042 43.249012
v 67.200035 31.799042 44.449013
v 68.050034 31.249041 43.849014
v 68.400032 31.599041 44.999012
v 69.150024 30.999041 44.449013
v 69.500023 31.299042 45.649014
v 70.250031 30.749041 45.099014
v 70.550026 30.999041 46.349014
v 69.750023 31.599041 46.899010
v 70.800018 31.249041 47.599014
v 69.950020 31.799042 48.199013
v 70.950020 31.399042 48.899014
v 70.100029 31.949041 49.549015
v 71.100029 31.549042 50.249012
v 70.200035 32.049042 50.849014
v 71.150032 31.599041 51.549007
v 70.200035 32.049042 52.199013
v 71.150032 31.599041 52.899017
v 70.200035 32.049042 53.549015
v 71.100029 31.549042 54.199017
v 70.100029 31.949041 54.899017
v 70.950020 31.399042 55.499008
v 69.950020 31.799042 56.199017
v 70.800018 31.249041 56.799015
v 69.750023 31.599041 57.499016
v 70.550026 30.999041 58.099014
v 69.500023 31.299042 58.799015
v 70.250031 30.749041 59.299019
v 69.150024 30.999041 59.999012
v 68.400032 31.599041 59.399021
v 68.050034 31.249041 60.599014
v 67.200035 31.799042 59.999012
v 66.850021 31.399042 61.149017
v 66.000023 31.949041 60.549015
v 65.650017 31.549042 61.699020
v 64.750023 32.049042 61.049015
v 64.400032 31.599041 62.149017
v 63.500019 32.049042 61.499012
v 63.150028 31.599041 62.549015
v 62.200024 32.049042 61.849022
v 61.850021 31.549042 62.899017
v 60.900017 31.949041 62.199020
v 60.600014 31.399042 63.199017
v 59.600014 31.799042 62.449017
v 59.300030 31.249041 63.449017
v 58.300018 31.599041 62.699017
v 58.000027 30.999041 63.599018
v 57.000027 31.299042 62.849022
v 56.750019 30.749041 63.699017
v 55.800014 30.999041 62.849022
v 56.050022 31.599041 61.949017
v 54.850018 31.249041 61.999012
v 55.150024 31.799042 61.049015
v 53.950020 31.399042 61.049015
v 54.250019 31.949041 60.049015
v 53.050018 31.549042 60.049015
v 53.400017 32.049042 58.999016
v 52.250019 31.599041 59.049019
v 52.600021 32.049042 57.949017
v 51.450020 31.599041 57.949017
v 51.850014 32.049042 56.849018
v 50.700016 31.549042 56.849018
v 51.100018 31.949041 55.699017
v 50.050014 31.399042 55.699017
v 50.450016 31.799042 54.549015
v 49.450016 31.249041 54.549015
v 49.850014 31.599041 53.399017
v 48.900013 30.999041 53.399017
v 49.300011 31.299042 52.199013
v 48.400013 30.749041 52.199013
v 48.900013 30.999041 51.049007
v 49.850014 31.599041 51.049007
v 49.450016 31.249041 49.849014
v 50.450016 31.799042 49.899014
v 50.050014 31.399042 48.699013
v 51.100018 31.949041 48.699013
v 50.700016 31.549042 47.599014
v 51.850014 32.049042 47.599014
v 51.450020 31.599041 46.499016
v 52.600021 32.049042 46.499016
v 52.250019 31.599041 45.399014
v 53.400017 32.049042 45.399014
v 53.050018 31.549042 44.349010
v 54.250019 31.949041 44.399014
v 53.950020 31.399042 43.399014
v 55.150024 31.799042 43.399014
v 54.850018 31.249041 42.449009
v 56.050022 31.599041 42.449009
v 56.400021 32.099045 43.449009
v 55.500015 32.299042 44.399014
v 56.700027 32.549042 44.449013
v 55.850025 32.749043 45.449013
v 54.600021 32.449043 45.449013
v 54.950020 32.849045 46.499016
v 53.750019 32.499043 46.499016
v 54.150021 32.849045 47.599014
v 52.950020 32.499043 47.599014
v 53.350018 32.849045 48.749012
v 52.200024 32.449043 48.749012
v 52.600021 32.749043 49.899014
v 51.500015 32.299042 49.899014
v 51.900017 32.549042 51.049007
v 50.850014 32.099045 51.049007
v 51.300018 32.299042 52.199013
v 50.250019 31.849041 52.199013
v 50.850014 32.099045 53.399017
v 51.900017 32.549042 53.399017
v 51.500015 32.299042 54.549015
v 52.600021 32.749043 54.549015
v 52.200024 32.449043 55.699017
v 53.350018 32.849045 55.699017
v 52.950020 32.499043 56.849018
v 54.150021 32.849045 56.799015
v 53.750019 32.499043 57.949017
v 54.950020 32.849045 57.899021
v 54.600021 32.449043 58.999016
v 55.850025 32.749043 58.949017
v 55.500015 32.299042 59.999012
v 56.700027 32.549042 59.999012
v 56.400021 32.099045 60.999012
v 57.650009 32.299042 60.949017
v 57.300022 31.849041 61.899017
v 58.600014 32.099045 61.699020
v 58.950016 32.549042 60.699020
v 59.900021 32.299042 61.449017
v 60.250023 32.749043 60.399021
v 61.250023 32.449043 61.149017
v 61.600025 32.849045 60.049015
v 62.550014 32.499043 60.799019
v 62.900017 32.849045 59.649017
v 63.850021 32.499043 60.349018
v 64.200020 32.849045 59.199013
v 65.100029 32.449043 59.899021
v 65.450020 32.749043 58.699013
v 66.350021 32.299042 59.349018
v 66.700027 32.549042 58.199013
v 67.550026 32.099045 58.799015
v 67.900024 32.299042 57.599014
v 68.750023 31.849041 58.199013
v 68.950020 32.099045 56.899014
v 68.100029 32.549042 56.299015
v 69.100029 32.299042 55.599014
v 68.200035 32.749043 54.949020
v 69.200035 32.449043 54.249012
v 68.300026 32.849045 53.599010
v 69.250031 32.499043 52.899017
v 68.300026 32.849045 52.199013
v 69.250031 32.499043 51.549007
v 68.300026 32.849045 50.849014
v 69.200035 32.449043 50.199017
v 68.200035 32.749043 49.499016
v 69.100029 32.299042 48.849014
v 68.100029 32.549042 48.149014
v 68.950020 32.099045 47.499012
v 67.900024 32.299042 46.799015
v 68.750023 31.849041 46.199013
v 67.550026 32.099045 45.599014
v 66.700027 32.549042 46.249016
v 66.350021 32.299042 45.049011
v 65.450020 32.749043 45.699013
v 65.100029 32.449043 44.549011
v 64.200020 32.849045 45.199013
v 63.850021 32.499043 44.049011
v 62.900017 32.849045 44.749012
v 62.550014 32.499043 43.649014
v 61.600025 32.849045 44.349010
v 61.250023 32.449043 43.299011
v 60.250023 32.749043 43.999012
v 59.900021 32.299042 42.949009
v 58.950016 32.549042 43.699009
v 58.600014 32.099045 42.699009
v 57.650009 32.299042 43.449009
v 57.300022 31.849041 42.499012
v 57.950016 32.749043 44.449013
v 57.050022 32.949043 45.499012
v 58.300018 33.149044 45.499012
v 59.300030 32.949043 44.749012
v 59.600014 33.299042 45.849014
v 60.600014 33.099045 45.099014
v 60.950027 33.449043 46.199013
v 61.950027 33.199043 45.499012
v 62.300030 33.449043 46.599014
v 63.250034 33.199043 45.899010
v 63.600021 33.449043 47.049015
v 64.550011 33.099045 46.399010
v 64.900032 33.299042 47.549015
v 65.850021 32.949043 46.899010
v 66.200020 33.149044 48.049015
v 67.050034 32.749043 47.449013
v 67.200035 32.949043 48.749012
v 66.300026 33.299042 49.449013
v 67.300026 33.099045 50.149014
v 66.350021 33.449043 50.799015
v 67.300026 33.199043 51.499012
v 66.350021 33.449043 52.199013
v 67.300026 33.199043 52.899017
v 66.350021 33.449043 53.599010
v 67.300026 33.099045 54.299015
v 66.300026 33.299042 54.999008
v 67.200035 32.949043 55.649014
v 66.200020 33.149044 56.349018
v 67.050034 32.749043 56.999016
v 65.850021 32.949043 57.549011
v 64.900032 33.299042 56.899014
v 64.550011 33.099045 58.049011
v 63.600021 33.449043 57.349018
v 63.250034 33.199043 58.499016
v 62.300030 33.449043 57.799015
v 61.950027 33.199043 58.949017
v 60.950027 33.449043 58.199013
v 60.600014 33.099045 59.349018
v 59.600014 33.299042 58.599014
v 59.300030 32.949043 59.649017
v 58.300018 33.149044 58.949017
v 57.950016 32.749043 59.949017
v 57.050022 32.949043 58.949017
v 57.400024 33.299042 57.899021
v 56.200027 33.099045 57.899021
v 56.550022 33.449043 56.799015
v 55.350018 33.199043 56.799015
v 55.700027 33.449043 55.649014
v 54.550018 33.199043 55.699017
v 54.900017 33.449043 54.549015
v 53.750019 33.099045 54.549015
v 54.150021 33.299042 53.399017
v 53.000015 32.949043 53.399017
v 53.400017 33.149044 52.199013
v 52.350014 32.749043 52.199013
v 53.000015 32.949043 51.049007
v 54.150021 33.299042 51.049007
v 53.750019 33.099045 49.899014
v 54.900017 33.449043 49.899014
v 54.550018 33.199043 48.749012
v 55.700027 33.449043 48.749012
v 55.350018 33.199043 47.649014
v 56.550022 33.449043 47.649014
v 56.200027 33.099045 46.549015
v 57.400024 33.299042 46.549015
v 57.750015 33.599045 47.649014
v 56.950016 33.699043 48.749012
v 58.150028 33.849045 48.799015
v 57.300022 33.849045 49.899014
v 56.100021 33.699043 49.899014
v 56.500015 33.849045 51.049007
v 55.300014 33.599045 51.049007
v 55.700027 33.699043 52.199013
v 54.550018 33.449043 52.199013
v 55.300014 33.599045 53.349014
v 56.500015 33.849045 53.349014
v 56.100021 33.699043 54.499012
v 57.300022 33.849045 54.499012
v 56.950016 33.699043 55.649014
v 58.150028 33.849045 55.649014
v 57.750015 33.599045 56.749020
v 59.000027 33.699043 56.749020
v 58.650024 33.449043 57.849018
v 60.000027 33.599045 57.499016
v 60.350029 33.849045 56.349018
v 61.300030 33.699043 57.099014
v 61.700020 33.849045 55.949020
v 62.650021 33.699043 56.649014
v 63.000023 33.849045 55.499008
v 64.000023 33.599045 56.199017
v 64.350029 33.699043 55.049011
v 65.300026 33.449043 55.699017
v 65.350029 33.599045 54.299015
v 64.400032 33.849045 53.649014
v 65.350029 33.699043 52.899017
v 64.400032 33.849045 52.199013
v 65.350029 33.699043 51.499012
v 64.400032 33.849045 50.799015
v 65.350029 33.599045 50.099018
v 64.350029 33.699043 49.399014
v 65.300026 33.449043 48.749012
v 64.000023 33.599045 48.249012
v 63.000023 33.849045 48.949013
v 62.650021 33.699043 47.799015
v 61.700020 33.849045 48.499012
v 61.300030 33.699043 47.349014
v 60.350029 33.849045 48.049015
v 60.000027 33.599045 46.949013
v 59.000027 33.699043 47.649014
v 58.650024 33.449043 46.549015
v 59.350029 33.899040 48.799015
v 58.500019 33.999043 49.899014
v 59.300030 33.999043 49.649014
v 59.200024 33.999043 49.699013
v 59.200024 33.749043 49.449013
v 58.950016 33.899040 49.699013
v 59.000027 33.999043 49.849014
v 58.850021 33.999043 49.899014
v 58.750015 33.999043 49.999012
v 58.700020 33.999043 49.999012
v 58.600014 33.999043 50.149014
v 58.500019 33.999043 50.199017
v 58.450024 33.999043 50.249012
v 58.350029 33.749043 49.949017
v 58.100021 33.749043 50.249012
v 58.200027 33.999043 50.549015
v 57.700020 33.999043 51.049007
v 58.200027 33.999043 50.599018
v 58.000027 33.999043 50.899014
v 57.900021 33.749043 50.599018
v 57.800014 33.449043 50.249012
v 57.600014 33.449043 50.549015
v 57.700020 33.749043 50.899014
v 57.950016 33.999043 50.949017
v 57.900021 33.999043 51.049007
v 57.800014 33.999043 51.199013
v 57.850021 33.999043 51.199013
v 57.800014 33.999043 51.299011
v 57.800014 33.999043 51.399014
v 57.750015 33.999043 51.549007
v 57.700020 33.999043 51.799011
v 57.600014 33.899040 51.549007
v 57.700020 33.999043 51.899017
v 57.450024 33.749043 51.899017
v 57.550018 33.899040 52.199013
v 57.300022 33.599045 52.199013
v 57.450024 33.749043 52.549007
v 57.700020 33.999043 52.549007
v 57.600014 33.899040 52.899017
v 57.700020 33.999043 52.649014
v 57.750015 33.999043 52.899017
v 57.700020 33.999043 53.349014
v 57.800014 33.999043 53.049015
v 57.800014 33.999043 53.149014
v 57.850021 33.999043 53.199013
v 57.900021 33.999043 53.349014
v 57.800014 33.999043 53.199013
v 57.950016 33.999043 53.449013
v 57.700020 33.749043 53.549015
v 58.000027 33.999043 53.549015
v 58.200027 33.999043 53.849014
v 58.200027 33.999043 53.899017
v 58.450024 33.999043 54.149014
v 58.500019 33.999043 54.499012
v 58.500019 33.999043 54.199017
v 58.600014 33.999043 54.299015
v 58.700020 33.999043 54.449020
v 58.350029 33.749043 54.449020
v 58.600014 33.649040 54.749012
v 58.950016 33.899040 54.749012
v 58.850021 33.999043 54.499012
v 58.750015 33.999043 54.449020
v 58.700020 33.999043 54.399017
v 59.000027 33.999043 54.599010
v 59.200024 33.999043 54.749012
v 59.300030 33.999043 54.749012
v 59.350029 33.899040 55.649014
v 59.400024 33.999043 54.799015
v 59.200024 33.749043 54.999008
v 59.550014 33.899040 54.999008
v 59.600014 33.999043 54.899017
v 59.800026 33.999043 54.949020
v 59.950016 33.999043 54.999008
v 60.000027 33.999043 54.999008
v 60.250023 33.999043 54.999008
v 60.450035 33.999043 54.999008
v 60.700020 33.999043 55.249012
v 60.550014 33.999043 54.999008
v 60.600014 33.999043 54.999008
v 60.800026 33.999043 54.999008
v 60.600014 33.999043 55.049011
v 60.900017 33.999043 54.999008
v 60.850021 33.749043 55.299015
v 60.950027 33.999043 54.999008
v 61.000023 33.999043 54.999008
v 61.300030 33.999043 54.899017
v 61.350029 33.999043 54.899017
v 61.700020 33.999043 54.749012
v 62.050022 33.999043 54.799015
v 61.800026 33.999043 54.699017
v 61.850021 33.999043 54.649014
v 62.000023 33.999043 54.549015
v 62.050022 33.999043 54.549015
v 62.050022 33.999043 54.599010
v 61.950027 33.749043 54.899017
v 62.300030 33.649040 54.749012
v 62.400024 33.899040 54.449020
v 62.300030 33.999043 54.349014
v 62.150028 33.999043 54.449020
v 62.450031 33.999043 54.199017
v 62.550014 33.999043 54.149014
v 62.600025 33.999043 54.049015
v 62.750027 33.999043 53.849014
v 63.400024 33.899040 54.349014
v 62.850021 33.999043 53.699009
v 62.950027 33.999043 53.599010
v 63.000023 33.999043 53.499012
v 63.100029 33.999043 53.299019
v 63.150028 33.999043 53.149014
v 63.400024 33.999043 52.899017
v 63.150028 33.999043 52.999012
v 63.200024 33.999043 52.949013
v 63.200024 33.999043 52.799011
v 63.250034 33.999043 52.699013
v 63.250034 33.999043 52.599010
v 63.300030 33.999043 52.249016
v 63.300030 33.999043 52.199013
v 63.250034 33.999043 51.849014
v 63.400024 33.999043 51.499012
v 63.250034 33.999043 51.799011
v 63.500019 33.749043 51.649010
v 63.500019 33.749043 52.049007
v 63.800022 33.449043 51.849014
v 63.750027 33.399040 51.449017
v 63.450020 33.649040 51.249016
v 63.250034 33.999043 51.449017
v 63.200024 33.899040 51.049007
v 63.150028 33.999043 51.399014
v 63.200024 33.999043 51.499012
v 63.200024 33.999043 51.649010
v 63.250034 33.999043 51.749016
v 63.150028 33.999043 51.299011
v 63.100029 33.999043 51.149010
v 63.400024 33.899040 50.099018
v 63.000023 33.999043 50.949017
v 63.150028 33.749043 50.699017
v 62.950027 33.999043 50.849014
v 62.850021 33.899040 50.499012
v 62.850021 33.999043 50.749020
v 62.750027 33.999043 50.549015
v 62.600025 33.999043 50.399014
v 62.750027 33.749043 50.149014
v 62.550014 33.999043 50.299015
v 62.400024 33.899040 49.999012
v 62.450031 33.999043 50.249012
v 62.050022 33.999043 49.649014
v 62.300030 33.999043 50.049015
v 62.150028 33.999043 49.999012
v 62.050022 33.999043 49.849014
v 62.300030 33.649040 49.649014
v 61.950027 33.749043 49.499016
v 61.800026 33.999043 49.749016
v 62.000023 33.999043 49.849014
v 62.050022 33.999043 49.899014
v 61.850021 33.999043 49.799015
v 61.700020 33.999043 49.699013
v 61.600025 33.749043 49.349014
v 61.850021 33.449043 49.199013
v 61.500019 33.449043 49.049015
v 61.250023 33.749043 49.249016
v 61.350029 33.999043 49.549015
v 61.300030 33.999043 49.549015
v 60.700020 33.999043 49.199013
v 61.000023 33.999043 49.449013
v 60.950027 33.999043 49.449013
v 60.850021 33.749043 49.149014
v 61.150028 33.449043 48.949013
v 60.800026 33.399040 48.849014
v 60.500019 33.649040 49.049015
v 60.600014 33.999043 49.349014
v 60.900017 33.999043 49.449013
v 60.800026 33.999043 49.449013
v 60.600014 33.999043 49.399014
v 60.550014 33.999043 49.399014
v 60.250023 33.899040 49.299015
v 60.400024 33.999043 49.399014
v 60.250023 33.999043 49.399014
v 60.000027 33.999043 49.449013
v 59.950016 33.999043 49.449013
v 59.850021 33.749043 49.199013
v 60.150028 33.599045 48.999012
v 59.750015 33.449043 48.949013
v 59.500019 33.599045 49.199013
v 59.550014 33.899040 49.449013
v 59.800026 33.999043 49.499016
v 59.600014 33.999043 49.549015
v 59.400024 33.999043 49.599014
v 59.150028 33.449043 49.149014
v 58.850021 33.599045 49.399014
v 58.800014 33.249043 49.149014
v 58.500019 33.349045 49.399014
v 58.600014 33.649040 49.699013
v 58.250023 33.399040 49.699013
v 58.000027 33.449043 49.949017
v 57.950016 33.099045 49.699013
v 57.700020 33.099045 49.949017
v 57.500019 33.099045 50.249012
v 57.400024 32.749043 49.999012
v 57.200027 32.749043 50.249012
v 57.300022 33.099045 50.599018
v 57.400024 33.399040 50.899014
v 57.100021 33.049042 50.899014
v 57.200027 33.349045 51.199013
v 57.500019 33.649040 51.199013
v 57.300022 33.599045 51.549007
v 57.050022 33.249043 51.549007
v 57.150017 33.449043 51.899017
v 56.900021 33.099045 51.899017
v 57.050022 33.299042 52.199013
v 57.150017 33.449043 52.549007
v 56.900021 33.099045 52.549007
v 57.050022 33.249043 52.899017
v 57.300022 33.599045 52.899017
v 57.200027 33.349045 53.199013
v 57.500019 33.649040 53.199013
v 57.400024 33.399040 53.549015
v 57.600014 33.449043 53.849014
v 57.900021 33.749043 53.849014
v 57.800014 33.449043 54.149014
v 58.100021 33.749043 54.149014
v 58.000027 33.449043 54.449020
v 58.250023 33.399040 54.749012
v 57.950016 33.099045 54.749012
v 58.150028 33.049042 54.999008
v 58.500019 33.349045 54.999008
v 58.850021 33.599045 54.999008
v 58.800014 33.249043 55.249012
v 59.150028 33.449043 55.249012
v 59.500019 33.599045 55.249012
v 59.400024 33.299042 55.499008
v 59.750015 33.449043 55.449020
v 59.850021 33.749043 55.199017
v 60.150028 33.599045 55.399017
v 60.250023 33.899040 55.149014
v 60.500019 33.649040 55.349014
v 60.400024 33.349045 55.649014
v 60.800026 33.399040 55.549011
v 61.150028 33.449043 55.449020
v 61.250023 33.749043 55.199017
v 61.500019 33.449043 55.349014
v 61.600025 33.749043 55.049011
v 61.850021 33.449043 55.249012
v 62.200024 33.399040 55.099010
v 62.100029 33.099045 55.399017
v 62.450031 33.049042 55.249012
v 62.550014 33.349045 54.949020
v 62.650021 33.599045 54.599010
v 62.850021 33.249043 54.749012
v 62.950027 33.449043 54.449020
v 62.750027 33.749043 54.249012
v 63.050022 33.599045 54.099010
v 62.850021 33.899040 53.949013
v 63.150028 33.749043 53.749012
v 63.350025 33.449043 53.899017
v 63.400024 33.599045 53.549015
v 63.200024 33.899040 53.349014
v 63.450020 33.649040 53.149014
v 63.250034 33.999043 52.999012
v 63.500019 33.749043 52.799011
v 63.750027 33.399040 52.949013
v 63.800022 33.449043 52.599010
v 63.500019 33.749043 52.399017
v 63.800022 33.449043 52.199013
v 64.050018 33.099045 52.399017
v 64.050018 33.099045 52.049007
v 64.000023 33.099045 51.649010
v 64.300026 32.749043 51.849014
v 64.250031 32.699043 51.499012
v 64.000023 33.049042 51.299011
v 63.700016 33.349045 51.099010
v 63.950027 32.949043 50.949017
v 63.650021 33.249043 50.749020
v 63.400024 33.599045 50.899014
v 63.350025 33.449043 50.549015
v 63.050022 33.599045 50.349018
v 63.250034 33.299042 50.199017
v 62.950027 33.449043 49.999012
v 62.650021 33.599045 49.799015
v 62.850021 33.249043 49.649014
v 62.550014 33.349045 49.499016
v 62.200024 33.399040 49.349014
v 62.450031 33.049042 49.149014
v 62.100029 33.099045 48.999012
v 61.750015 33.099045 48.899014
v 62.000023 32.749043 48.699013
v 61.650021 32.749043 48.599018
v 61.400024 33.099045 48.749012
v 61.050022 33.099045 48.649014
v 61.300030 32.749043 48.499012
v 60.950027 32.699043 48.399014
v 60.700020 33.049042 48.599018
v 60.400024 33.349045 48.799015
v 60.350029 32.949043 48.549015
v 60.050022 33.249043 48.749012
v 59.950016 32.849045 48.499012
v 59.700020 33.099045 48.699013
v 59.400024 33.299042 48.949013
v 59.350029 32.949043 48.699013
v 59.050022 33.099045 48.899014
v 59.000027 32.699043 48.699013
v 58.700020 32.849045 48.899014
v 58.450024 32.949043 49.149014
v 58.350029 32.549042 48.899014
v 58.100021 32.649040 49.149014
v 58.150028 33.049042 49.399014
v 57.850021 32.699043 49.399014
v 57.600014 32.749043 49.699013
v 57.550018 32.299042 49.399014
v 57.300022 32.299042 49.699013
v 57.100021 32.299042 49.999012
v 57.050022 31.849041 49.699013
v 56.850025 31.849041 49.999012
v 56.900021 32.299042 50.299015
v 57.000027 32.699043 50.599018
v 56.750019 32.249043 50.599018
v 56.850025 32.649040 50.899014
v 56.950016 32.949043 51.199013
v 56.700027 32.549042 51.199013
v 56.800014 32.849045 51.549007
v 56.550022 32.449043 51.549007
v 56.650017 32.699043 51.899017
v 56.800014 32.949043 52.199013
v 56.550022 32.549042 52.199013
v 56.650017 32.699043 52.549007
v 56.800014 32.849045 52.899017
v 56.550022 32.449043 52.899017
v 56.700027 32.549042 53.199013
v 56.950016 32.949043 53.199013
v 56.850025 32.649040 53.549015
v 57.100021 33.049042 53.549015
v 57.000027 32.699043 53.849014
v 57.300022 33.099045 53.849014
v 57.200027 32.749043 54.149014
v 57.500019 33.099045 54.149014
v 57.400024 32.749043 54.449020
v 57.700020 33.099045 54.449020
v 57.600014 32.749043 54.749012
v 57.850021 32.699043 54.999008
v 57.550018 32.299042 54.999008
v 57.750015 32.249043 55.249012
v 58.100021 32.649040 55.249012
v 58.450024 32.949043 55.249012
v 58.350029 32.549042 55.499008
v 58.700020 32.849045 55.499008
v 59.050022 33.099045 55.499008
v 59.000027 32.699043 55.749012
v 59.350029 32.949043 55.749012
v 59.700020 33.099045 55.699017
v 59.600014 32.699043 55.949020
v 59.950016 32.849045 55.949020
v 60.050022 33.249043 55.699017
v 60.350029 32.949043 55.899017
v 60.700020 33.049042 55.849018
v 60.600014 32.649040 56.099014
v 60.950027 32.699043 55.999008
v 61.050022 33.099045 55.749012
v 61.300030 32.749043 55.949020
v 61.400024 33.099045 55.649014
v 61.650021 32.749043 55.849018
v 61.750015 33.099045 55.549011
v 62.000023 32.749043 55.699017
v 62.350025 32.699043 55.599014
v 62.200024 32.299042 55.849018
v 62.550014 32.249043 55.749012
v 62.650021 32.649040 55.399017
v 62.750027 32.949043 55.099010
v 62.950027 32.549042 55.249012
v 63.050022 32.849045 54.899017
v 63.150028 33.099045 54.599010
v 63.350025 32.699043 54.749012
v 63.450020 32.949043 54.399017
v 63.250034 33.299042 54.249012
v 63.550014 33.099045 54.049015
v 63.650021 33.249043 53.699009
v 63.850021 32.849045 53.849014
v 63.950027 32.949043 53.499012
v 63.700016 33.349045 53.349014
v 64.000023 33.049042 53.149014
v 64.000023 33.099045 52.749016
v 64.250031 32.699043 52.949013
v 64.300026 32.749043 52.599010
v 64.300026 32.749043 52.199013
v 64.500015 32.299042 52.399017
v 64.500015 32.299042 52.049007
v 64.500015 32.299042 51.699013
v 64.700020 31.849041 51.849014
v 64.700020 31.849041 51.549007
v 64.450020 32.249043 51.349014
v 64.200020 32.649040 51.149010
v 64.400032 32.199043 50.999012
v 64.150024 32.549042 50.799015
v 63.850021 32.849045 50.599018
v 64.050018 32.449043 50.449017
v 63.750027 32.699043 50.249012
v 63.550014 33.099045 50.399014
v 63.450020 32.949043 50.049015
v 63.150028 33.099045 49.849014
v 63.350025 32.699043 49.699013
v 63.050022 32.849045 49.499016
v 62.750027 32.949043 49.349014
v 62.950027 32.549042 49.199013
v 62.650021 32.649040 48.999012
v 62.350025 32.699043 48.849014
v 62.550014 32.249043 48.699013
v 62.200024 32.299042 48.549015
v 61.900017 32.299042 48.449013
v 62.100029 31.849041 48.299015
v 61.800026 31.849041 48.149014
v 61.550014 32.299042 48.299015
v 61.200024 32.299042 48.249012
v 61.450035 31.849041 48.049015
v 61.100018 31.849041 47.999012
v 60.850021 32.249043 48.149014
v 60.600014 32.649040 48.349018
v 60.500019 32.199043 48.099018
v 60.250023 32.549042 48.299015
v 60.150028 32.099045 48.099018
v 59.900021 32.449043 48.299015
v 59.600014 32.699043 48.499012
v 59.550014 32.299042 48.299015
v 59.250023 32.549042 48.499012
v 59.200024 32.149040 48.299015
v 58.900021 32.299042 48.499012
v 58.650024 32.449043 48.699013
v 58.550018 31.999043 48.499012
v 58.300018 32.099045 48.699013
v 58.050022 32.199043 48.899014
v 57.950016 31.749043 48.699013
v 57.700020 31.799042 48.949013
v 57.750015 32.249043 49.149014
v 57.450024 31.849041 49.199013
v 57.250023 31.849041 49.449013
v 57.200027 31.399042 49.199013
v 57.000027 31.399042 49.449013
v 56.800014 31.399042 49.749016
v 56.750019 30.899040 49.499016
v 56.550022 30.899040 49.799015
v 56.600021 31.399042 50.049015
v 56.650017 31.849041 50.299015
v 56.400021 31.349043 50.349018
v 56.500015 31.799042 50.599018
v 56.600021 32.199043 50.899014
v 56.350025 31.749043 50.899014
v 56.450016 32.099045 51.249016
v 56.250019 31.649042 51.249016
v 56.350025 31.999043 51.549007
v 56.450016 32.299042 51.899017
v 56.250019 31.899042 51.899017
v 56.350025 32.149040 52.199013
v 56.450016 32.299042 52.549007
v 56.250019 31.899042 52.549007
v 56.350025 31.999043 52.899017
v 56.450016 32.099045 53.199013
v 56.250019 31.649042 53.199013
v 56.350025 31.749043 53.499012
v 56.600021 32.199043 53.549015
v 56.500015 31.799042 53.849014
v 56.750019 32.249043 53.849014
v 56.650017 31.849041 54.149014
v 56.900021 32.299042 54.149014
v 56.850025 31.849041 54.449020
v 57.100021 32.299042 54.449020
v 57.050022 31.849041 54.699017
v 57.300022 32.299042 54.749012
v 57.250023 31.849041 54.999008
v 57.450024 31.849041 55.249012
v 57.200027 31.399042 55.249012
v 57.450024 31.349043 55.499008
v 57.700020 31.799042 55.499008
v 58.050022 32.199043 55.499008
v 57.950016 31.749043 55.749012
v 58.300018 32.099045 55.749012
v 58.650024 32.449043 55.749012
v 58.550018 31.999043 55.949020
v 58.900021 32.299042 55.949020
v 59.250023 32.549042 55.949020
v 59.200024 32.149040 56.149014
v 59.550014 32.299042 56.149014
v 59.900021 32.449043 56.149014
v 59.800026 31.999043 56.349018
v 60.150028 32.099045 56.349018
v 60.250023 32.549042 56.149014
v 60.500019 32.199043 56.299015
v 60.850021 32.249043 56.249012
v 60.800026 31.799042 56.499008
v 61.100018 31.849041 56.449017
v 61.200024 32.299042 56.199017
v 61.450035 31.849041 56.349018
v 61.550014 32.299042 56.099014
v 61.800026 31.849041 56.249012
v 61.900017 32.299042 55.999008
v 62.100029 31.849041 56.149014
v 62.450031 31.849041 55.999008
v 62.350025 31.399042 56.249012
v 62.650021 31.349043 56.099014
v 62.750027 31.799042 55.849018
v 62.850021 32.199043 55.549011
v 63.050022 31.749043 55.699017
v 63.150028 32.099045 55.399017
v 63.250034 32.449043 55.049011
v 63.450020 31.999043 55.199017
v 63.550014 32.299042 54.849014
v 63.650021 32.549042 54.499012
v 63.800022 32.149040 54.649014
v 63.950027 32.299042 54.299015
v 63.750027 32.699043 54.199017
v 64.050018 32.449043 53.999012
v 64.150024 32.549042 53.649014
v 64.300026 32.099045 53.799015
v 64.400032 32.199043 53.449013
v 64.200020 32.649040 53.299019
v 64.450020 32.249043 53.099010
v 64.500015 32.299042 52.749016
v 64.700020 31.849041 52.899017
v 64.700020 31.849041 52.549007
v 64.750023 31.849041 52.199013
v 64.900032 31.399042 52.399017
v 64.900032 31.399042 52.049007
v 64.900032 31.399042 51.699013
v 65.050034 30.899040 51.849014
v 65.050034 30.899040 51.499012
v 64.850021 31.349043 51.349014
v 64.650017 31.799042 51.199013
v 64.800026 31.299042 50.999012
v 64.550011 31.749043 50.849014
v 64.300026 32.099045 50.649014
v 64.500015 31.649042 50.499012
v 64.200020 31.999043 50.299015
v 63.950027 32.299042 50.099018
v 64.100029 31.899042 49.999012
v 63.800022 32.149040 49.799015
v 63.650021 32.549042 49.899014
v 63.550014 32.299042 49.599014
v 63.250034 32.449043 49.349014
v 63.450020 31.999043 49.249016
v 63.150028 32.099045 49.049015
v 62.850021 32.199043 48.849014
v 63.050022 31.749043 48.749012
v 62.750027 31.799042 48.599018
v 62.450031 31.849041 48.399014
v 62.650021 31.349043 48.349018
v 62.350025 31.399042 48.199013
v 62.000023 31.399042 48.049015
v 62.250019 30.899040 47.949013
v 61.900017 30.899040 47.849014
v 61.700020 31.399042 47.949013
v 61.350029 31.399042 47.849014
v 61.550014 30.899040 47.749012
v 61.200024 30.899040 47.649014
v 61.000023 31.349043 47.799015
v 60.800026 31.799042 47.949013
v 60.650021 31.299042 47.749012
v 60.450035 31.749043 47.899014
v 60.300030 31.249041 47.699013
v 60.100018 31.649042 47.899014
v 59.800026 31.999043 48.049015
v 59.750015 31.549042 47.899014
v 59.500019 31.899042 48.099018
v 59.400024 31.449041 47.899014
v 59.150028 31.749043 48.099018
v 58.850021 31.899042 48.299015
v 58.800014 31.449041 48.099018
v 58.500019 31.549042 48.299015
v 58.250023 31.649042 48.499012
v 58.250023 31.149040 48.249012
v 58.000027 31.249041 48.449013
v 57.700020 31.299042 48.699013
v 57.750015 30.799040 48.449013
v 57.450024 30.849043 48.699013
v 57.450024 31.349043 48.949013
v 57.200027 30.899040 48.949013
v 57.000027 30.899040 49.249016
v 57.000027 30.449041 48.999012
v 56.750019 30.449041 49.299015
v 56.550022 30.449041 49.599014
v 56.550022 29.949041 49.399014
v 56.350025 29.949041 49.699013
v 56.350025 30.449041 49.899014
v 56.350025 30.899040 50.099018
v 56.200027 30.399040 50.199017
v 56.200027 30.849043 50.449017
v 56.250019 31.299042 50.699017
v 56.050022 30.799040 50.799015
v 56.150017 31.249041 50.999012
v 55.950016 30.749041 51.099010
v 56.050022 31.149040 51.349014
v 56.150017 31.549042 51.549007
v 55.950016 31.049042 51.649010
v 56.050022 31.449041 51.899017
v 56.150017 31.749043 52.199013
v 56.000015 31.299042 52.199013
v 56.050022 31.449041 52.549007
v 56.150017 31.549042 52.849014
v 55.950016 31.049042 52.749016
v 56.050022 31.149040 53.099010
v 56.150017 31.249041 53.449013
v 55.950016 30.749041 53.299019
v 56.050022 30.799040 53.649014
v 56.250019 31.299042 53.749012
v 56.200027 30.849043 53.999012
v 56.400021 31.349043 54.049015
v 56.350025 30.899040 54.299015
v 56.600021 31.399042 54.399017
v 56.550022 30.899040 54.599010
v 56.800014 31.399042 54.699017
v 56.750019 30.899040 54.899017
v 57.000027 31.399042 54.949020
v 57.000027 30.899040 55.199017
v 57.200027 30.899040 55.449020
v 57.000027 30.449041 55.399017
v 57.250023 30.399040 55.699017
v 57.450024 30.849043 55.749012
v 57.700020 31.299042 55.749012
v 57.750015 30.799040 55.949020
v 58.000027 31.249041 55.949020
v 58.250023 31.649042 55.949020
v 58.250023 31.149040 56.149014
v 58.500019 31.549042 56.149014
v 58.850021 31.899042 56.149014
v 58.800014 31.449041 56.299015
v 59.150028 31.749043 56.299015
v 59.500019 31.899042 56.349018
v 59.400024 31.449041 56.499008
v 59.750015 31.549042 56.549011
v 60.100018 31.649042 56.549011
v 59.950016 31.149040 56.699017
v 60.300030 31.249041 56.699017
v 60.450035 31.749043 56.549011
v 60.650021 31.299042 56.699017
v 61.000023 31.349043 56.649014
v 60.850021 30.849043 56.799015
v 61.200024 30.899040 56.749020
v 61.350029 31.399042 56.599014
v 61.550014 30.899040 56.699017
v 61.700020 31.399042 56.499008
v 61.900017 30.899040 56.599014
v 62.000023 31.399042 56.399017
v 62.250019 30.899040 56.449017
v 62.550014 30.899040 56.299015
v 62.450031 30.449041 56.499008
v 62.800022 30.399040 56.349018
v 62.900017 30.849043 56.149014
v 62.950027 31.299042 55.949020
v 63.200024 30.799040 55.949020
v 63.250034 31.249041 55.749012
v 63.300030 31.649042 55.499008
v 63.550014 31.149040 55.549011
v 63.600021 31.549042 55.299015
v 63.700016 31.899042 54.949020
v 63.850021 31.449041 55.099010
v 63.950027 31.749043 54.749012
v 64.100029 31.899042 54.449020
v 64.250031 31.449041 54.549015
v 64.350029 31.549042 54.249012
v 64.200020 31.999043 54.099010
v 64.500015 31.649042 53.899017
v 64.550011 31.749043 53.599010
v 64.700020 31.249041 53.799015
v 64.800026 31.299042 53.449013
v 64.650017 31.799042 53.249016
v 64.850021 31.349043 53.099010
v 64.900032 31.399042 52.749016
v 65.050034 30.899040 52.949013
v 65.050034 30.899040 52.599010
v 65.050034 30.899040 52.199013
v 65.200020 30.449041 52.399017
v 65.200020 30.449041 52.049007
v 65.150024 30.449041 51.649010
v 65.300026 29.949041 51.849014
v 65.250031 29.949041 51.449017
v 65.100029 30.399040 51.299011
v 64.950027 30.849043 51.149010
v 65.050034 30.349041 50.949017
v 64.900032 30.799040 50.799015
v 64.700020 31.249041 50.649014
v 64.800026 30.749041 50.449017
v 64.600021 31.149040 50.299015
v 64.350029 31.549042 50.199017
v 64.450020 31.049042 49.999012
v 64.250031 31.449041 49.899014
v 63.950027 31.749043 49.699013
v 64.100029 31.299042 49.599014
v 63.850021 31.449041 49.349014
v 63.700016 31.899042 49.449013
v 63.600021 31.549042 49.149014
v 63.300030 31.649042 48.949013
v 63.550014 31.149040 48.899014
v 63.250034 31.249041 48.699013
v 62.950027 31.299042 48.499012
v 63.200024 30.799040 48.449013
v 62.900017 30.849043 48.299015
v 62.550014 30.899040 48.099018
v 62.800022 30.399040 48.099018
v 62.450031 30.449041 47.899014
v 62.100029 30.449041 47.799015
v 62.300030 29.949041 47.749012
v 61.950027 29.949041 47.599014
v 61.750015 30.449041 47.649014
v 61.400024 30.449041 47.599014
v 61.600025 29.949041 47.499012
v 61.250023 29.949041 47.449013
v 61.050022 30.399040 47.499012
v 60.850021 30.849043 47.599014
v 60.700020 30.349041 47.449013
v 60.500019 30.799040 47.599014
v 60.300030 30.299042 47.449013
v 60.100018 30.749041 47.599014
v 59.950016 31.149040 47.699013
v 59.750015 30.649040 47.599014
v 59.600014 31.049042 47.749012
v 59.400024 30.549042 47.649014
v 59.250023 30.949041 47.799015
v 59.100018 31.299042 47.949013
v 58.850021 30.949041 47.899014
v 58.550018 31.049042 48.099018
v 58.650024 30.549042 47.899014
v 58.350029 30.649040 48.049015
v 58.050022 30.749041 48.249012
v 58.100021 30.249041 48.049015
v 57.800014 30.299042 48.249012
v 57.500019 30.349041 48.499012
v 57.600014 29.899042 48.299015
v 57.300022 29.899042 48.549015
v 57.250023 30.399040 48.749012
v 57.050022 29.949041 48.799015
v 56.800014 29.949041 49.099014
v 56.850025 29.499041 48.899014
v 56.600021 29.499041 49.199013
v 56.400021 29.499041 49.499016
v 56.450016 28.999041 49.299015
v 56.250019 28.999041 49.599014
v 56.200027 29.499041 49.799015
v 56.150017 29.949041 49.999012
v 56.000015 29.449041 50.149014
v 56.000015 29.899042 50.349018
v 56.050022 30.349041 50.549015
v 55.850025 29.899042 50.699017
v 55.900021 30.299042 50.899014
v 55.750019 29.849041 51.049007
v 55.800014 30.249041 51.249016
v 55.850025 30.649040 51.449017
v 55.750019 30.199041 51.599010
v 55.800014 30.549042 51.799011
v 55.900021 30.949041 51.999012
v 55.800014 30.599043 52.199013
v 55.900021 30.949041 52.399017
v 55.800014 30.549042 52.599010
v 55.850025 30.649040 52.949013
v 55.750019 30.199041 52.799011
v 55.800014 30.249041 53.199013
v 55.900021 30.299042 53.549015
v 55.750019 29.849041 53.399017
v 55.850025 29.899042 53.749012
v 56.050022 30.349041 53.849014
v 56.000015 29.899042 54.099010
v 56.200027 30.399040 54.199017
v 56.150017 29.949041 54.399017
v 56.350025 30.449041 54.549015
v 56.350025 29.949041 54.749012
v 56.550022 30.449041 54.849014
v 56.550022 29.949041 55.049011
v 56.750019 30.449041 55.149014
v 56.800014 29.949041 55.349014
v 57.050022 29.949041 55.649014
v 56.850025 29.499041 55.549011
v 57.150017 29.449041 55.799015
v 57.300022 29.899042 55.899017
v 57.500019 30.349041 55.949020
v 57.600014 29.899042 56.099014
v 57.800014 30.299042 56.149014
v 58.050022 30.749041 56.149014
v 58.100021 30.249041 56.349018
v 58.350029 30.649040 56.349018
v 58.550018 31.049042 56.349018
v 58.650024 30.549042 56.549011
v 58.850021 30.949041 56.499008
v 59.100018 31.299042 56.449017
v 59.250023 30.949041 56.649014
v 59.600014 31.049042 56.699017
v 59.400024 30.549042 56.799015
v 59.750015 30.649040 56.849018
v 60.100018 30.749041 56.849018
v 59.950016 30.249041 56.949017
v 60.300030 30.299042 56.949017
v 60.500019 30.799040 56.849018
v 60.700020 30.349041 56.949017
v 61.050022 30.399040 56.899014
v 60.850021 29.899042 57.049011
v 61.250023 29.949041 56.999016
v 61.400024 30.449041 56.849018
v 61.600025 29.949041 56.899014
v 61.750015 30.449041 56.749020
v 61.950027 29.949041 56.799015
v 62.100029 30.449041 56.649014
v 62.300030 29.949041 56.699017
v 62.650021 29.949041 56.549011
v 62.500019 29.499041 56.699017
v 62.850021 29.449041 56.499008
v 63.000023 29.899042 56.349018
v 63.100029 30.349041 56.149014
v 63.300030 29.899042 56.149014
v 63.400024 30.299042 55.949020
v 63.500019 30.749041 55.749012
v 63.700016 30.249041 55.749012
v 63.750027 30.649040 55.549011
v 63.800022 31.049042 55.299015
v 64.000023 30.549042 55.299015
v 64.050018 30.949041 55.099010
v 64.100029 31.299042 54.849014
v 64.300026 30.949041 54.749012
v 64.450020 31.049042 54.449020
v 64.500015 30.549042 54.649014
v 64.650017 30.649040 54.299015
v 64.600021 31.149040 54.099010
v 64.800026 30.749041 53.999012
v 64.900032 30.799040 53.649014
v 64.950027 30.299042 53.849014
v 65.050034 30.349041 53.499012
v 64.950027 30.849043 53.299019
v 65.100029 30.399040 53.149014
v 65.150024 30.449041 52.749016
v 65.250031 29.949041 52.949013
v 65.300026 29.949041 52.599010
v 65.300026 29.949041 52.199013
v 65.400032 29.499041 52.399017
v 65.400032 29.499041 52.049007
v 65.350029 29.499041 51.649010
v 65.400032 28.999041 51.849014
v 65.400032 28.999041 51.449017
v 65.300026 29.449041 51.249016
v 65.200020 29.899042 51.099010
v 65.200020 29.449041 50.899014
v 65.100029 29.899042 50.749020
v 64.950027 30.299042 50.599018
v 64.950027 29.849041 50.399014
v 64.800026 30.249041 50.249012
v 64.650017 30.649040 50.099018
v 64.650017 30.199041 49.899014
v 64.500015 30.549042 49.799015
v 64.300026 30.949041 49.699013
v 64.250031 30.599043 49.449013
v 64.050018 30.949041 49.349014
v 64.000023 30.549042 49.149014
v 63.800022 31.049042 49.099014
v 63.750027 30.649040 48.899014
v 63.500019 30.749041 48.649014
v 63.700016 30.249041 48.699013
v 63.400024 30.299042 48.449013
v 63.100029 30.349041 48.249012
v 63.300030 29.899042 48.299015
v 63.000023 29.899042 48.099018
v 62.650021 29.949041 47.899014
v 62.850021 29.449041 47.899014
v 62.500019 29.499041 47.749012
v 62.150028 29.499041 47.599014
v 62.350025 28.999041 47.649014
v 62.000023 28.999041 47.499012
v 61.800026 29.499041 47.499012
v 61.450035 29.499041 47.399014
v 61.650021 28.999041 47.399014
v 61.250023 28.999041 47.299015
v 61.050022 29.449041 47.349014
v 60.850021 29.899042 47.399014
v 60.700020 29.449041 47.299015
v 60.500019 29.899042 47.349014
v 60.300030 29.399042 47.299015
v 60.150028 29.849041 47.399014
v 59.950016 30.249041 47.449013
v 59.750015 29.799042 47.399014
v 59.600014 30.199041 47.499012
v 59.350029 29.799042 47.499012
v 59.200024 30.199041 47.599014
v 59.000027 30.599043 47.749012
v 58.800014 30.199041 47.749012
v 58.450024 30.199041 47.899014
v 58.600014 29.799042 47.749012
v 58.250023 29.799042 47.899014
v 57.900021 29.849041 48.099018
v 58.050022 29.349041 47.949013
v 57.700020 29.399042 48.149014
v 57.400024 29.449041 48.349018
v 57.550018 28.999041 48.199013
v 57.250023 28.999041 48.449013
v 57.150017 29.449041 48.599018
v 56.950016 28.999041 48.699013
v 56.700027 28.999041 48.999012
v 56.800014 28.549040 48.849014
v 56.550022 28.549040 49.149014
v 56.350025 28.549040 49.449013
v 56.450016 28.099041 49.299015
v 56.200027 28.099041 49.599014
v 56.100021 28.549040 49.749016
v 56.050022 28.999041 49.949017
v 55.950016 28.549040 50.099018
v 55.900021 28.999041 50.299015
v 55.850025 29.449041 50.499012
v 55.750019 28.999041 50.649014
v 55.750019 29.399042 50.849014
v 55.650017 28.949041 51.049007
v 55.650017 29.349041 51.199013
v 55.700027 29.799042 51.399014
v 55.600021 29.399042 51.599010
v 55.650017 29.799042 51.799011
v 55.700027 30.199041 51.999012
v 55.600021 29.799042 52.199013
v 55.700027 30.199041 52.399017
v 55.650017 29.799042 52.599010
v 55.700027 29.799042 52.999012
v 55.600021 29.399042 52.799011
v 55.650017 29.349041 53.199013
v 55.750019 29.399042 53.599010
v 55.650017 28.949041 53.399017
v 55.750019 28.999041 53.749012
v 55.850025 29.449041 53.949013
v 55.900021 28.999041 54.149014
v 56.000015 29.449041 54.299015
v 56.050022 28.999041 54.499012
v 56.200027 29.499041 54.599010
v 56.250019 28.999041 54.799015
v 56.400021 29.499041 54.949020
v 56.450016 28.999041 55.149014
v 56.600021 29.499041 55.249012
v 56.700027 28.999041 55.449020
v 56.950016 28.999041 55.699017
v 56.800014 28.549040 55.599014
v 57.100021 28.549040 55.849018
v 57.250023 28.999041 55.999008
v 57.400024 29.449041 56.049011
v 57.550018 28.999041 56.199017
v 57.700020 29.399042 56.299015
v 57.900021 29.849041 56.349018
v 58.050022 29.349041 56.499008
v 58.250023 29.799042 56.549011
v 58.450024 30.199041 56.549011
v 58.600014 29.799042 56.699017
v 58.800014 30.199041 56.699017
v 59.000027 30.599043 56.699017
v 59.200024 30.199041 56.799015
v 59.600014 30.199041 56.899014
v 59.350029 29.799042 56.949017
v 59.750015 29.799042 56.999016
v 60.150028 29.849041 57.049011
v 59.950016 29.349041 57.099014
v 60.300030 29.399042 57.149014
v 60.500019 29.899042 57.049011
v 60.700020 29.449041 57.149014
v 61.050022 29.449041 57.099014
v 60.900017 28.999041 57.149014
v 61.250023 28.999041 57.099014
v 61.450035 29.499041 57.049011
v 61.650021 28.999041 57.049011
v 61.800026 29.499041 56.949017
v 62.000023 28.999041 56.949017
v 62.150028 29.499041 56.799015
v 62.350025 28.999041 56.799015
v 62.700016 28.999041 56.649014
v 62.550014 28.549040 56.749020
v 62.900017 28.549040 56.549011
v 63.050022 28.999041 56.449017
v 63.200024 29.449041 56.299015
v 63.400024 28.999041 56.249012
v 63.500019 29.399042 56.099014
v 63.600021 29.849041 55.949020
v 63.800022 29.349041 55.849018
v 63.900028 29.799042 55.699017
v 63.950027 30.199041 55.499008
v 64.150024 29.799042 55.399017
v 64.200020 30.199041 55.199017
v 64.250031 30.599043 54.999008
v 64.450020 30.199041 54.849014
v 64.650017 30.199041 54.499012
v 64.650017 29.799042 54.749012
v 64.850021 29.799042 54.399017
v 64.800026 30.249041 54.199017
v 64.950027 29.849041 54.049015
v 65.100029 29.899042 53.699009
v 65.100029 29.399042 53.899017
v 65.200020 29.449041 53.549015
v 65.200020 29.899042 53.349014
v 65.300026 29.449041 53.149014
v 65.350029 29.499041 52.799011
v 65.400032 28.999041 52.999012
v 65.400032 28.999041 52.599010
v 65.450020 28.999041 52.199013
v 65.450020 28.549040 52.399017
v 65.450020 28.549040 51.999012
v 65.450020 28.549040 51.649010
v 65.450020 28.099041 51.799011
v 65.400032 28.099041 51.449017
v 65.350029 28.549040 51.249016
v 65.300026 28.999041 51.049007
v 65.300026 28.549040 50.849014
v 65.200020 28.999041 50.699017
v 65.100029 29.399042 50.549015
v 65.050034 28.949041 50.349018
v 64.950027 29.349041 50.199017
v 64.850021 29.799042 50.049015
v 64.800026 29.399042 49.849014
v 64.650017 29.799042 49.699013
v 64.450020 30.199041 49.549015
v 64.400032 29.799042 49.349014
v 64.200020 30.199041 49.249016
v 64.150024 29.799042 49.049015
v 63.950027 30.199041 48.949013
v 63.900028 29.799042 48.749012
v 63.600021 29.849041 48.499012
v 63.800022 29.349041 48.599018
v 63.500019 29.399042 48.349018
v 63.200024 29.449041 48.099018
v 63.400024 28.999041 48.199013
v 63.050022 28.999041 47.999012
v 62.700016 28.999041 47.799015
v 62.900017 28.549040 47.849014
v 62.550014 28.549040 47.699013
v 62.200024 28.549040 47.549015
v 62.400024 28.099041 47.599014
v 62.000023 28.099041 47.449013
v 61.850021 28.549040 47.399014
v 61.450035 28.549040 47.299015
v 61.650021 28.099041 47.349014
v 61.250023 28.099041 47.299015
v 61.050022 28.549040 47.249012
v 60.900017 28.999041 47.249012
v 60.700020 28.549040 47.249012
v 60.500019 28.999041 47.249012
v 60.300030 28.549040 47.249012
v 60.100018 28.949041 47.249012
v 59.950016 29.349041 47.299015
v 59.700020 28.949041 47.299015
v 59.550014 29.399042 47.399014
v 59.300030 28.999041 47.399014
v 59.150028 29.399042 47.499012
v 58.950016 29.799042 47.599014
v 58.750015 29.399042 47.599014
v 58.400024 29.399042 47.749012
v 58.550018 28.999041 47.649014
v 58.200027 28.949041 47.799015
v 57.850021 28.949041 47.999012
v 58.050022 28.549040 47.849014
v 57.700020 28.549040 48.049015
v 57.400024 28.549040 48.299015
v 57.550018 28.099041 48.149014
v 57.250023 28.099041 48.399014
v 57.100021 28.549040 48.549015
v 56.950016 28.099041 48.699013
v 56.650017 28.099041 48.949013
v 56.800014 27.699039 48.799015
v 56.550022 27.699039 49.099014
v 56.300014 27.699039 49.449013
v 56.450016 27.249039 49.299015
v 56.250019 27.249039 49.649014
v 56.100021 27.699039 49.799015
v 56.000015 28.099041 49.949017
v 55.950016 27.699039 50.149014
v 55.850025 28.099041 50.299015
v 55.800014 28.549040 50.499012
v 55.700027 28.099041 50.649014
v 55.700027 28.549040 50.849014
v 55.600021 28.099041 51.049007
v 55.600021 28.549040 51.249016
v 55.550026 28.949041 51.399014
v 55.500015 28.549040 51.599010
v 55.550026 28.999041 51.799011
v 55.550026 29.399042 51.999012
v 55.500015 28.999041 52.199013
v 55.550026 29.399042 52.399017
v 55.550026 28.999041 52.599010
v 55.550026 28.949041 52.999012
v 55.500015 28.549040 52.799011
v 55.600021 28.549040 53.199013
v 55.700027 28.549040 53.599010
v 55.600021 28.099041 53.399017
v 55.700027 28.099041 53.749012
v 55.800014 28.549040 53.949013
v 55.850025 28.099041 54.149014
v 55.950016 28.549040 54.299015
v 56.000015 28.099041 54.499012
v 56.100021 28.549040 54.649014
v 56.200027 28.099041 54.849014
v 56.350025 28.549040 54.999008
v 56.450016 28.099041 55.149014
v 56.550022 28.549040 55.299015
v 56.650017 28.099041 55.449020
v 56.950016 28.099041 55.749012
v 56.800014 27.699039 55.599014
v 57.100021 27.699039 55.899017
v 57.250023 28.099041 55.999008
v 57.400024 28.549040 56.149014
v 57.550018 28.099041 56.249012
v 57.700020 28.549040 56.349018
v 57.850021 28.949041 56.449017
v 58.050022 28.549040 56.549011
v 58.200027 28.949041 56.649014
v 58.400024 29.399042 56.699017
v 58.550018 28.999041 56.799015
v 58.750015 29.399042 56.849018
v 58.950016 29.799042 56.849018
v 59.150028 29.399042 56.949017
v 59.550014 29.399042 57.049011
v 59.300030 28.999041 57.049011
v 59.700020 28.949041 57.099014
v 60.100018 28.949041 57.149014
v 59.900021 28.549040 57.149014
v 60.300030 28.549040 57.199017
v 60.500019 28.999041 57.199017
v 60.700020 28.549040 57.199017
v 61.050022 28.549040 57.149014
v 60.850021 28.099041 57.199017
v 61.250023 28.099041 57.149014
v 61.450035 28.549040 57.099014
v 61.650021 28.099041 57.099014
v 61.850021 28.549040 56.999016
v 62.000023 28.099041 56.949017
v 62.200024 28.549040 56.899014
v 62.400024 28.099041 56.849018
v 62.750027 28.099041 56.649014
v 62.550014 27.699039 56.749020
v 62.900017 27.699039 56.549011
v 63.100029 28.099041 56.499008
v 63.250034 28.549040 56.349018
v 63.400024 28.099041 56.249012
v 63.550014 28.549040 56.149014
v 63.700016 28.949041 55.999008
v 63.850021 28.549040 55.899017
v 63.950027 28.949041 55.749012
v 64.050018 29.399042 55.549011
v 64.250031 28.999041 55.449020
v 64.350029 29.399042 55.249012
v 64.400032 29.799042 55.049011
v 64.550011 29.399042 54.949020
v 64.800026 29.399042 54.599010
v 64.700020 28.999041 54.799015
v 64.900032 28.949041 54.449020
v 64.950027 29.349041 54.249012
v 65.050034 28.949041 54.099010
v 65.200020 28.999041 53.749012
v 65.150024 28.549040 53.949013
v 65.300026 28.549040 53.549015
v 65.300026 28.999041 53.349014
v 65.350029 28.549040 53.199013
v 65.450020 28.549040 52.799011
v 65.400032 28.099041 52.999012
v 65.450020 28.099041 52.599010
v 65.500015 28.099041 52.199013
v 65.450020 27.699039 52.399017
v 65.450020 27.699039 51.999012
v 65.450020 27.699039 51.599010
v 65.400032 27.249039 51.799011
v 65.350029 27.249039 51.399014
v 65.350029 27.699039 51.249016
v 65.350029 28.099041 51.049007
v 65.250031 27.699039 50.849014
v 65.250031 28.099041 50.649014
v 65.150024 28.549040 50.499012
v 65.100029 28.099041 50.299015
v 65.000023 28.549040 50.149014
v 64.900032 28.949041 49.999012
v 64.850021 28.549040 49.799015
v 64.700020 28.999041 49.649014
v 64.550011 29.399042 49.499016
v 64.500015 28.999041 49.299015
v 64.350029 29.399042 49.149014
v 64.250031 28.999041 48.999012
v 64.050018 29.399042 48.849014
v 63.950027 28.949041 48.699013
v 63.700016 28.949041 48.399014
v 63.850021 28.549040 48.549015
v 63.550014 28.549040 48.299015
v 63.250034 28.549040 48.049015
v 63.400024 28.099041 48.149014
v 63.100029 28.099041 47.949013
v 62.750027 28.099041 47.749012
v 62.900017 27.699039 47.849014
v 62.550014 27.699039 47.699013
v 62.200024 27.699039 47.549015
v 62.400024 27.249039 47.649014
v 62.000023 27.249039 47.499012
v 61.850021 27.699039 47.399014
v 61.450035 27.699039 47.299015
v 61.650021 27.249039 47.399014
v 61.250023 27.249039 47.299015
v 61.050022 27.699039 47.249012
v 60.850021 28.099041 47.249012
v 60.650021 27.699039 47.249012
v 60.450035 28.099041 47.199013
v 60.250023 27.699039 47.249012
v 60.100018 28.099041 47.249012
v 59.900021 28.549040 47.249012
v 59.700020 28.099041 47.299015
v 59.500019 28.549040 47.299015
v 59.300030 28.099041 47.349014
v 59.100018 28.549040 47.399014
v 58.950016 28.999041 47.499012
v 58.750015 28.549040 47.549015
v 58.400024 28.549040 47.699013
v 58.550018 28.099041 47.599014
v 58.200027 28.099041 47.749012
v 57.850021 28.099041 47.949013
v 58.050022 27.699039 47.849014
v 57.700020 27.699039 48.049015
v 57.400024 27.699039 48.299015
v 57.550018 27.249039 48.199013
v 57.250023 27.299040 48.399014
v 57.100021 27.699039 48.549015
v 57.000027 27.249039 48.699013
v 56.700027 27.249039 48.999012
v 56.900021 26.849039 48.849014
v 56.600021 26.849039 49.149014
v 56.400021 26.849039 49.499016
v 56.550022 26.449039 49.349014
v 56.300014 26.449039 49.699013
v 56.150017 26.849039 49.849014
v 56.050022 27.249039 49.999012
v 56.000015 26.849039 50.199017
v 55.900021 27.299040 50.349018
v 55.800014 27.699039 50.499012
v 55.750019 27.249039 50.699017
v 55.650017 27.699039 50.849014
v 55.650017 27.249039 51.049007
v 55.600021 27.699039 51.249016
v 55.550026 28.099041 51.449017
v 55.500015 27.699039 51.649010
v 55.500015 28.099041 51.799011
v 55.500015 28.549040 51.999012
v 55.450020 28.099041 52.199013
v 55.500015 28.549040 52.399017
v 55.500015 28.099041 52.599010
v 55.550026 28.099041 52.999012
v 55.500015 27.699039 52.799011
v 55.600021 27.699039 53.199013
v 55.650017 27.699039 53.549015
v 55.650017 27.249039 53.349014
v 55.750019 27.249039 53.749012
v 55.800014 27.699039 53.949013
v 55.900021 27.299040 54.099010
v 55.950016 27.699039 54.299015
v 56.050022 27.249039 54.449020
v 56.100021 27.699039 54.649014
v 56.250019 27.249039 54.799015
v 56.300014 27.699039 54.999008
v 56.450016 27.249039 55.149014
v 56.550022 27.699039 55.299015
v 56.700027 27.249039 55.449020
v 57.000027 27.249039 55.749012
v 56.900021 26.849039 55.549011
v 57.150017 26.849039 55.849018
v 57.250023 27.299040 55.999008
v 57.400024 27.699039 56.149014
v 57.550018 27.249039 56.249012
v 57.700020 27.699039 56.349018
v 57.850021 28.099041 56.499008
v 58.050022 27.699039 56.549011
v 58.200027 28.099041 56.649014
v 58.400024 28.549040 56.749020
v 58.550018 28.099041 56.849018
v 58.750015 28.549040 56.899014
v 58.950016 28.999041 56.949017
v 59.100018 28.549040 56.999016
v 59.500019 28.549040 57.099014
v 59.300030 28.099041 57.099014
v 59.700020 28.099041 57.149014
v 60.100018 28.099041 57.199017
v 59.900021 27.699039 57.149014
v 60.250023 27.699039 57.199017
v 60.450035 28.099041 57.199017
v 60.650021 27.699039 57.199017
v 61.050022 27.699039 57.149014
v 60.850021 27.299040 57.149014
v 61.250023 27.249039 57.099014
v 61.450035 27.699039 57.099014
v 61.650021 27.249039 57.049011
v 61.850021 27.699039 56.999016
v 62.000023 27.249039 56.949017
v 62.200024 27.699039 56.899014
v 62.400024 27.249039 56.799015
v 62.750027 27.249039 56.649014
v 62.550014 26.849039 56.699017
v 62.900017 26.849039 56.499008
v 63.100029 27.299040 56.449017
v 63.250034 27.699039 56.349018
v 63.400024 27.249039 56.199017
v 63.550014 27.699039 56.149014
v 63.700016 28.099041 55.999008
v 63.850021 27.699039 55.849018
v 64.000023 28.099041 55.749012
v 64.150024 28.549040 55.599014
v 64.300026 28.099041 55.449020
v 64.400032 28.549040 55.299015
v 64.500015 28.999041 55.149014
v 64.650017 28.549040 54.999008
v 64.850021 28.549040 54.649014
v 64.750023 28.099041 54.849014
v 64.950027 28.099041 54.499012
v 65.000023 28.549040 54.299015
v 65.100029 28.099041 54.149014
v 65.250031 28.099041 53.749012
v 65.150024 27.699039 53.949013
v 65.250031 27.699039 53.599010
v 65.350029 28.099041 53.399017
v 65.350029 27.699039 53.199013
v 65.450020 27.699039 52.799011
v 65.350029 27.249039 52.999012
v 65.400032 27.249039 52.599010
v 65.450020 27.249039 52.199013
v 65.400032 26.849039 52.399017
v 65.400032 26.849039 51.999012
v 65.350029 26.849039 51.599010
v 65.300026 26.449039 51.799011
v 65.250031 26.449039 51.399014
v 65.300026 26.849039 51.199013
v 65.300026 27.299040 51.049007
v 65.200020 26.849039 50.849014
v 65.200020 27.249039 50.649014
v 65.150024 27.699039 50.499012
v 65.050034 27.249039 50.299015
v 65.000023 27.699039 50.099018
v 64.950027 28.099041 49.949017
v 64.850021 27.699039 49.749016
v 64.750023 28.099041 49.599014
v 64.650017 28.549040 49.449013
v 64.500015 28.099041 49.299015
v 64.400032 28.549040 49.099014
v 64.300026 28.099041 48.949013
v 64.150024 28.549040 48.799015
v 64.000023 28.099041 48.699013
v 63.700016 28.099041 48.399014
v 63.850021 27.699039 48.549015
v 63.550014 27.699039 48.299015
v 63.250034 27.699039 48.049015
v 63.400024 27.249039 48.199013
v 63.100029 27.299040 47.999012
v 62.750027 27.249039 47.799015
v 62.900017 26.849039 47.949013
v 62.550014 26.849039 47.749012
v 62.200024 26.849039 47.599014
v 62.350025 26.449039 47.749012
v 62.000023 26.449039 47.599014
v 61.800026 26.849039 47.499012
v 61.400024 26.849039 47.399014
v 61.600025 26.449039 47.499012
v 61.200024 26.449039 47.399014
v 61.000023 26.849039 47.299015
v 60.850021 27.299040 47.249012
v 60.650021 26.849039 47.299015
v 60.450035 27.249039 47.249012
v 60.250023 26.799040 47.299015
v 60.050022 27.249039 47.249012
v 59.900021 27.699039 47.249012
v 59.700020 27.249039 47.299015
v 59.500019 27.699039 47.299015
v 59.300030 27.199039 47.399014
v 59.100018 27.649038 47.399014
v 58.950016 28.099041 47.449013
v 58.750015 27.649038 47.549015
v 58.400024 27.699039 47.699013
v 58.600014 27.199039 47.649014
v 58.250023 27.249039 47.799015
v 57.900021 27.249039 47.999012
v 58.100021 26.799040 47.899014
v 57.750015 26.799040 48.099018
v 57.450024 26.849039 48.349018
v 57.650009 26.349039 48.299015
v 57.350029 26.399040 48.499012
v 57.150017 26.849039 48.599018
v 57.050022 26.449039 48.749012
v 56.800014 26.449039 49.049015
v 57.000027 26.049040 48.949013
v 56.750019 26.049040 49.249016
v 56.500015 26.049040 49.549015
v 56.700027 25.649038 49.449013
v 56.450016 25.649038 49.799015
v 56.300014 26.049040 49.899014
v 56.100021 26.449039 50.049015
v 56.150017 25.999039 50.249012
v 56.000015 26.399040 50.399014
v 55.850025 26.849039 50.549015
v 55.850025 26.349039 50.749020
v 55.750019 26.799040 50.899014
v 55.750019 26.299040 51.099010
v 55.650017 26.799040 51.249016
v 55.550026 27.249039 51.449017
v 55.600021 26.749041 51.649010
v 55.550026 27.199039 51.849014
v 55.500015 27.649038 51.999012
v 55.500015 27.199039 52.199013
v 55.500015 27.649038 52.399017
v 55.550026 27.199039 52.599010
v 55.550026 27.249039 52.999012
v 55.600021 26.749041 52.799011
v 55.650017 26.799040 53.149014
v 55.750019 26.799040 53.549015
v 55.750019 26.299040 53.349014
v 55.850025 26.349039 53.699009
v 55.850025 26.849039 53.899017
v 56.000015 26.399040 54.049015
v 56.000015 26.849039 54.249012
v 56.100021 26.449039 54.399017
v 56.150017 26.849039 54.599010
v 56.300014 26.449039 54.749012
v 56.400021 26.849039 54.949020
v 56.550022 26.449039 55.049011
v 56.600021 26.849039 55.249012
v 56.800014 26.449039 55.399017
v 57.050022 26.449039 55.699017
v 57.000027 26.049040 55.499008
v 57.250023 25.999039 55.749012
v 57.350029 26.399040 55.949020
v 57.450024 26.849039 56.099014
v 57.650009 26.349039 56.149014
v 57.750015 26.799040 56.299015
v 57.900021 27.249039 56.449017
v 58.100021 26.799040 56.499008
v 58.250023 27.249039 56.649014
v 58.400024 27.699039 56.749020
v 58.600014 27.199039 56.799015
v 58.750015 27.649038 56.899014
v 58.950016 28.099041 56.949017
v 59.100018 27.649038 56.999016
v 59.500019 27.699039 57.099014
v 59.300030 27.199039 57.049011
v 59.700020 27.249039 57.099014
v 60.050022 27.249039 57.149014
v 59.900021 26.799040 57.099014
v 60.250023 26.799040 57.149014
v 60.450035 27.249039 57.199017
v 60.650021 26.849039 57.149014
v 61.000023 26.849039 57.099014
v 60.800026 26.399040 57.049011
v 61.200024 26.449039 56.999016
v 61.400024 26.849039 57.049011
v 61.600025 26.449039 56.949017
v 61.800026 26.849039 56.949017
v 62.000023 26.449039 56.849018
v 62.200024 26.849039 56.849018
v 62.350025 26.449039 56.699017
v 62.700016 26.449039 56.549011
v 62.500019 26.049040 56.549011
v 62.850021 25.999039 56.349018
v 63.050022 26.399040 56.349018
v 63.250034 26.849039 56.299015
v 63.350025 26.349039 56.099014
v 63.550014 26.799040 56.049011
v 63.700016 27.249039 55.999008
v 63.800022 26.799040 55.799015
v 64.000023 27.249039 55.699017
v 64.150024 27.699039 55.599014
v 64.250031 27.199039 55.449020
v 64.400032 27.649038 55.299015
v 64.500015 28.099041 55.149014
v 64.600021 27.649038 54.999008
v 64.850021 27.699039 54.649014
v 64.700020 27.199039 54.799015
v 64.900032 27.249039 54.499012
v 65.000023 27.699039 54.299015
v 65.050034 27.249039 54.149014
v 65.200020 27.249039 53.749012
v 65.100029 26.799040 53.949013
v 65.200020 26.849039 53.599010
v 65.300026 27.299040 53.399017
v 65.300026 26.849039 53.199013
v 65.350029 26.849039 52.799011
v 65.250031 26.449039 52.999012
v 65.300026 26.449039 52.599010
v 65.350029 26.449039 52.199013
v 65.250031 26.049040 52.399017
v 65.250031 26.049040 51.999012
v 65.200020 26.049040 51.599010
v 65.150024 25.649038 51.799011
v 65.100029 25.599039 51.449017
v 65.150024 25.999039 51.249016
v 65.200020 26.399040 51.049007
v 65.050034 25.949039 50.899014
v 65.100029 26.349039 50.699017
v 65.100029 26.799040 50.499012
v 64.950027 26.299040 50.349018
v 64.950027 26.799040 50.149014
v 64.900032 27.249039 49.949017
v 64.750023 26.749041 49.799015
v 64.700020 27.199039 49.599014
v 64.600021 27.649038 49.449013
v 64.500015 27.199039 49.299015
v 64.400032 27.649038 49.149014
v 64.250031 27.199039 48.999012
v 64.150024 27.699039 48.849014
v 64.000023 27.249039 48.699013
v 63.700016 27.249039 48.449013
v 63.800022 26.799040 48.599018
v 63.550014 26.799040 48.349018
v 63.250034 26.849039 48.149014
v 63.350025 26.349039 48.299015
v 63.050022 26.399040 48.099018
v 62.700016 26.449039 47.899014
v 62.850021 25.999039 48.049015
v 62.500019 26.049040 47.899014
v 62.150028 26.049040 47.749012
v 62.300030 25.649038 47.899014
v 61.950027 25.649038 47.749012
v 61.750015 26.049040 47.599014
v 61.350029 26.049040 47.499012
v 61.550014 25.649038 47.649014
v 61.200024 25.599039 47.599014
v 61.000023 25.999039 47.449013
v 60.800026 26.399040 47.399014
v 60.650021 25.949039 47.449013
v 60.450035 26.349039 47.349014
v 60.250023 25.899040 47.449013
v 60.100018 26.299040 47.399014
v 59.900021 26.799040 47.349014
v 59.700020 26.299040 47.449013
v 59.500019 26.749041 47.399014
v 59.350029 26.299040 47.499012
v 59.150028 26.749041 47.499012
v 58.950016 27.199039 47.499012
v 58.800014 26.749041 47.599014
v 58.450024 26.749041 47.749012
v 58.650024 26.299040 47.749012
v 58.300018 26.299040 47.899014
v 57.950016 26.299040 48.099018
v 58.150028 25.849041 48.099018
v 57.850021 25.899040 48.249012
v 57.550018 25.949039 48.449013
v 57.750015 25.449039 48.449013
v 57.450024 25.499039 48.649014
v 57.250023 25.999039 48.699013
v 57.200027 25.599039 48.899014
v 56.950016 25.649038 49.149014
v 57.150017 25.199039 49.099014
v 56.900021 25.299040 49.349014
v 56.650017 25.299040 49.699013
v 56.850025 24.949038 49.599014
v 56.700027 24.799040 49.899014
v 56.500015 25.199039 49.999012
v 56.300014 25.599039 50.099018
v 56.350025 25.099039 50.299015
v 56.150017 25.499039 50.449017
v 56.000015 25.949039 50.599018
v 56.050022 25.449039 50.799015
v 55.900021 25.899040 50.949017
v 56.000015 25.399038 51.149010
v 55.850025 25.849041 51.299011
v 55.700027 26.299040 51.449017
v 55.800014 25.799040 51.649010
v 55.650017 26.299040 51.849014
v 55.550026 26.749041 52.049007
v 55.650017 26.299040 52.199013
v 55.550026 26.749041 52.399017
v 55.650017 26.299040 52.599010
v 55.700027 26.299040 52.949013
v 55.800014 25.799040 52.749016
v 55.850025 25.849041 53.149014
v 55.900021 25.899040 53.499012
v 56.000015 25.399038 53.299019
v 56.050022 25.449039 53.649014
v 56.000015 25.949039 53.849014
v 56.150017 25.499039 53.999012
v 56.150017 25.999039 54.199017
v 56.300014 25.599039 54.299015
v 56.300014 26.049040 54.499012
v 56.450016 25.649038 54.649014
v 56.500015 26.049040 54.849014
v 56.700027 25.649038 54.999008
v 56.750019 26.049040 55.199017
v 56.950016 25.649038 55.299015
v 57.200027 25.599039 55.549011
v 57.150017 25.199039 55.299015
v 57.400024 25.099039 55.549011
v 57.450024 25.499039 55.749012
v 57.550018 25.949039 55.949020
v 57.750015 25.449039 55.949020
v 57.850021 25.899040 56.149014
v 57.950016 26.299040 56.349018
v 58.150028 25.849041 56.349018
v 58.300018 26.299040 56.549011
v 58.450024 26.749041 56.699017
v 58.650024 26.299040 56.699017
v 58.800014 26.749041 56.799015
v 58.950016 27.199039 56.949017
v 59.150028 26.749041 56.949017
v 59.500019 26.749041 57.049011
v 59.350029 26.299040 56.899014
v 59.700020 26.299040 56.999016
v 60.100018 26.299040 57.049011
v 59.900021 25.849041 56.899014
v 60.250023 25.899040 56.949017
v 60.450035 26.349039 57.049011
v 60.650021 25.949039 56.949017
v 61.000023 25.999039 56.949017
v 60.850021 25.499039 56.849018
v 61.200024 25.599039 56.849018
v 61.350029 26.049040 56.899014
v 61.550014 25.649038 56.799015
v 61.750015 26.049040 56.799015
v 61.950027 25.649038 56.699017
v 62.150028 26.049040 56.699017
v 62.300030 25.649038 56.549011
v 62.600025 25.599039 56.349018
v 62.400024 25.199039 56.349018
v 62.700016 25.099039 56.149014
v 62.900017 25.499039 56.149014
v 63.150028 25.949039 56.149014
v 63.200024 25.449039 55.949020
v 63.450020 25.899040 55.949020
v 63.650021 26.299040 55.899017
v 63.700016 25.849041 55.699017
v 63.900028 26.299040 55.649014
v 64.100029 26.749041 55.549011
v 64.150024 26.299040 55.349014
v 64.350029 26.749041 55.249012
v 64.500015 27.199039 55.149014
v 64.550011 26.749041 54.949020
v 64.750023 26.749041 54.599010
v 64.600021 26.299040 54.749012
v 64.800026 26.299040 54.399017
v 64.950027 26.799040 54.299015
v 64.950027 26.299040 54.099010
v 65.100029 26.349039 53.749012
v 64.900032 25.899040 53.849014
v 65.050034 25.949039 53.549015
v 65.200020 26.399040 53.399017
v 65.150024 25.999039 53.199013
v 65.200020 26.049040 52.799011
v 65.100029 25.599039 52.949013
v 65.150024 25.649038 52.599010
v 65.150024 25.649038 52.199013
v 65.050034 25.299040 52.399017
v 65.050034 25.299040 51.999012
v 65.000023 25.199039 51.649010
v 64.900032 24.799040 51.899017
v 64.800026 24.699038 51.549007
v 64.900032 25.099039 51.349014
v 65.000023 25.499039 51.099010
v 64.800026 24.999037 50.999012
v 64.900032 25.449039 50.799015
v 64.900032 25.899040 50.549015
v 64.750023 25.399038 50.449017
v 64.750023 25.849041 50.199017
v 64.800026 26.299040 49.999012
v 64.600021 25.799040 49.899014
v 64.600021 26.299040 49.699013
v 64.550011 26.749041 49.499016
v 64.400032 26.299040 49.399014
v 64.350029 26.749041 49.199013
v 64.150024 26.299040 49.099014
v 64.100029 26.749041 48.899014
v 63.900028 26.299040 48.799015
v 63.650021 26.299040 48.549015
v 63.700016 25.849041 48.749012
v 63.450020 25.899040 48.499012
v 63.150028 25.949039 48.249012
v 63.200024 25.449039 48.449013
v 62.900017 25.499039 48.249012
v 62.600025 25.599039 48.049015
v 62.700016 25.099039 48.249012
v 62.400024 25.199039 48.099018
v 62.100029 25.299040 47.899014
v 62.150028 24.799040 48.099018
v 61.850021 24.949038 47.949013
v 61.700020 25.299040 47.799015
v 61.350029 25.199039 47.749012
v 61.550014 24.799040 47.899014
v 61.200024 24.699038 47.899014
v 61.000023 25.099039 47.699013
v 60.850021 25.499039 47.599014
v 60.650021 24.999037 47.699013
v 60.450035 25.449039 47.599014
v 60.300030 24.949038 47.749012
v 60.100018 25.399038 47.599014
v 59.900021 25.849041 47.499012
v 59.750015 25.349039 47.649014
v 59.550014 25.799040 47.599014
v 59.400024 25.349039 47.749012
v 59.200024 25.799040 47.649014
v 59.000027 26.299040 47.599014
v 58.850021 25.799040 47.799015
v 58.500019 25.799040 47.899014
v 58.700020 25.349039 47.949013
v 58.400024 25.349039 48.099018
v 58.050022 25.399038 48.299015
v 58.300018 24.899038 48.349018
v 58.000027 24.949038 48.499012
v 57.700020 24.999037 48.699013
v 57.900021 24.499039 48.749012
v 57.650009 24.599037 48.949013
v 57.400024 25.099039 48.899014
v 57.350029 24.699038 49.149014
v 57.100021 24.799040 49.349014
v 57.250023 24.349037 49.449013
v 57.000027 24.499039 49.699013
v 57.150017 24.099037 49.799015
v 56.850025 24.349037 49.999012
v 56.600021 24.699038 50.199017
v 56.750019 24.249039 50.299015
v 56.450016 24.599037 50.499012
v 56.250019 24.999037 50.649014
v 56.400021 24.499039 50.849014
v 56.150017 24.949038 50.999012
v 56.300014 24.449038 51.199013
v 56.100021 24.899038 51.349014
v 55.900021 25.349039 51.499012
v 56.050022 24.849037 51.699013
v 55.900021 25.349039 51.849014
v 55.750019 25.799040 52.049007
v 55.900021 25.299040 52.199013
v 55.750019 25.799040 52.399017
v 55.900021 25.349039 52.599010
v 55.900021 25.349039 52.949013
v 56.050022 24.849037 52.749016
v 56.100021 24.899038 53.099010
v 56.150017 24.949038 53.449013
v 56.300014 24.449038 53.249016
v 56.400021 24.499039 53.599010
v 56.250019 24.999037 53.799015
v 56.450016 24.599037 53.899017
v 56.350025 25.099039 54.099010
v 56.600021 24.699038 54.249012
v 56.500015 25.199039 54.449020
v 56.700027 24.799040 54.549015
v 56.650017 25.299040 54.749012
v 56.850025 24.949038 54.849014
v 56.900021 25.299040 55.099010
v 57.100021 24.799040 55.099010
v 57.350029 24.699038 55.299015
v 57.250023 24.349037 54.949020
v 57.500019 24.249039 55.199017
v 57.650009 24.599037 55.499008
v 57.700020 24.999037 55.749012
v 57.900021 24.499039 55.699017
v 58.000027 24.949038 55.949020
v 58.050022 25.399038 56.149014
v 58.300018 24.899038 56.099014
v 58.400024 25.349039 56.299015
v 58.500019 25.799040 56.499008
v 58.700020 25.349039 56.449017
v 58.850021 25.799040 56.649014
v 59.000027 26.299040 56.799015
v 59.200024 25.799040 56.749020
v 59.550014 25.799040 56.849018
v 59.400024 25.349039 56.699017
v 59.750015 25.349039 56.749020
v 60.100018 25.399038 56.799015
v 59.950016 24.899038 56.649014
v 60.300030 24.949038 56.699017
v 60.450035 25.449039 56.849018
v 60.650021 24.999037 56.699017
v 61.000023 25.099039 56.699017
v 60.850021 24.599037 56.549011
v 61.200024 24.699038 56.549011
v 61.350029 25.199039 56.699017
v 61.550014 24.799040 56.499008
v 61.700020 25.299040 56.649014
v 61.850021 24.949038 56.449017
v 62.100029 25.299040 56.499008
v 62.150028 24.799040 56.299015
v 62.450031 24.699038 56.149014
v 62.100029 24.349037 56.149014
v 62.400024 24.249039 55.949020
v 62.700016 24.599037 55.949020
v 62.950027 24.999037 55.949020
v 63.000023 24.499039 55.749012
v 63.250034 24.949038 55.749012
v 63.500019 25.399038 55.749012
v 63.500019 24.899038 55.499008
v 63.750027 25.349039 55.449020
v 63.950027 25.799040 55.399017
v 63.950027 25.349039 55.199017
v 64.200020 25.799040 55.149014
v 64.400032 26.299040 55.049011
v 64.400032 25.799040 54.849014
v 64.600021 25.799040 54.549015
v 64.400032 25.349039 54.599010
v 64.600021 25.349039 54.299015
v 64.750023 25.849041 54.199017
v 64.750023 25.399038 53.999012
v 64.900032 25.449039 53.649014
v 64.700020 24.949038 53.749012
v 64.800026 24.999037 53.449013
v 65.000023 25.499039 53.299019
v 64.900032 25.099039 53.099010
v 65.000023 25.199039 52.749016
v 64.800026 24.699038 52.849014
v 64.900032 24.799040 52.549007
v 64.950027 24.949038 52.199013
v 64.800026 24.499039 52.199013
v 64.700020 24.349037 51.899017
v 64.600021 24.099037 52.199013
v 64.500015 23.899038 51.899017
v 64.600021 24.249039 51.549007
v 64.700020 24.599037 51.249016
v 64.500015 24.149038 51.249016
v 64.600021 24.499039 50.899014
v 64.700020 24.949038 50.699017
v 64.450020 24.449038 50.599018
v 64.550011 24.899038 50.349018
v 64.600021 25.349039 50.099018
v 64.350029 24.849037 50.049015
v 64.400032 25.349039 49.799015
v 64.400032 25.799040 49.599014
v 64.200020 25.299040 49.499016
v 64.200020 25.799040 49.299015
v 63.950027 25.349039 49.249016
v 63.950027 25.799040 48.999012
v 63.750027 25.349039 48.949013
v 63.500019 25.399038 48.699013
v 63.500019 24.899038 48.949013
v 63.250034 24.949038 48.699013
v 62.950027 24.999037 48.449013
v 63.000023 24.499039 48.699013
v 62.700016 24.599037 48.499012
v 62.450031 24.699038 48.299015
v 62.400024 24.249039 48.499012
v 62.100029 24.349037 48.299015
v 61.800026 24.499039 48.099018
v 61.750015 24.099037 48.299015
v 61.450035 24.349037 48.099018
v 61.400024 23.899038 48.299015
v 61.150028 24.249039 48.049015
v 60.850021 24.599037 47.899014
v 60.800026 24.149038 48.099018
v 60.500019 24.499039 47.899014
v 60.450035 24.049038 48.099018
v 60.150028 24.449038 47.949013
v 59.950016 24.899038 47.799015
v 59.850021 24.399038 47.999012
v 59.600014 24.849037 47.849014
v 59.500019 24.349037 48.049015
v 59.250023 24.849037 47.949013
v 59.050022 25.299040 47.849014
v 58.950016 24.849037 48.049015
v 58.600014 24.849037 48.199013
v 58.850021 24.349037 48.299015
v 58.500019 24.399038 48.399014
v 58.200027 24.449038 48.599018
v 58.400024 23.999039 48.699013
v 58.100021 24.049038 48.849014
v 57.800014 24.149038 49.049015
v 58.000027 23.699038 49.199013
v 57.700020 23.799038 49.349014
v 57.500019 24.249039 49.249016
v 57.400024 23.899038 49.599014
v 57.600014 23.499039 49.699013
v 57.300022 23.699038 49.899014
v 57.000027 23.899038 50.099018
v 57.200027 23.499039 50.249012
v 56.900021 23.799038 50.449017
v 56.650017 24.149038 50.649014
v 56.800014 23.699038 50.799015
v 56.550022 24.049038 50.999012
v 56.750019 23.599039 51.149010
v 56.500015 23.999039 51.349014
v 56.250019 24.399038 51.549007
v 56.450016 23.949038 51.699013
v 56.250019 24.349037 51.849014
v 56.050022 24.849037 52.049007
v 56.200027 24.349037 52.199013
v 56.050022 24.849037 52.399017
v 56.250019 24.349037 52.549007
v 56.250019 24.399038 52.899017
v 56.450016 23.949038 52.749016
v 56.500015 23.999039 53.099010
v 56.550022 24.049038 53.449013
v 56.750019 23.599039 53.299019
v 56.800014 23.699038 53.649014
v 56.650017 24.149038 53.799015
v 56.900021 23.799038 53.999012
v 56.750019 24.249039 54.099010
v 57.000027 23.899038 54.299015
v 56.850025 24.349037 54.449020
v 57.150017 24.099037 54.649014
v 57.000027 24.499039 54.749012
v 57.400024 23.899038 54.849014
v 57.300022 23.699038 54.499012
v 57.600014 23.499039 54.749012
v 57.700020 23.799038 55.049011
v 57.800014 24.149038 55.399017
v 58.000027 23.699038 55.249012
v 58.100021 24.049038 55.549011
v 58.200027 24.449038 55.849018
v 58.400024 23.999039 55.749012
v 58.500019 24.399038 55.999008
v 58.600014 24.849037 56.249012
v 58.850021 24.349037 56.149014
v 58.950016 24.849037 56.399017
v 59.050022 25.299040 56.599014
v 59.250023 24.849037 56.499008
v 59.600014 24.849037 56.599014
v 59.500019 24.349037 56.349018
v 59.850021 24.399038 56.449017
v 60.150028 24.449038 56.499008
v 60.100018 23.999039 56.249012
v 60.450035 24.049038 56.299015
v 60.500019 24.499039 56.549011
v 60.800026 24.149038 56.349018
v 61.150028 24.249039 56.349018
v 61.050022 23.799038 56.149014
v 61.400024 23.899038 56.149014
v 61.450035 24.349037 56.349018
v 61.750015 24.099037 56.149014
v 61.800026 24.499039 56.299015
v 62.050022 23.899038 55.949020
v 61.700020 23.699038 55.949020
v 61.950027 23.499039 55.749012
v 62.300030 23.799038 55.749012
v 62.650021 24.149038 55.749012
v 62.600025 23.699038 55.499008
v 62.900017 24.049038 55.499008
v 63.250034 24.449038 55.499008
v 63.150028 23.999039 55.249012
v 63.500019 24.399038 55.249012
v 63.750027 24.849037 55.249012
v 63.700016 24.349037 54.999008
v 63.950027 24.849037 54.949020
v 64.200020 25.299040 54.899017
v 64.150024 24.849037 54.699017
v 64.350029 24.849037 54.399017
v 64.100029 24.349037 54.449020
v 64.300026 24.399038 54.149014
v 64.550011 24.899038 54.049015
v 64.450020 24.449038 53.849014
v 64.600021 24.499039 53.499012
v 64.350029 24.049038 53.549015
v 64.500015 24.149038 53.199013
v 64.700020 24.599037 53.199013
v 64.600021 24.249039 52.899017
v 64.700020 24.349037 52.549007
v 64.500015 23.899038 52.549007
v 64.400032 23.699038 52.199013
v 64.300026 23.499039 52.549007
v 64.150024 23.299038 52.199013
v 64.300026 23.499039 51.899017
v 64.400032 23.799038 51.549007
v 64.150024 23.399038 51.549007
v 64.250031 23.699038 51.199013
v 64.350029 24.049038 50.899014
v 64.100029 23.599039 50.899014
v 64.200020 23.999039 50.599018
v 64.300026 24.399038 50.299015
v 64.050018 23.949038 50.299015
v 64.100029 24.349037 49.999012
v 64.150024 24.849037 49.749016
v 63.900028 24.349037 49.699013
v 63.950027 24.849037 49.449013
v 63.700016 24.349037 49.449013
v 63.750027 24.849037 49.199013
v 63.500019 24.399038 49.199013
v 63.250034 24.449038 48.949013
v 63.150028 23.999039 49.149014
v 62.900017 24.049038 48.899014
v 62.650021 24.149038 48.699013
v 62.600025 23.699038 48.899014
v 62.300030 23.799038 48.699013
v 62.050022 23.899038 48.499012
v 61.950027 23.499039 48.699013
v 61.700020 23.699038 48.499012
v 61.600025 23.299038 48.699013
v 61.350029 23.499039 48.499012
v 61.050022 23.799038 48.299015
v 61.000023 23.399038 48.499012
v 60.700020 23.699038 48.299015
v 60.600014 23.299038 48.549015
v 60.350029 23.599039 48.349018
v 60.100018 23.999039 48.149014
v 60.000027 23.549038 48.399014
v 59.750015 23.949038 48.249012
v 59.650021 23.499039 48.499012
v 59.400024 23.899038 48.299015
v 59.150028 24.349037 48.149014
v 59.050022 23.899038 48.449013
v 58.750015 23.949038 48.549015
v 58.950016 23.499039 48.699013
v 58.600014 23.549038 48.849014
v 58.300018 23.599039 48.999012
v 58.500019 23.199038 49.149014
v 58.200027 23.299038 49.349014
v 57.900021 23.399038 49.499016
v 58.100021 22.999039 49.649014
v 57.800014 23.149038 49.849014
v 57.500019 23.299038 50.049015
v 57.700020 22.949039 50.199017
v 57.400024 23.149038 50.399014
v 57.100021 23.399038 50.599018
v 57.300022 22.999039 50.749020
v 57.000027 23.299038 50.949017
v 57.250023 22.899036 51.099010
v 56.950016 23.199038 51.299011
v 56.700027 23.549038 51.499012
v 56.950016 23.149038 51.649010
v 56.650017 23.499039 51.849014
v 56.450016 23.899038 52.049007
v 56.650017 23.499039 52.199013
v 56.450016 23.899038 52.399017
v 56.650017 23.499039 52.599010
v 56.700027 23.549038 52.949013
v 56.950016 23.149038 52.749016
v 56.950016 23.199038 53.149014
v 57.000027 23.299038 53.499012
v 57.250023 22.899036 53.349014
v 57.300022 22.999039 53.699009
v 57.100021 23.399038 53.849014
v 57.400024 23.149038 54.049015
v 57.200027 23.499039 54.199017
v 57.500019 23.299038 54.399017
v 57.700020 22.949039 54.249012
v 57.800014 23.149038 54.599010
v 57.900021 23.399038 54.899017
v 58.100021 22.999039 54.749012
v 58.200027 23.299038 55.099010
v 58.300018 23.599039 55.399017
v 58.500019 23.199038 55.249012
v 58.600014 23.549038 55.599014
v 58.750015 23.949038 55.849018
v 58.950016 23.499039 55.699017
v 59.050022 23.899038 55.999008
v 59.150028 24.349037 56.249012
v 59.400024 23.899038 56.099014
v 59.750015 23.949038 56.199017
v 59.650021 23.499039 55.949020
v 60.000027 23.549038 55.999008
v 60.350029 23.599039 56.099014
v 60.250023 23.199038 55.849018
v 60.600014 23.299038 55.899017
v 60.700020 23.699038 56.149014
v 61.000023 23.399038 55.949020
v 61.350029 23.499039 55.949020
v 61.250023 23.149038 55.699017
v 61.600025 23.299038 55.749012
v 61.550014 22.949039 55.499008
v 61.900017 23.149038 55.499008
v 62.250019 23.399038 55.499008
v 62.150028 22.999039 55.249012
v 62.500019 23.299038 55.249012
v 62.850021 23.599039 55.249012
v 62.800022 23.199038 54.999008
v 63.100029 23.549038 54.999008
v 63.400024 23.949038 54.999008
v 63.350025 23.499039 54.749012
v 63.650021 23.899038 54.749012
v 63.900028 24.349037 54.699017
v 63.850021 23.899038 54.449020
v 64.050018 23.949038 54.149014
v 63.750027 23.499039 54.149014
v 63.950027 23.549038 53.849014
v 64.200020 23.999039 53.849014
v 64.100029 23.599039 53.549015
v 64.250031 23.699038 53.199013
v 64.000023 23.299038 53.199013
v 64.150024 23.399038 52.899017
v 64.400032 23.799038 52.899017
v 64.050018 23.149038 52.549007
v 63.900028 22.999039 52.899017
v 63.800022 22.799038 52.549007
v 63.900028 22.949039 52.199013
v 64.050018 23.149038 51.899017
v 63.800022 22.799038 51.899017
v 63.900028 22.999039 51.549007
v 64.000023 23.299038 51.199013
v 63.750027 22.899036 51.199013
v 63.850021 23.199038 50.899014
v 63.950027 23.549038 50.599018
v 63.650021 23.149038 50.599018
v 63.750027 23.499039 50.249012
v 63.850021 23.899038 49.999012
v 63.550014 23.499039 49.999012
v 63.650021 23.899038 49.699013
v 63.350025 23.499039 49.699013
v 63.400024 23.949038 49.399014
v 63.100029 23.549038 49.399014
v 62.850021 23.599039 49.149014
v 62.800022 23.199038 49.399014
v 62.500019 23.299038 49.149014
v 62.250019 23.399038 48.899014
v 62.150028 22.999039 49.149014
v 61.900017 23.149038 48.899014
v 61.800026 22.799038 49.149014
v 61.550014 22.949039 48.949013
v 61.250023 23.149038 48.699013
v 61.200024 22.799038 48.949013
v 60.900017 22.999039 48.749012
v 60.800026 22.649036 48.999012
v 60.550014 22.899036 48.799015
v 60.250023 23.199038 48.599018
v 60.150028 22.849039 48.849014
v 59.900021 23.149038 48.649014
v 59.800026 22.799038 48.949013
v 59.550014 23.099039 48.749012
v 59.300030 23.499039 48.599018
v 59.200024 23.099039 48.899014
v 58.850021 23.149038 48.999012
v 59.100018 22.799038 49.199013
v 58.750015 22.849039 49.349014
v 58.400024 22.899036 49.499016
v 58.650024 22.549038 49.649014
v 58.300018 22.649036 49.799015
v 58.000027 22.799038 49.999012
v 58.200027 22.449038 50.149014
v 57.900021 22.599037 50.349018
v 57.600014 22.799038 50.549015
v 57.800014 22.449038 50.699017
v 57.550018 22.649036 50.899014
v 57.750015 22.349037 51.049007
v 57.500019 22.549038 51.249016
v 57.200027 22.849039 51.449017
v 57.450024 22.499037 51.649010
v 57.150017 22.799038 51.849014
v 56.900021 23.099039 52.049007
v 57.150017 22.749037 52.199013
v 56.900021 23.099039 52.399017
v 57.150017 22.799038 52.599010
v 57.200027 22.849039 52.949013
v 57.450024 22.499037 52.799011
v 57.500019 22.549038 53.149014
v 57.550018 22.649036 53.549015
v 57.750015 22.349037 53.349014
v 57.800014 22.449038 53.749012
v 57.600014 22.799038 53.899017
v 57.900021 22.599037 54.099010
v 58.000027 22.799038 54.449020
v 58.200027 22.449038 54.249012
v 58.300018 22.649036 54.599010
v 58.400024 22.899036 54.949020
v 58.650024 22.549038 54.749012
v 58.750015 22.849039 55.099010
v 58.850021 23.149038 55.399017
v 59.100018 22.799038 55.249012
v 59.200024 23.099039 55.549011
v 59.300030 23.499039 55.849018
v 59.550014 23.099039 55.649014
v 59.900021 23.149038 55.749012
v 59.800026 22.799038 55.449020
v 60.150028 22.849039 55.549011
v 60.550014 22.899036 55.649014
v 60.450035 22.549038 55.349014
v 60.800026 22.649036 55.399017
v 60.900017 22.999039 55.699017
v 61.200024 22.799038 55.449020
v 61.100018 22.449038 55.199017
v 61.450035 22.599037 55.249012
v 61.800026 22.799038 55.249012
v 61.750015 22.449038 54.999008
v 62.100029 22.649036 54.999008
v 62.450031 22.899036 54.999008
v 62.350025 22.549038 54.749012
v 62.700016 22.849039 54.749012
v 63.000023 23.149038 54.749012
v 62.950027 22.799038 54.449020
v 63.250034 23.099039 54.449020
v 63.550014 23.499039 54.449020
v 63.450020 23.099039 54.149014
v 63.650021 23.149038 53.849014
v 63.350025 22.799038 53.849014
v 63.550014 22.849039 53.549015
v 63.850021 23.199038 53.549015
v 63.750027 22.899036 53.199013
v 63.650021 22.649036 52.899017
v 63.450020 22.549038 53.199013
v 63.350025 22.349037 52.899017
v 63.500019 22.449038 52.549007
v 63.650021 22.599037 52.199013
v 63.400024 22.299038 52.199013
v 63.500019 22.449038 51.899017
v 63.650021 22.649036 51.549007
v 63.350025 22.349037 51.549007
v 63.450020 22.549038 51.199013
v 63.550014 22.849039 50.899014
v 63.250034 22.499037 50.899014
v 63.350025 22.799038 50.549015
v 63.450020 23.099039 50.249012
v 63.150028 22.749037 50.249012
v 63.250034 23.099039 49.949017
v 62.950027 22.799038 49.949017
v 63.000023 23.149038 49.699013
v 62.700016 22.849039 49.699013
v 62.450031 22.899036 49.399014
v 62.350025 22.549038 49.699013
v 62.100029 22.649036 49.399014
v 62.000023 22.349037 49.699013
v 61.750015 22.449038 49.449013
v 61.450035 22.599037 49.199013
v 61.400024 22.299038 49.449013
v 61.100018 22.449038 49.199013
v 61.000023 22.149038 49.499016
v 60.700020 22.349037 49.299015
v 60.450035 22.549038 49.049015
v 60.350029 22.249037 49.349014
v 60.100018 22.499037 49.149014
v 60.000027 22.199038 49.449013
v 59.700020 22.449038 49.249016
v 59.450024 22.749037 49.049015
v 59.350029 22.449038 49.349014
v 59.000027 22.499037 49.499016
v 59.250023 22.199038 49.699013
v 58.900021 22.249037 49.849014
v 58.550018 22.349037 49.999012
v 58.800014 22.049040 50.149014
v 58.450024 22.149038 50.349018
v 58.100021 22.299038 50.499012
v 58.350029 22.049040 50.649014
v 58.050022 22.149038 50.849014
v 58.300018 21.899036 51.049007
v 58.000027 22.049040 51.249016
v 57.700020 22.249037 51.449017
v 58.000027 21.999037 51.649010
v 57.700020 22.199038 51.849014
v 57.450024 22.449038 52.049007
v 57.700020 22.199038 52.199013
v 57.450024 22.449038 52.399017
v 57.700020 22.199038 52.599010
v 57.700020 22.249037 52.999012
v 58.000027 21.999037 52.799011
v 58.000027 22.049040 53.199013
v 58.050022 22.149038 53.549015
v 58.300018 21.899036 53.399017
v 58.350029 22.049040 53.749012
v 58.100021 22.299038 53.949013
v 58.450024 22.149038 54.099010
v 58.550018 22.349037 54.449020
v 58.800014 22.049040 54.249012
v 58.900021 22.249037 54.599010
v 59.000027 22.499037 54.899017
v 59.250023 22.199038 54.749012
v 59.350029 22.449038 55.049011
v 59.450024 22.749037 55.349014
v 59.700020 22.449038 55.199017
v 60.100018 22.499037 55.299015
v 60.000027 22.199038 54.999008
v 60.350029 22.249037 55.049011
v 60.700020 22.349037 55.149014
v 60.650021 22.049040 54.849014
v 61.000023 22.149038 54.949020
v 61.400024 22.299038 54.999008
v 61.300030 22.049040 54.699017
v 61.650021 22.149038 54.699017
v 62.000023 22.349037 54.749012
v 61.900017 22.049040 54.449020
v 62.250019 22.249037 54.449020
v 62.600025 22.499037 54.449020
v 62.500019 22.199038 54.149014
v 62.850021 22.449038 54.149014
v 63.150028 22.749037 54.149014
v 63.050022 22.449038 53.849014
v 63.250034 22.499037 53.549015
v 62.950027 22.199038 53.549015
v 63.150028 22.249037 53.199013
v 62.850021 21.999037 53.199013
v 63.050022 22.049040 52.899017
v 63.200024 22.149038 52.549007
v 62.900017 21.899036 52.549007
v 63.100029 22.049040 52.199013
v 63.200024 22.149038 51.899017
v 62.900017 21.899036 51.899017
v 63.050022 22.049040 51.549007
v 63.150028 22.249037 51.199013
v 62.850021 21.999037 51.199013
v 62.950027 22.199038 50.899014
v 63.050022 22.449038 50.599018
v 62.750027 22.199038 50.599018
v 62.850021 22.449038 50.249012
v 62.500019 22.199038 50.249012
v 62.600025 22.499037 49.949017
v 62.250019 22.249037 49.999012
v 62.150028 21.999037 50.299015
v 61.900017 22.049040 49.999012
v 61.650021 22.149038 49.699013
v 61.550014 21.899036 49.999012
v 61.300030 22.049040 49.699013
v 61.200024 21.799036 49.999012
v 60.900017 21.899036 49.799015
v 60.650021 22.049040 49.549015
v 60.550014 21.799036 49.849014
v 60.250023 21.999037 49.649014
v 60.150028 21.749037 49.949017
v 59.900021 21.949036 49.749016
v 59.600014 22.199038 49.549015
v 59.500019 21.949036 49.899014
v 59.150028 21.999037 49.999012
v 59.400024 21.749037 50.199017
v 59.050022 21.799036 50.349018
v 58.700020 21.899036 50.499012
v 58.950016 21.699036 50.699017
v 58.600014 21.799036 50.849014
v 58.850021 21.599035 51.049007
v 58.550018 21.699036 51.249016
v 58.250023 21.799036 51.449017
v 58.550018 21.599035 51.599010
v 58.250023 21.749037 51.799011
v 57.950016 21.949036 51.999012
v 58.250023 21.749037 52.199013
v 57.950016 21.949036 52.399017
v 58.250023 21.749037 52.599010
v 58.250023 21.799036 52.999012
v 58.550018 21.599035 52.799011
v 58.550018 21.699036 53.199013
v 58.600014 21.799036 53.599010
v 58.850021 21.599035 53.399017
v 58.950016 21.699036 53.749012
v 58.700020 21.899036 53.899017
v 59.050022 21.799036 54.049015
v 59.150028 21.999037 54.399017
v 59.400024 21.749037 54.199017
v 59.500019 21.949036 54.549015
v 59.600014 22.199038 54.849014
v 59.900021 21.949036 54.649014
v 60.250023 21.999037 54.749012
v 60.150028 21.749037 54.449020
v 60.550014 21.799036 54.549015
v 60.900017 21.899036 54.649014
v 60.800026 21.699036 54.349014
v 61.200024 21.799036 54.449020
v 61.550014 21.899036 54.449020
v 61.450035 21.699036 54.149014
v 61.800026 21.799036 54.149014
v 62.150028 21.999037 54.149014
v 62.050022 21.749037 53.849014
v 62.400024 21.949036 53.849014
v 62.750027 22.199038 53.849014
v 62.600025 21.949036 53.549015
v 62.300030 21.749037 53.549015
v 62.500019 21.749037 53.199013
v 62.700016 21.799036 52.899017
v 62.400024 21.599035 52.899017
v 62.600025 21.699036 52.549007
v 62.800022 21.799036 52.199013
v 62.500019 21.599035 52.199013
v 62.600025 21.699036 51.899017
v 62.700016 21.799036 51.549007
v 62.400024 21.599035 51.549007
v 62.500019 21.749037 51.199013
v 62.600025 21.949036 50.899014
v 62.300030 21.749037 50.899014
v 62.400024 21.949036 50.599018
v 62.050022 21.749037 50.599018
v 61.800026 21.799036 50.299015
v 61.700020 21.599035 50.599018
v 61.450035 21.699036 50.299015
v 61.350029 21.499037 50.599018
v 61.100018 21.599035 50.299015
v 60.800026 21.699036 50.099018
v 60.700020 21.499037 50.399014
v 60.450035 21.599035 50.199017
v 60.350029 21.399036 50.499012
v 60.050022 21.549036 50.299015
v 59.800026 21.749037 50.099018
v 59.700020 21.549036 50.399014
v 59.300030 21.599035 50.549015
v 59.600014 21.399036 50.749020
v 59.200024 21.499037 50.899014
v 59.450024 21.299036 51.099010
v 59.100018 21.399036 51.199013
v 58.800014 21.499037 51.399014
v 59.100018 21.299036 51.599010
v 58.800014 21.399036 51.799011
v 58.500019 21.549036 51.999012
v 58.800014 21.399036 52.199013
v 58.500019 21.549036 52.399017
v 58.800014 21.399036 52.599010
v 58.800014 21.499037 52.999012
v 59.100018 21.299036 52.799011
v 59.100018 21.399036 53.199013
v 59.200024 21.499037 53.549015
v 59.450024 21.299036 53.349014
v 59.600014 21.399036 53.699009
v 59.300030 21.599035 53.899017
v 59.700020 21.549036 53.999012
v 59.800026 21.749037 54.349014
v 60.050022 21.549036 54.149014
v 60.450035 21.599035 54.249012
v 60.350029 21.399036 53.949013
v 60.700020 21.499037 54.049015
v 61.100018 21.599035 54.149014
v 61.000023 21.399036 53.849014
v 61.350029 21.499037 53.849014
v 61.700020 21.599035 53.849014
v 61.600025 21.399036 53.499012
v 61.950027 21.549036 53.549015
v 62.200024 21.549036 53.199013
v 61.850021 21.399036 53.199013
v 62.050022 21.399036 52.899017
v 62.300030 21.499037 52.549007
v 61.950027 21.299036 52.549007
v 62.150028 21.399036 52.199013
v 62.300030 21.499037 51.899017
v 61.950027 21.299036 51.899017
v 62.050022 21.399036 51.549007
v 62.200024 21.549036 51.249016
v 61.850021 21.399036 51.249016
v 61.950027 21.549036 50.899014
v 61.600025 21.399036 50.899014
v 61.500019 21.249037 51.249016
v 61.250023 21.299036 50.899014
v 61.000023 21.399036 50.599018
v 60.900017 21.249037 50.899014
v 60.600014 21.299036 50.699017
v 60.500019 21.199036 51.049007
v 60.250023 21.249037 50.799015
v 59.950016 21.399036 50.599018
v 59.850021 21.249037 50.949017
v 60.150028 21.149036 51.149010
v 59.750015 21.199036 51.299011
v 59.350029 21.249037 51.399014
v 59.650021 21.149036 51.599010
v 59.350029 21.199036 51.799011
v 59.100018 21.249037 51.999012
v 59.350029 21.149036 52.199013
v 59.100018 21.249037 52.399017
v 59.350029 21.199036 52.599010
v 59.350029 21.249037 52.999012
v 59.650021 21.149036 52.799011
v 59.750015 21.199036 53.149014
v 59.850021 21.249037 53.499012
v 60.150028 21.149036 53.299019
v 60.250023 21.249037 53.599010
v 59.950016 21.399036 53.799015
v 60.600014 21.299036 53.699009
v 60.500019 21.199036 53.399017
v 60.900017 21.249037 53.499012
v 61.250023 21.299036 53.499012
v 61.150028 21.199036 53.199013
v 61.500019 21.249037 53.199013
v 61.700020 21.249037 52.899017
v 61.400024 21.149036 52.849014
v 61.600025 21.199036 52.549007
v 61.850021 21.249037 52.199013
v 61.500019 21.149036 52.199013
v 61.600025 21.199036 51.899017
v 61.700020 21.249037 51.549007
v 61.400024 21.149036 51.549007
v 61.150028 21.199036 51.249016
v 61.050022 21.099037 51.549007
v 60.800026 21.149036 51.249016
v 60.700020 21.049036 51.549007
v 60.400024 21.099037 51.349014
v 60.000027 21.099037 51.499012
v 60.300030 20.999037 51.699013
v 59.900021 21.049036 51.799011
v 59.650021 21.099037 51.999012
v 59.900021 20.999037 52.199013
v 59.650021 21.099037 52.399017
v 59.900021 21.049036 52.599010
v 60.000027 21.099037 52.949013
v 60.300030 20.999037 52.749016
v 60.400024 21.099037 53.099010
v 60.800026 21.149036 53.199013
v 60.700020 21.049036 52.849014
v 61.050022 21.099037 52.849014
v 61.250023 21.099037 52.549007
v 60.950027 20.999037 52.549007
v 61.150028 21.049036 52.199013
v 61.250023 21.099037 51.899017
v 60.950027 20.999037 51.899017
v 60.800026 20.999037 52.199013
v 60.600014 20.999037 51.899017
v 60.200024 20.999037 51.999012
v 60.450035 20.999037 52.199013
v 60.200024 20.999037 52.399017
v 60.600014 20.999037 52.549007
v 56.850025 33.899040 52.199013
v 57.650009 33.999043 52.449013
v 57.650009 33.999043 52.199013
v 57.650009 33.999043 51.999012
v 41.750011 22.549038 45.249012
v 41.250011 22.549038 46.749016
v 41.200016 23.349039 47.449013
v 40.900009 22.549038 48.299015
v 40.850014 23.399038 49.049015
v 41.200016 24.199038 48.249012
v 40.950012 24.249039 49.799015
v 41.300014 24.999037 48.999012
v 41.100018 25.049040 50.599018
v 41.500011 25.799040 49.799015
v 41.350014 25.849041 51.399014
v 41.750011 26.599039 50.599018
v 41.700016 26.599039 52.199013
v 42.150013 27.349039 51.399014
v 42.150013 27.349039 53.049015
v 42.600014 28.099041 52.199013
v 42.800014 28.349041 53.549015
v 43.250019 28.949041 52.199013
v 43.550011 29.249041 53.549015
v 44.000015 29.799042 52.199013
v 44.350010 30.099041 53.549015
v 44.800014 30.599043 52.199013
v 45.250015 30.899040 53.549015
v 45.700020 31.349043 52.199013
v 46.200020 31.649042 53.549015
v 46.700020 32.049042 52.199013
v 47.250015 32.349045 53.549015
v 47.700020 32.699043 52.199013
v 48.350014 32.999043 53.549015
v 47.850018 32.599045 54.899017
v 49.000019 33.249043 54.899017
v 48.550014 32.799042 56.199017
v 49.750019 33.399040 56.199017
v 51.050022 33.949043 56.199017
v 50.600018 33.499043 57.499016
v 51.900017 34.049042 57.499016
v 53.250019 34.449043 57.449017
v 52.800018 34.049042 58.749016
v 54.200024 34.449043 58.699013
v 55.600021 34.749043 58.699013
v 55.150024 34.299042 59.949017
v 56.550022 34.599045 59.899021
v 58.000027 34.749043 59.899021
v 57.600014 34.349045 61.049015
v 59.100018 34.599045 60.749016
v 59.500019 34.999043 59.499016
v 60.600014 34.749043 60.349018
v 61.050022 35.099045 59.099014
v 62.150028 34.799042 59.899021
v 63.650021 34.799042 59.399021
v 63.250034 34.449043 60.699020
v 64.700020 34.449043 60.199020
v 66.200020 34.299042 59.649017
v 65.750023 33.949043 60.999012
v 67.200035 33.799042 60.399021
v 67.600021 34.099045 59.049019
v 68.600021 33.599045 59.749016
v 69.000031 33.849045 58.399021
v 69.900024 33.299042 59.049019
v 70.150032 33.599045 57.599014
v 70.350037 33.799042 56.099014
v 71.300041 33.249043 56.799015
v 71.500023 33.399040 55.299015
v 71.600021 33.499043 53.749012
v 72.600021 32.949043 54.499012
v 72.700027 32.999043 52.949013
v 72.700027 32.999043 51.449017
v 73.750023 32.399040 52.199013
v 73.700027 32.349045 50.699017
v 72.600021 32.949043 49.949017
v 73.600029 32.249043 49.249016
v 72.450027 32.799042 48.449013
v 73.400032 32.099045 47.749012
v 74.500023 31.549042 48.549015
v 74.300034 31.349043 47.099014
v 75.350029 30.699041 47.899014
v 75.100037 30.549042 46.499016
v 74.750031 30.349041 45.149014
v 75.800026 29.699041 45.949013
v 75.450027 29.499041 44.599010
v 74.950035 29.249041 43.349014
v 76.050026 28.549040 44.149014
v 75.550018 28.349041 42.899014
v 74.400032 28.949041 42.099014
v 73.400032 29.249041 41.199009
v 74.000031 28.349041 40.749012
v 72.950035 28.549040 39.899010
v 71.850029 28.749041 39.099010
v 72.750023 27.749039 38.949009
v 71.650032 27.949039 38.099010
v 70.450020 28.049040 37.349010
v 71.350037 27.049040 37.199005
v 70.100029 27.149040 36.449009
v 68.850029 27.249039 35.799007
v 69.700027 26.249041 35.649010
v 68.400032 26.299040 34.999008
v 67.500015 27.299040 35.199009
v 67.850029 25.349039 34.349007
v 69.200035 25.349039 34.949009
v 68.650017 24.399038 34.349007
v 67.250031 24.449038 33.799007
v 65.800026 24.449038 33.349010
v 66.600021 23.499039 33.349010
v 65.150024 23.499039 32.949009
v 63.600021 23.499039 32.599007
v 64.400032 22.599037 32.649010
v 62.850021 22.549038 32.399006
v 62.100029 23.449038 32.449009
v 61.350029 24.349037 32.599007
v 60.550014 23.399038 32.349007
v 59.800026 24.299038 32.549007
v 58.300018 24.199038 32.649010
v 59.000027 23.349039 32.399006
v 58.150028 22.549038 32.399006
v 59.750015 22.549038 32.249004
v 61.300030 22.549038 32.249004
v 74.000031 22.549038 37.549011
v 72.800034 22.549038 36.499008
v 73.300034 23.349039 37.049011
v 72.100021 23.399038 36.099010
v 72.550018 24.299038 36.699005
v 71.300041 24.349037 35.799007
v 71.800034 25.199039 36.499008
v 70.550026 25.299040 35.649010
v 70.950020 26.199039 36.399010
v 70.000031 24.399038 35.049007
v 72.200027 26.099039 37.199005
v 72.500023 26.949039 38.049011
v 73.350037 25.949039 38.099010
v 73.000031 25.149038 37.349010
v 74.100037 24.999037 38.349010
v 73.750023 24.199038 37.649010
v 74.850029 24.249039 38.799007
v 74.450027 23.399038 38.099010
v 75.550018 23.399038 39.299007
v 75.100037 22.549038 38.649014
v 76.150032 22.549038 39.849010
v 43.900013 22.599037 63.299019
v 44.800014 22.599037 64.549011
v 44.400013 23.499039 63.899025
v 45.400013 23.499039 65.099014
v 45.050018 24.449038 64.349022
v 46.050018 24.399038 65.499016
v 45.750015 25.349039 64.749023
v 46.750015 25.349039 65.849022
v 46.550018 26.299040 65.049019
v 47.600018 26.249041 66.099014
v 47.450016 27.249039 65.249023
v 48.450016 27.149040 66.249023
v 48.400013 28.149040 65.349022
v 49.400017 28.049040 66.299026
v 49.450016 29.049040 65.349022
v 50.450016 28.899042 66.249023
v 50.700016 29.849041 65.399025
v 49.650021 29.999041 64.399025
v 50.950016 30.699041 64.449013
v 49.950016 30.849043 63.399017
v 51.250019 31.549042 63.399017
v 50.300018 31.649042 62.349022
v 51.600018 32.249043 62.349022
v 50.650021 32.349045 61.199020
v 52.000015 32.949043 61.199020
v 51.050022 32.999043 59.999012
v 52.400017 33.499043 59.999012
v 51.450020 33.549042 58.749016
v 53.750019 33.949043 59.949017
v 53.350018 33.399040 61.149017
v 54.750019 33.799042 61.149017
v 56.200027 34.099045 61.099014
v 55.800014 33.599045 62.249016
v 57.250023 33.849045 62.199020
v 58.700020 34.099045 61.949017
v 58.350029 33.599045 63.099018
v 59.850021 33.799042 62.799019
v 60.250023 34.299042 61.599018
v 61.350029 33.949043 62.399017
v 61.750015 34.449043 61.199020
v 62.850021 34.049042 61.999012
v 64.300026 34.049042 61.499012
v 63.900028 33.549042 62.799019
v 65.350029 33.499043 62.299019
v 66.800018 33.399040 61.749016
v 66.400032 32.949043 63.049015
v 67.750023 32.799042 62.449017
v 68.150024 33.249043 61.099014
v 69.100029 32.599045 61.799019
v 69.500023 32.999043 60.449017
v 70.400032 32.349045 61.099014
v 70.800018 32.699043 59.699013
v 71.100029 32.999043 58.249016
v 72.000031 32.349045 58.899021
v 72.250031 32.599045 57.449017
v 72.450027 32.799042 55.999008
v 73.400032 32.099045 56.649014
v 73.600029 32.249043 55.199017
v 73.700027 32.349045 53.699009
v 74.650024 31.649042 54.399017
v 74.750031 31.699041 52.949013
v 74.750031 31.699041 51.499012
v 75.700020 30.949041 52.199013
v 75.700020 30.899040 50.749020
v 74.650024 31.649042 49.999012
v 75.550018 30.849043 49.349014
v 76.550018 30.049042 50.099018
v 76.400032 29.999041 48.699013
v 76.150032 29.849041 47.299015
v 77.100037 29.049040 48.099018
v 76.850029 28.899042 46.749016
v 76.500023 28.749041 45.449013
v 77.350029 27.949039 45.949013
v 76.900032 27.749039 44.599010
v 76.400032 27.549040 43.349014
v 77.150032 26.799040 43.799011
v 76.550018 26.599039 42.549011
v 75.800026 27.349039 42.099014
v 74.950035 28.099041 41.699009
v 74.850029 27.349039 40.749012
v 73.850029 27.549040 39.799011
v 74.650024 26.599039 39.899010
v 73.600029 26.799040 38.949009
v 74.400032 25.799040 39.099010
v 75.450027 25.849041 40.299011
v 75.200027 25.049040 39.499008
v 76.200027 25.049040 40.799011
v 75.900032 24.249039 39.999008
v 76.850029 24.249039 41.299011
v 76.550018 23.399038 40.549011
v 77.400032 23.399038 41.849010
v 77.100037 22.549038 41.149010
v 77.900032 22.549038 42.499012
v 78.200043 23.399038 43.249012
v 77.700020 24.249039 42.699009
v 78.400024 24.199038 44.099014
v 77.900032 24.999037 43.549011
v 77.100037 25.049040 42.149014
v 77.250038 25.799040 42.999008
v 76.400032 25.849041 41.649014
v 75.650024 26.599039 41.199009
v 77.850029 25.949039 44.349010
v 77.700020 26.949039 45.149014
v 78.350029 26.099039 45.699013
v 78.450027 25.149038 44.899014
v 78.950027 25.199039 46.299015
v 78.950027 24.299038 45.499012
v 78.850021 23.349039 44.699013
v 79.400024 23.399038 46.149010
v 79.250038 22.549038 45.349014
v 78.600029 22.549038 43.899014
v 79.700035 22.549038 46.849014
v 79.800026 23.449038 47.649014
v 79.400024 24.349037 46.949013
v 79.750031 24.399038 48.449013
v 79.300034 25.299040 47.749012
v 78.750031 26.199039 47.099014
v 79.050034 26.249041 48.549015
v 78.450027 27.149040 47.899014
v 78.100037 27.049040 46.499016
v 77.700020 28.049040 47.299015
v 77.950035 28.149040 48.699013
v 77.300034 29.149042 49.449013
v 78.150032 28.199041 50.099018
v 78.700035 27.249039 49.349014
v 78.800026 27.299040 50.749020
v 79.250038 26.299040 49.999012
v 79.600029 25.349039 49.249016
v 79.750031 25.349039 50.699017
v 80.000031 24.399038 49.949017
v 80.100037 23.499039 49.149014
v 80.250038 23.499039 50.699017
v 80.300034 22.599037 49.899014
v 80.050034 22.549038 48.349018
v 80.400024 22.599037 51.449017
v 80.300034 23.499039 52.199013
v 80.100037 24.449038 51.449017
v 80.100037 24.449038 52.949013
v 79.800026 25.399038 52.199013
v 79.400024 26.349039 51.499012
v 79.400024 26.349039 52.949013
v 78.850021 27.299040 52.199013
v 78.250038 28.249039 51.499012
v 78.250038 28.249039 52.899017
v 77.500023 29.199041 52.199013
v 77.450027 29.199041 50.849014
v 76.650024 30.099041 51.499012
v 76.650024 30.099041 52.899017
v 75.700020 30.899040 53.649014
v 76.550018 30.049042 54.349014
v 75.550018 30.849043 55.099010
v 74.500023 31.549042 55.849018
v 75.350029 30.699041 56.499008
v 74.300034 31.349043 57.299015
v 73.150032 31.899042 58.099014
v 73.950035 31.149040 58.699013
v 72.800034 31.649042 59.499016
v 71.650032 32.049042 60.299019
v 72.400032 31.349043 60.899021
v 73.600029 30.899040 60.099014
v 73.150032 30.599043 61.399017
v 74.300034 30.099041 60.599014
v 74.750031 30.349041 59.299019
v 75.100037 30.549042 57.899021
v 75.800026 29.699041 58.499016
v 76.150032 29.849041 57.099014
v 76.400032 29.999041 55.749012
v 77.100037 29.049040 56.349018
v 77.300034 29.149042 54.949020
v 77.450027 29.199041 53.599010
v 78.150032 28.199041 54.349014
v 78.800026 27.299040 53.649014
v 78.700035 27.249039 55.099010
v 79.250038 26.299040 54.399017
v 79.750031 25.349039 53.699009
v 79.600029 25.349039 55.199017
v 80.000031 24.399038 54.499012
v 80.250038 23.499039 53.749012
v 80.100037 23.499039 55.299015
v 80.300034 22.599037 54.549015
v 80.400024 22.599037 52.999012
v 80.050034 22.549038 56.099014
v 79.800026 23.449038 56.799015
v 79.750031 24.399038 55.999008
v 79.400024 24.349037 57.449017
v 79.300034 25.299040 56.649014
v 79.050034 26.249041 55.849018
v 78.750031 26.199039 57.299015
v 78.450027 27.149040 56.499008
v 77.950035 28.149040 55.749012
v 77.700020 28.049040 57.099014
v 76.850029 28.899042 57.699017
v 77.350029 27.949039 58.499016
v 78.100037 27.049040 57.899021
v 77.700020 26.949039 59.299019
v 78.350029 26.099039 58.699013
v 78.950027 25.199039 58.099014
v 78.450027 25.149038 59.499016
v 78.950027 24.299038 58.899021
v 79.400024 23.399038 58.249016
v 78.850021 23.349039 59.699013
v 79.250038 22.549038 59.049019
v 79.700035 22.549038 57.599014
v 78.600029 22.549038 60.549015
v 78.200043 23.399038 61.149017
v 78.400024 24.199038 60.299019
v 77.700020 24.249039 61.749016
v 77.900032 24.999037 60.899021
v 77.850029 25.949039 60.099014
v 77.250038 25.799040 61.399017
v 77.150032 26.799040 60.599014
v 76.900032 27.749039 59.799019
v 76.400032 27.549040 61.099014
v 76.050026 28.549040 60.299019
v 76.500023 28.749041 58.999016
v 75.450027 29.499041 59.799019
v 74.950035 29.249041 61.099014
v 73.800034 29.799042 61.899017
v 74.400032 28.949041 62.349022
v 75.550018 28.349041 61.549015
v 74.950035 28.099041 62.749020
v 75.800026 27.349039 62.349022
v 76.550018 26.599039 61.899017
v 75.650024 26.599039 63.249020
v 76.400032 25.849041 62.799019
v 77.100037 25.049040 62.299019
v 76.200027 25.049040 63.649014
v 76.850029 24.249039 63.099018
v 77.400032 23.399038 62.549015
v 76.550018 23.399038 63.899025
v 77.100037 22.549038 63.299019
v 77.900032 22.549038 61.949017
v 76.150032 22.549038 64.599014
v 75.550018 23.399038 65.149017
v 75.900032 24.249039 64.399025
v 74.850029 24.249039 65.649017
v 75.200027 25.049040 64.899025
v 75.450027 25.849041 64.099014
v 74.400032 25.799040 65.349022
v 74.650024 26.599039 64.549011
v 74.850029 27.349039 63.649014
v 73.850029 27.549040 64.599014
v 74.000031 28.349041 63.649014
v 72.950035 28.549040 64.549011
v 73.400032 29.249041 63.249020
v 72.300034 29.499041 64.099014
v 72.750023 30.099041 62.799019
v 71.600021 30.349041 63.599018
v 72.000031 30.899040 62.249016
v 70.850029 31.149040 63.049015
v 71.250031 31.649042 61.699020
v 70.000031 31.899042 62.449017
v 69.600021 31.349043 63.749020
v 68.700027 32.099045 63.149014
v 68.300026 31.549042 64.449013
v 67.350021 32.249043 63.749020
v 66.950027 31.649042 64.999016
v 66.000023 32.349045 64.349022
v 64.950027 32.999043 63.599018
v 64.550011 32.399040 64.799019
v 63.500019 32.999043 64.049011
v 62.450031 33.499043 63.249020
v 62.050022 32.949043 64.449013
v 60.950027 33.399040 63.649014
v 60.600014 32.799042 64.799019
v 59.500019 33.249043 63.949017
v 59.100018 32.599045 65.049019
v 58.000027 32.999043 64.199020
v 56.850025 33.299042 63.299019
v 56.550022 32.699043 64.349022
v 57.650009 32.349045 65.249023
v 56.200027 32.049042 65.349022
v 57.350029 31.649042 66.199020
v 58.800014 31.899042 66.099014
v 60.250023 32.099045 65.899025
v 59.900021 31.349043 66.899025
v 61.350029 31.549042 66.699020
v 61.700020 32.249043 65.599014
v 62.750027 31.649042 66.399025
v 63.150028 32.349045 65.249023
v 64.200020 31.699041 65.999016
v 65.600021 31.699041 65.549019
v 65.200020 30.949041 66.699020
v 66.550026 30.899040 66.249023
v 67.900024 30.849043 65.649017
v 67.450020 30.049042 66.849022
v 68.750023 29.999041 66.249023
v 69.150024 30.699041 65.049019
v 70.000031 29.849041 65.599014
v 70.400032 30.549042 64.349022
v 71.150032 29.699041 64.899025
v 70.750023 28.899042 66.099014
v 71.850029 28.749041 65.349022
v 71.650032 27.949039 66.299026
v 72.750023 27.749039 65.499016
v 72.500023 26.949039 66.399025
v 73.600029 26.799040 65.499016
v 73.350037 25.949039 66.299026
v 74.100037 24.999037 66.099014
v 73.000031 25.149038 67.049019
v 73.750023 24.199038 66.749016
v 74.450027 23.399038 66.299026
v 73.300034 23.349039 67.399025
v 74.000031 22.549038 66.899025
v 75.100037 22.549038 65.799026
v 72.800034 22.549038 67.949020
v 72.100021 23.399038 68.349022
v 72.550018 24.299038 67.749016
v 71.300041 24.349037 68.599022
v 71.800034 25.199039 67.949020
v 72.200027 26.099039 67.199020
v 70.950020 26.199039 68.049019
v 71.350037 27.049040 67.249016
v 70.100029 27.149040 67.949020
v 70.450020 28.049040 67.099014
v 69.250031 28.149040 67.749016
v 69.550026 29.049040 66.749016
v 68.300026 29.149042 67.399025
v 67.950027 28.199041 68.349022
v 68.850029 27.249039 68.649017
v 67.500015 27.299040 69.199020
v 68.400032 26.299040 69.399025
v 69.700027 26.249041 68.749023
v 69.200035 25.349039 69.449020
v 70.550026 25.299040 68.749023
v 70.000031 24.399038 69.399025
v 70.800018 23.449038 69.149017
v 69.450020 23.499039 69.899017
v 70.200035 22.549038 69.649017
v 71.550026 22.549038 68.849022
v 68.800018 22.599037 70.349022
v 68.050034 23.499039 70.549019
v 68.650017 24.399038 70.049019
v 67.250031 24.449038 70.649025
v 67.850029 25.349039 70.099022
v 66.450020 25.399038 70.599022
v 67.000023 26.349039 69.949020
v 65.600021 26.349039 70.399017
v 66.150024 27.299040 69.699020
v 66.650017 28.249039 68.899025
v 65.300026 28.249039 69.299019
v 65.750023 29.199041 68.399025
v 67.050034 29.199041 67.949020
v 66.150024 30.099041 67.349022
v 64.800026 30.099041 67.799019
v 63.800022 30.899040 67.099014
v 63.450020 30.049042 68.149017
v 62.400024 30.849043 67.449020
v 62.050022 29.999041 68.449020
v 61.000023 30.699041 67.699020
v 60.650021 29.849041 68.649017
v 59.550014 30.549042 67.849022
v 58.450024 31.149040 67.049019
v 58.150028 30.349041 67.949020
v 57.050022 30.899040 67.149017
v 55.900021 31.349043 66.249023
v 55.650017 30.599043 67.099014
v 56.750019 30.099041 67.949020
v 55.400021 29.799042 67.899025
v 56.500015 29.249041 68.749023
v 57.900021 29.499041 68.799019
v 59.250023 29.699041 68.749023
v 58.950016 28.749041 69.549019
v 60.350029 28.899042 69.449020
v 61.700020 29.049040 69.299019
v 61.150028 28.049040 70.099022
v 62.550014 28.149040 69.949020
v 63.050022 29.149042 69.099022
v 63.900028 28.199041 69.649017
v 64.400032 29.199041 68.799019
v 64.750023 27.299040 70.099022
v 63.350025 27.249039 70.399017
v 64.200020 26.299040 70.799019
v 65.000023 25.349039 70.999023
v 63.550014 25.349039 71.299026
v 64.350029 24.399038 71.449020
v 65.800026 24.449038 71.099022
v 65.150024 23.499039 71.499023
v 66.600021 23.499039 71.099022
v 65.900024 22.599037 71.399017
v 67.400032 22.599037 70.949020
v 64.400032 22.599037 71.799026
v 63.600021 23.499039 71.799026
v 62.850021 22.549038 72.049026
v 62.100029 23.449038 71.999023
v 62.850021 24.399038 71.699020
v 61.350029 24.349037 71.849022
v 62.050022 25.299040 71.499023
v 62.750027 26.249041 71.049026
v 61.300030 26.199039 71.199020
v 61.950027 27.149040 70.649025
v 60.500019 27.049040 70.749023
v 59.750015 27.949039 70.199020
v 59.050022 26.949039 70.749023
v 59.800026 26.099039 71.249023
v 58.350029 25.949039 71.199020
v 59.100018 25.149038 71.599022
v 60.550014 25.199039 71.599022
v 59.800026 24.299038 71.899017
v 60.550014 23.399038 72.049026
v 59.000027 23.349039 71.999023
v 59.750015 22.549038 72.149025
v 61.300030 22.549038 72.149025
v 45.800014 22.599037 65.749023
v 46.900013 22.549038 66.849022
v 46.400013 23.499039 66.199020
v 47.550014 23.449038 67.249016
v 47.100018 24.399038 66.599014
v 48.250023 24.349037 67.599022
v 47.850018 25.299040 66.899025
v 49.000019 25.199039 67.849022
v 48.650017 26.199039 67.099014
v 49.850014 26.099039 67.999016
v 49.550014 27.049040 67.199020
v 50.700016 26.949039 68.049019
v 50.500019 27.949039 67.199020
v 51.650021 27.749039 67.999016
v 51.500015 28.749041 67.099014
v 52.600021 28.549040 67.899025
v 52.850018 29.499041 67.149017
v 51.750019 29.699041 66.299026
v 53.100021 30.349041 66.299026
v 52.000015 30.549042 65.399025
v 53.400017 31.149040 65.399025
v 52.300018 31.349043 64.449013
v 53.700024 31.899042 64.449013
v 52.650021 32.099045 63.399017
v 54.050018 32.599045 63.399017
v 53.000015 32.799042 62.299019
v 54.400017 33.249043 62.299019
v 55.450020 32.999043 63.349022
v 55.100021 32.349045 64.399025
v 54.800014 31.649042 65.399025
v 54.500023 30.899040 66.299026
v 54.200024 30.099041 67.149017
v 54.000023 29.249041 67.899025
v 55.150024 28.949041 68.599022
v 53.750019 28.349041 68.599022
v 54.950020 28.099041 69.249023
v 56.250019 28.349041 69.399025
v 57.600014 28.549040 69.499023
v 56.950016 27.549040 70.099022
v 58.350029 27.749039 70.199020
v 57.650009 26.799040 70.699020
v 56.250019 26.599039 70.499023
v 56.900021 25.799040 71.049026
v 57.600014 24.999037 71.449020
v 56.000015 25.049040 71.149025
v 56.700027 24.249039 71.549026
v 58.300018 24.199038 71.799026
v 57.450024 23.399038 71.849022
v 58.150028 22.549038 72.049026
v 56.600021 22.549038 71.799026
v 48.100018 22.549038 67.849022
v 49.350014 22.549038 68.799019
v 48.750023 23.399038 68.249016
v 50.000019 23.349039 69.099022
v 49.450016 24.299038 68.499023
v 50.750019 24.199038 69.299019
v 50.200016 25.149038 68.699020
v 51.500015 24.999037 69.449020
v 51.050022 25.949039 68.799019
v 52.300018 25.799040 69.549019
v 51.900017 26.799040 68.799019
v 53.150021 26.599039 69.499023
v 52.800018 27.549040 68.749023
v 54.050018 27.349039 69.399025
v 54.650017 26.599039 70.049019
v 55.600021 27.349039 69.899017
v 55.350018 25.849041 70.649025
v 53.800014 25.849041 70.149025
v 54.450020 25.049040 70.699020
v 55.150024 24.249039 71.149025
v 53.650021 24.249039 70.649025
v 54.350018 23.399038 71.099022
v 55.900021 23.399038 71.549026
v 55.050018 22.549038 71.449020
v 53.550018 22.549038 70.949020
v 50.700016 22.549038 69.599022
v 52.100018 22.549038 70.349022
v 51.400017 23.399038 69.849022
v 52.850018 23.399038 70.549019
v 52.150021 24.249039 70.049019
v 52.950020 25.049040 70.149025
v 50.150021 32.999043 58.749016
v 49.350014 32.949043 57.499016
v 48.900013 32.349045 58.799015
v 49.750019 32.399040 59.999012
v 48.500019 31.699041 59.999012
v 49.350014 31.699041 61.199020
v 48.150017 30.949041 61.199020
v 49.000019 30.899040 62.299019
v 47.800014 30.099041 62.299019
v 48.700020 30.049042 63.399017
v 47.550014 29.199041 63.299019
v 48.450016 29.149042 64.349022
v 47.450016 28.199041 64.299019
v 46.550018 28.249039 63.199017
v 46.500015 27.299040 64.149017
v 45.600014 27.299040 63.049015
v 45.600014 26.349039 63.899025
v 44.750019 26.349039 62.749020
v 44.850010 25.399038 63.549015
v 44.000015 25.349039 62.349022
v 44.150017 24.449038 63.149014
v 43.350014 24.399038 61.849022
v 43.550011 23.499039 62.599018
v 42.800014 23.499039 61.249016
v 43.050011 22.599037 61.999012
v 42.350014 22.549038 60.599014
v 41.750011 22.549038 59.149017
v 42.150013 23.449038 59.849018
v 41.600018 23.399038 58.449017
v 42.050014 24.349037 59.099014
v 42.650013 24.399038 60.499012
v 42.600014 25.299040 59.699013
v 43.250019 25.349039 61.049015
v 43.300014 26.249041 60.199020
v 43.950012 26.299040 61.499012
v 44.050011 27.249039 60.599014
v 44.800014 27.299040 61.849022
v 44.950012 28.199041 60.899021
v 45.700020 28.249039 62.099018
v 45.950016 29.199041 61.049015
v 46.700020 29.199041 62.199020
v 47.000011 30.099041 61.149017
v 46.250015 30.049042 59.949017
v 47.350018 30.899040 59.999012
v 46.600021 30.849043 58.749016
v 47.700020 31.649042 58.749016
v 46.950016 31.549042 57.499016
v 48.100018 32.249043 57.499016
v 47.400013 32.099045 56.199017
v 46.300014 31.349043 56.199017
v 46.750015 31.899042 54.899017
v 45.750015 31.149040 54.899017
v 45.300014 30.549042 56.199017
v 45.900013 30.699041 57.499016
v 44.900013 29.849041 57.449017
v 45.550018 29.999041 58.699013
v 44.600014 29.049040 58.649017
v 45.200012 29.149042 59.899021
v 44.250019 28.149040 59.649017
v 43.650017 28.049040 58.349018
v 43.400017 27.149040 59.299019
v 42.850014 27.049040 57.949017
v 42.700016 26.199039 58.849018
v 42.200016 26.099039 57.449017
v 42.050014 25.199039 58.299015
v 41.650013 25.149038 56.899014
v 41.600018 24.299038 57.649014
v 41.200016 24.199038 56.199017
v 41.200016 23.349039 56.949017
v 41.250011 22.549038 57.699017
v 40.900009 22.549038 56.149014
v 40.650013 22.549038 54.599010
v 40.850014 23.399038 55.399017
v 40.700016 23.399038 53.799015
v 40.950012 24.249039 54.599010
v 41.300014 24.999037 55.449020
v 41.100018 25.049040 53.849014
v 41.500011 25.799040 54.649014
v 41.800014 25.949039 56.049011
v 42.050014 26.799040 55.249012
v 42.400009 26.949039 56.599014
v 42.700016 27.749039 55.749012
v 43.150017 27.949039 57.049011
v 43.550011 28.749041 56.149014
v 44.000015 28.899042 57.399014
v 44.400013 29.699041 56.149014
v 43.900013 29.499041 54.849014
v 44.800014 30.349041 54.899017
v 43.150017 28.549040 54.849014
v 42.400009 27.549040 54.399017
v 41.750011 26.599039 53.849014
v 41.350014 25.849041 52.999012
v 41.050014 25.049040 52.199013
v 40.800014 24.249039 52.999012
v 40.800014 24.249039 51.399014
v 40.600010 23.399038 52.199013
v 40.550014 22.549038 52.999012
v 40.550014 22.549038 51.399014
v 40.650013 22.549038 49.849014
v 40.700016 23.399038 50.599018
v 70.800018 23.449038 35.249008
v 69.450020 23.499039 34.499008
v 68.050034 23.499039 33.899010
v 68.800018 22.599037 34.099007
v 67.400032 22.599037 33.499004
v 65.900024 22.599037 32.999004
v 71.550026 22.549038 35.599007
v 70.200035 22.549038 34.799007
v 45.600014 21.499037 38.749008
v 44.850010 20.099037 39.099010
v 45.750015 20.099037 37.949009
v 46.750015 20.049036 36.849010
v 47.600018 21.399036 36.599010
v 48.650017 21.299036 35.599007
v 48.150017 22.299038 36.499008
v 48.250023 22.299038 36.399010
v 48.500019 22.399036 36.249008
v 49.300011 22.499037 35.649010
v 49.350014 22.499037 35.649010
v 0.449994 17.499035 42.199009
v 0.449994 17.499035 42.149014
v 0.449994 35.999043 39.999008
v 0.449994 35.949043 39.999008
v 0.449994 20.649036 39.999008
v 0.449994 47.499046 42.149014
v 0.449994 36.299042 39.999008
v 0.449994 47.499046 42.199009
v 0.449994 35.849045 39.999008
v 0.449994 35.599045 39.999008
v 0.449994 20.699038 39.999008
v -7.150009 18.799034 28.199005
v -6.550009 18.799034 28.299006
v -7.550012 18.799034 28.249002
v -7.900008 18.799034 28.349005
v -8.250011 18.799034 28.549006
v -8.600008 18.799034 28.849005
v -7.950011 18.799034 29.649008
v -7.500011 18.799034 29.299004
v -7.100008 18.799034 29.199007
v -6.950009 18.799034 29.199007
v -6.750009 18.799034 29.349005
v -6.650009 18.799034 29.499004
v -6.600009 18.799034 29.699007
v -6.650009 18.799034 29.849005
v -6.800012 18.799034 29.999004
v -7.050012 18.799034 30.199007
v -7.350008 18.799034 30.299004
v -7.750011 18.799034 30.499004
v -8.000011 18.799034 30.599007
v -8.150008 18.799034 30.799007
v -8.300011 18.799034 31.049007
v -8.400008 18.799034 31.299007
v -8.450011 18.799034 31.599007
v -8.350008 18.799034 32.149006
v -8.000011 18.799034 32.599007
v -7.600008 18.799034 32.849007
v -7.550012 18.799034 32.849007
v -6.950009 18.799034 32.949009
v -6.250009 18.799034 32.849007
v -5.650009 18.799034 32.499004
v -6.300009 18.799034 31.799006
v -6.700009 18.799034 31.999006
v -7.000009 18.799034 32.099007
v -7.150009 18.799034 32.049007
v -7.300012 18.799034 31.949009
v -7.400009 18.799034 31.849007
v -7.400009 18.799034 31.649006
v -7.350008 18.799034 31.499006
v -7.250009 18.799034 31.349007
v -7.050012 18.799034 31.199007
v -6.800012 18.799034 31.049007
v -6.400009 18.799034 30.899006
v -6.100009 18.799034 30.699007
v -5.900009 18.799034 30.549004
v -5.700009 18.799034 30.299004
v -5.600006 18.799034 29.999004
v -5.550009 18.799034 29.649008
v -5.650009 18.799034 29.099005
v -6.050009 18.799034 28.649004
v -6.250009 18.799034 28.499004
v -9.000010 18.799034 29.649008
v -10.100010 18.799034 29.499004
v -10.200010 18.799034 29.349005
v -10.000010 18.799034 28.299006
v -11.000012 18.799034 28.249002
v -10.650010 18.799034 28.199005
v -18.250015 18.799034 30.849007
v -18.450016 18.799034 30.849007
v -19.450012 18.799034 30.699007
v -11.500012 18.799034 32.599007
v -9.700010 18.799034 32.849007
v -11.000012 18.799034 32.849007
v -7.250009 18.799034 30.599007
v -20.350016 18.799034 32.099007
v -21.500017 18.799034 31.949009
v -20.250015 18.799034 31.549007
v -21.750017 18.799034 32.049007
v -20.650015 18.799034 32.549007
v -11.350010 18.799034 28.349005
v -12.600012 18.799034 29.149004
v -14.200014 18.799034 29.149004
v -15.200014 18.799034 28.249002
v -21.100016 18.799034 32.799007
v -23.250017 18.799034 32.899010
v -7.350008 18.799034 31.349007
v -22.300016 18.799034 32.049007
v -22.050016 18.799034 32.099007
v -12.600012 18.799034 32.899010
v -15.200014 18.799034 32.899010
v -14.200014 18.799034 31.999006
v -20.450014 18.799034 30.799007
v -20.300016 18.799034 31.149006
v -21.350016 18.799034 31.749006
v -14.200014 18.799034 30.149008
v -12.600012 18.799034 31.999006
v -21.300016 18.799034 31.499006
v -21.350016 18.799034 31.249004
v -20.500015 18.799034 30.749004
v -17.900015 18.799034 32.049007
v -16.500015 18.799034 32.099007
v -16.800013 18.799034 32.549007
v -17.150013 18.799034 28.249002
v -16.000013 18.799034 28.249002
v -17.300013 18.799034 30.199007
v -22.300016 18.799034 30.049004
v -21.700014 18.799034 30.049004
v -21.650017 18.799034 30.899006
v -19.450012 18.799034 28.249002
v -18.450016 18.799034 30.049004
v -21.050016 18.799034 30.249004
v -20.700016 18.799034 30.449007
v -18.350016 18.799034 30.049004
v -21.400017 18.799034 30.099007
v -11.700012 18.799034 28.549006
v -21.900017 18.799034 30.899006
v -23.250017 18.799034 28.249002
v -21.450016 18.799034 31.049007
v -22.300016 18.799034 30.899006
v -9.500010 18.799034 28.649004
v -12.050009 18.799034 28.849005
v -11.200012 18.799034 30.499004
v -10.800010 18.799034 30.299004
v -9.150011 18.799034 30.299004
v -12.600012 18.799034 31.049007
v -14.200014 18.799034 31.049007
v -12.600012 18.799034 30.149008
v -22.300016 18.799034 28.249002
v -16.850014 18.799034 30.449007
v -18.450016 18.799034 32.099007
v -19.450012 18.799034 32.249004
v -17.300013 18.799034 32.799007
v -19.450012 18.799034 32.899010
v -16.450012 18.799034 31.199007
v -17.500015 18.799034 31.199007
v -16.600014 18.799034 30.799007
v -17.900015 18.799034 30.899006
v -17.450016 18.799034 31.499006
v -17.650015 18.799034 30.999004
v -16.400013 18.799034 31.549007
v -17.500015 18.799034 31.749006
v -17.650015 18.799034 31.899006
v -18.200016 18.799034 32.099007
v -17.900015 18.799034 32.899010
v -18.450016 18.799034 28.249002
v -10.550010 18.799034 29.199007
v -11.800010 18.799034 32.149006
v -11.900012 18.799034 31.599007
v -10.400010 18.799034 29.199007
v -11.750012 18.799034 31.049007
v -10.250010 18.799034 31.049007
v -11.800010 18.799034 31.099007
v -12.600012 18.799034 28.249002
v -9.100011 18.799034 29.099005
v -10.050010 18.799034 29.699007
v -10.950013 18.799034 29.299004
v -11.400009 18.799034 29.649008
v -10.250010 18.799034 29.999004
v -10.100010 18.799034 29.849005
v -11.600009 18.799034 30.799007
v -11.450012 18.799034 30.599007
v -9.350011 18.799034 30.549004
v -10.500013 18.799034 30.199007
v -9.050011 18.799034 29.999004
v -9.550011 18.799034 30.699007
v -9.850010 18.799034 30.899006
v -10.850010 18.799034 31.849007
v -11.850009 18.799034 31.299007
v -10.750013 18.799034 31.949009
v -9.100011 18.799034 32.499004
v -10.150010 18.799034 31.999006
v -9.750010 18.799034 31.799006
v -10.850010 18.799034 31.649006
v -10.600010 18.799034 32.049007
v -10.400010 18.799034 32.949009
v -10.450010 18.799034 32.099007
v -10.850010 18.799034 31.499006
v -10.500013 18.799034 31.199007
v -10.700010 18.799034 31.349007
v -21.700014 18.799034 32.899010
v -34.550022 32.199043 4.998993
v -34.550022 31.949041 -0.001009
v -34.550022 32.099045 4.998993
v -34.550022 31.949041 4.998993
v -34.550022 31.949041 11.948997
v -34.550022 32.049042 24.999002
v -34.550022 31.949041 24.999002
v -34.600021 31.699041 -0.001009
v -34.550022 31.899042 4.998993
v -34.600021 31.749043 5.048994
v -34.600021 31.699041 5.048994
v -34.650021 31.449041 -0.001009
v -34.600021 31.599041 5.098994
v -34.600021 31.549042 5.098994
v -34.650021 31.449041 5.148993
v -34.700024 31.199041 -0.001009
v -34.650021 31.399042 5.148993
v -34.700024 31.249041 5.198994
v -34.700024 31.199041 5.198994
v -34.700024 31.199041 5.248994
v -34.700024 31.149040 5.248994
v -34.750023 30.949041 -0.001009
v -44.300026 33.999043 -0.001009
v -44.200027 34.249043 -0.001009
v -44.350025 33.749043 -0.001009
v -44.500027 32.999043 -0.001009
v -44.450027 33.249043 -0.001009
v -44.400028 33.499043 -0.001009
v -34.950024 30.449041 -0.001009
v -35.050022 30.199041 -0.001009
v -44.500027 32.499043 -0.001009
v -44.000027 34.749043 -0.001009
v -34.550022 32.749043 -0.001009
v -34.500023 32.499043 -0.001009
v -44.100025 34.499043 -0.001009
v -43.700027 35.199043 -0.001009
v -34.600021 33.249043 -0.001009
v -34.550022 32.999043 -0.001009
v -43.850025 34.999043 -0.001009
v -43.250027 35.799046 -0.001009
v -34.750023 33.999043 -0.001009
v -34.700024 33.749043 -0.001009
v -43.400028 35.599045 -0.001009
v -34.650021 33.499043 -0.001009
v -35.800022 29.149042 -0.001009
v -36.000023 28.949041 -0.001009
v -44.300026 30.949041 -0.001009
v -38.500023 27.599039 -0.001009
v -38.750023 27.549040 -0.001009
v -42.450024 28.449039 -0.001009
v -39.250023 27.499039 -0.001009
v -41.800026 27.999039 -0.001009
v -42.050026 28.149040 -0.001009
v -39.000023 27.499039 -0.001009
v -42.250023 28.299040 -0.001009
v -39.500023 27.499039 -0.001009
v -42.850025 36.199043 -0.001009
v -34.950024 34.499043 -0.001009
v -34.850021 34.249043 -0.001009
v -43.050026 35.999043 -0.001009
v -35.200024 29.999041 -0.001009
v -44.500027 32.199043 -0.001009
v -35.650021 29.349041 -0.001009
v -44.350025 31.199041 -0.001009
v -44.200027 30.699041 -0.001009
v -35.500023 29.549042 -0.001009
v -44.400028 31.449041 -0.001009
v -35.350021 29.749041 -0.001009
v -44.450027 31.699041 -0.001009
v -44.500027 31.949041 -0.001009
v -34.850021 30.699041 -0.001009
v -44.500027 32.749043 -0.001009
v -36.600025 28.449039 -0.001009
v -43.850025 29.999041 -0.001009
v -44.000027 30.199041 -0.001009
v -36.200020 28.749041 -0.001009
v -36.800026 28.299040 -0.001009
v -36.400024 28.599041 -0.001009
v -44.100025 30.449041 -0.001009
v -37.250023 27.999039 -0.001009
v -37.500023 27.899038 -0.001009
v -43.400028 29.349041 -0.001009
v -43.550026 29.549042 -0.001009
v -37.050026 28.149040 -0.001009
v -43.700027 29.749041 -0.001009
v -38.000023 27.699039 -0.001009
v -38.250023 27.649038 -0.001009
v -42.850025 28.749041 -0.001009
v -43.050026 28.949041 -0.001009
v -37.750023 27.799040 -0.001009
v -43.250027 29.149042 -0.001009
v -42.650024 28.599041 -0.001009
v -39.800022 27.499039 -0.001009
v -41.300026 27.799040 -0.001009
v -41.550026 27.899038 -0.001009
v -40.050026 27.499039 -0.001009
v -40.300026 27.549040 -0.001009
v -41.300026 37.149044 -0.001009
v -36.000023 35.999043 -0.001009
v -35.800022 35.799046 -0.001009
v -41.550026 37.049046 -0.001009
v -35.650021 35.599045 -0.001009
v -40.800026 37.299046 -0.001009
v -36.400024 36.349045 -0.001009
v -36.200020 36.199043 -0.001009
v -41.050026 37.249043 -0.001009
v -40.050026 37.449043 -0.001009
v -37.050026 36.799042 -0.001009
v -36.800026 36.649044 -0.001009
v -40.300026 37.399044 -0.001009
v -36.600025 36.499046 -0.001009
v -39.500023 37.499043 -0.001009
v -37.500023 37.049046 -0.001009
v -37.250023 36.949043 -0.001009
v -39.800022 37.449043 -0.001009
v -39.000023 37.449043 -0.001009
v -38.750023 37.399044 -0.001009
v -37.750023 37.149044 -0.001009
v -39.250023 37.449043 -0.001009
v -38.250023 37.299046 -0.001009
v -38.500023 37.349045 -0.001009
v -38.000023 37.249043 -0.001009
v -40.550026 37.349045 -0.001009
v -42.450024 36.499046 -0.001009
v -42.250023 36.649044 -0.001009
v -35.200024 34.999043 -0.001009
v -35.050022 34.749043 -0.001009
v -42.650024 36.349045 -0.001009
v -35.350021 35.199043 -0.001009
v -42.050026 36.799042 -0.001009
v -41.800026 36.949043 -0.001009
v -35.500023 35.399044 -0.001009
v -40.550026 27.599039 -0.001009
v -41.050026 27.699039 -0.001009
v -40.800026 27.649038 -0.001009
v -43.550026 35.399044 -0.001009
v -44.450027 33.249043 39.999008
v -44.400028 33.499043 39.999008
v -44.350025 33.749043 39.999008
v -44.300026 33.999043 39.999008
v -44.200027 34.249043 39.999008
v -44.100025 34.499043 39.999008
v -44.000027 34.749043 39.999008
v -43.850025 34.999043 39.999008
v -43.700027 35.199043 39.999008
v -43.550026 35.399044 39.999008
v -43.400028 35.599045 39.999008
v -43.250027 35.799046 39.999008
v -43.850025 29.999041 39.999008
v -44.200027 30.699041 39.999008
v -44.500027 32.499043 39.999008
v -44.300026 30.949041 39.999008
v -43.700027 29.749041 39.999008
v -44.100025 30.449041 39.999008
v -44.500027 32.749043 39.999008
v -43.550026 29.549042 39.999008
v -42.250023 28.299040 39.999008
v -42.450024 28.449039 39.999008
v -44.000027 30.199041 39.999008
v -44.500027 32.999043 39.999008
v -43.400028 29.349041 39.999008
v -43.050026 28.949041 39.999008
v -42.650024 28.599041 39.999008
v -43.250027 29.149042 39.999008
v -42.850025 28.749041 39.999008
v -42.050026 28.149040 39.999008
v -39.800022 37.449043 39.999008
v -38.000023 27.699039 39.999008
v -39.500023 37.499043 39.999008
v -41.800026 27.999039 39.999008
v -43.050026 35.999043 39.999008
v -41.550026 27.899038 39.999008
v -42.850025 36.199043 39.999008
v -42.650024 36.349045 39.999008
v -41.050026 27.699039 39.999008
v -42.450024 36.499046 39.999008
v -36.000023 35.999043 39.999008
v -34.950024 30.449041 39.999008
v -35.800022 35.799046 39.999008
v -35.050022 30.199041 39.999008
v -36.200020 36.199043 39.999008
v -35.200024 29.999041 39.999008
v -36.400024 36.349045 39.999008
v -35.350021 29.749041 39.999008
v -34.850021 30.699041 39.999008
v -34.750023 30.949041 39.999008
v -35.650021 35.599045 39.999008
v -37.050026 36.799042 39.999008
v -35.650021 29.349041 39.999008
v -36.800026 36.649044 39.999008
v -37.500023 37.049046 39.999008
v -36.000023 28.949041 39.999008
v -37.250023 36.949043 39.999008
v -35.800022 29.149042 39.999008
v -38.250023 27.649038 39.999008
v -40.050026 37.449043 39.999008
v -38.500023 27.599039 39.999008
v -38.750023 37.399044 39.999008
v -37.050026 28.149040 39.999008
v -38.500023 37.349045 39.999008
v -44.500027 32.199043 39.999008
v -44.350025 31.199041 39.999008
v -44.400028 31.449041 39.999008
v -44.450027 31.699041 39.999008
v -44.500027 31.949041 39.999008
v -40.300026 37.399044 39.999008
v -39.250023 37.449043 39.999008
v -37.500023 27.899038 39.999008
v -39.000023 37.449043 39.999008
v -40.800026 37.299046 39.999008
v -39.000023 27.499039 39.999008
v -40.550026 37.349045 39.999008
v -38.750023 27.549040 39.999008
v -41.300026 37.149044 39.999008
v -39.500023 27.499039 39.999008
v -41.050026 37.249043 39.999008
v -39.250023 27.499039 39.999008
v -42.250023 36.649044 39.999008
v -40.550026 27.599039 39.999008
v -42.050026 36.799042 39.999008
v -39.800022 27.499039 39.999008
v -40.800026 27.649038 39.999008
v -41.300026 27.799040 39.999008
v -40.300026 27.549040 39.999008
v -41.800026 36.949043 39.999008
v -40.050026 27.499039 39.999008
v -41.550026 37.049046 39.999008
v -36.600025 36.499046 39.999008
v -35.500023 29.549042 39.999008
v -37.250023 27.999039 39.999008
v -37.750023 27.799040 39.999008
v -37.750023 37.149044 39.999008
v -36.200020 28.749041 39.999008
v -36.800026 28.299040 39.999008
v -38.000023 37.249043 39.999008
v -36.400024 28.599041 39.999008
v -36.600025 28.449039 39.999008
v -38.250023 37.299046 39.999008
v -34.600021 31.699041 39.999008
v -35.200024 34.999043 39.999008
v -34.650021 31.449041 39.999008
v -35.350021 35.199043 39.999008
v -34.550022 32.199043 39.999008
v -34.950024 34.499043 39.999008
v -34.550022 31.949041 39.999008
v -34.700024 31.199041 39.999008
v -35.050022 34.749043 39.999008
v -34.500023 32.499043 39.999008
v -34.850021 34.249043 39.999008
v -34.750023 33.999043 39.999008
v -34.550022 32.749043 39.999008
v -17.050013 36.799042 39.999008
v -17.250015 36.949043 39.999008
v -34.550022 32.999043 39.999008
v -34.600021 33.249043 39.999008
v -34.650021 33.499043 39.999008
v -34.700024 33.749043 39.999008
v -24.500019 32.199043 39.999008
v -24.550016 32.499043 39.999008
v -24.450016 31.699041 39.999008
v -24.500019 31.949041 39.999008
v -23.250017 29.149042 39.999008
v -23.400017 29.349041 39.999008
v -24.400019 31.449041 39.999008
v -24.350018 31.199041 39.999008
v -24.300016 30.949041 39.999008
v -24.200016 30.699041 39.999008
v -24.100018 30.449041 39.999008
v -24.000017 30.199041 39.999008
v -20.550016 37.349045 39.999008
v -20.800016 37.299046 39.999008
v -23.850018 29.999041 39.999008
v -23.700018 29.749041 39.999008
v -23.550016 29.549042 39.999008
v -22.650017 36.349045 39.999008
v -22.850016 36.199043 39.999008
v -22.450016 36.499046 39.999008
v -23.050016 28.949041 39.999008
v -22.850016 28.749041 39.999008
v -22.450016 28.449039 39.999008
v -22.650017 28.599041 39.999008
v -21.300016 27.799040 39.999008
v -21.550016 27.899038 39.999008
v -22.250017 28.299040 39.999008
v -22.000017 28.149040 39.999008
v -21.800016 27.999039 39.999008
v -24.500019 32.999043 39.999008
v -24.500019 32.749043 39.999008
v -21.050016 27.699039 39.999008
v -20.800016 27.649038 39.999008
v -20.550016 27.599039 39.999008
v -20.300016 27.549040 39.999008
v -19.800016 27.499039 39.999008
v -20.050016 27.499039 39.999008
v -19.550016 27.499039 39.999008
v -19.250017 27.499039 39.999008
v -19.000015 27.499039 39.999008
v -18.750015 27.549040 39.999008
v -18.500015 27.599039 39.999008
v -18.250015 27.649038 39.999008
v -18.000015 27.699039 39.999008
v -17.750015 27.799040 39.999008
v -18.000015 37.249043 39.999008
v -18.250015 37.299046 39.999008
v -17.500015 27.899038 39.999008
v -17.250015 27.999039 39.999008
v -16.800013 28.299040 39.999008
v -17.050013 28.149040 39.999008
v -14.850011 34.249043 39.999008
v -14.750014 33.999043 39.999008
v -16.800013 36.649044 39.999008
v -16.600014 36.499046 39.999008
v -16.600014 28.449039 39.999008
v -16.400013 28.599041 39.999008
v -16.400013 36.349045 39.999008
v -16.200014 36.199043 39.999008
v -16.200014 28.749041 39.999008
v -16.000013 35.999043 39.999008
v -16.000013 28.949041 39.999008
v -15.800014 35.799046 39.999008
v -15.800014 29.149042 39.999008
v -15.650014 29.349041 39.999008
v -15.650014 35.599045 39.999008
v -15.500013 35.399044 39.999008
v -15.500013 29.549042 39.999008
v -15.350014 35.199043 39.999008
v -15.350014 29.749041 39.999008
v -15.200014 29.999041 39.999008
v -15.200014 34.949043 39.999008
v -15.050011 34.749043 39.999008
v -15.050011 30.199041 39.999008
v -14.950014 34.499043 39.999008
v -14.950014 30.449041 39.999008
v -14.850011 30.699041 39.999008
v -14.600011 33.249043 39.999008
v -14.550011 32.999043 39.999008
v -14.700014 33.749043 39.999008
v -14.750014 30.949041 39.999008
v -14.700014 31.199041 39.999008
v -14.650014 33.499043 39.999008
v -14.650014 31.449041 39.999008
v -14.600011 31.699041 39.999008
v -14.550011 31.949041 39.999008
v -14.550011 32.199043 39.999008
v -14.550011 32.749043 39.999008
v -14.550011 32.499043 39.999008
v -21.800016 36.949043 39.999008
v -22.000017 36.799042 39.999008
v -23.400017 35.599045 39.999008
v -23.550016 35.399044 39.999008
v -23.050016 35.999043 39.999008
v -23.250017 35.799046 39.999008
v -17.500015 37.049046 39.999008
v -18.500015 37.349045 39.999008
v -17.750015 37.149044 39.999008
v -18.750015 37.399044 39.999008
v -19.000015 37.449043 39.999008
v -19.250017 37.449043 39.999008
v -19.550016 37.449043 39.999008
v -19.800016 37.449043 39.999008
v -20.050016 37.449043 39.999008
v -21.050016 37.249043 39.999008
v -20.300016 37.399044 39.999008
v -21.300016 37.149044 39.999008
v -22.250017 36.649044 39.999008
v -21.550016 37.049046 39.999008
v -23.700018 35.199043 39.999008
v -23.850018 34.949043 39.999008
v -24.000017 34.749043 39.999008
v -24.100018 34.499043 39.999008
v -24.200016 34.249043 39.999008
v -24.300016 33.999043 39.999008
v -24.350018 33.749043 39.999008
v -24.400019 33.499043 39.999008
v -24.450016 33.249043 39.999008
v -35.500023 35.399044 39.999008
v -34.850021 34.249043 5.448994
v -34.850021 34.299042 5.498994
v -34.800022 34.049042 5.348994
v -34.750023 33.999043 5.348994
v -34.750023 33.899040 5.298994
v -34.700024 33.799042 5.248994
v -34.700024 33.749043 5.248994
v -34.700024 33.749043 5.198994
v -34.650021 33.549042 5.148993
v -34.650021 33.499043 5.148993
v -34.900021 34.399044 5.548994
v -34.950024 34.499043 5.648994
v -34.950024 34.549042 5.648994
v -35.050022 34.699043 5.748994
v -35.050022 34.699043 5.798994
v -35.050022 34.749043 5.798994
v -35.100021 34.799042 5.848994
v -35.100021 34.799042 5.898994
v -35.200024 34.949043 5.998994
v -35.200024 34.999043 6.048994
v -35.250023 35.099045 6.148994
v -35.400021 35.299042 6.398994
v -35.400021 35.299042 6.448994
v -35.500023 35.399044 6.548995
v -35.500023 35.399044 6.598994
v -35.550022 35.499043 6.698994
v -35.550022 35.499043 6.748994
v -35.600021 35.599045 6.898994
v -35.650021 35.649044 6.998993
v -35.700024 35.649044 7.048994
v -35.700024 35.699043 7.048994
v -35.750023 35.749043 7.198994
v -35.750023 35.749043 7.248994
v -35.800022 35.799046 7.398994
v -35.800022 35.799046 7.448994
v -35.850021 35.849045 7.548995
v -35.850021 35.849045 7.598995
v -35.900021 35.899044 7.748994
v -35.900021 35.949043 7.948995
v -35.950020 35.949043 8.098994
v -35.950020 35.949043 8.298995
v -35.950020 35.999043 28.499004
v -35.000023 30.399040 31.299007
v -34.950024 30.399040 31.299007
v -34.950024 30.449041 31.299007
v -34.950024 30.449041 31.349007
v -34.900021 30.549042 31.399006
v -34.900021 30.649040 31.449007
v -34.850021 30.649040 31.449007
v -34.850021 30.699041 31.499006
v -34.850021 30.749041 31.499006
v -34.800022 30.899040 31.599007
v -34.750023 30.899040 31.599007
v -34.750023 30.949041 31.599007
v -34.750023 30.949041 31.649006
v -34.750023 31.049042 31.649006
v -34.750023 30.999041 31.649006
v -34.700024 31.149040 31.699007
v -34.700024 31.199041 31.749006
v -34.650021 31.399042 31.799006
v -34.650021 33.499043 31.849007
v -34.650021 33.549042 31.799006
v -34.650021 31.449041 31.799006
v -34.600021 31.549042 31.849007
v -34.600021 31.649042 31.849007
v -34.600021 31.649042 31.899006
v -34.600021 31.699041 31.899006
v -34.600021 31.749043 31.899006
v -34.550022 31.899042 31.949009
v -34.550022 31.949041 31.949009
v -34.550022 31.999043 31.949009
v -34.550022 32.099045 31.949009
v -34.550022 32.199043 31.949009
v -34.550022 32.699043 31.949009
v -34.550022 32.749043 31.949009
v -34.550022 32.249043 31.949009
v -34.550022 32.299042 31.949009
v -34.550022 32.399040 31.949009
v -34.550022 32.499043 31.949009
v -34.550022 32.649040 31.949009
v -34.550022 32.849045 31.949009
v -34.550022 32.949043 31.949009
v -34.550022 32.999043 31.949009
v -34.550022 33.049042 31.949009
v -34.600021 33.199043 31.899006
v -34.600021 33.249043 31.899006
v -34.600021 33.299042 31.899006
v -34.600021 33.399040 31.849007
v -34.600021 33.449043 31.849007
v -34.650021 33.499043 31.799006
v -34.700024 33.699043 31.749006
v -34.700024 33.749043 31.749006
v -34.650021 33.599045 31.799006
v -34.700024 33.799042 31.699007
v -34.750023 33.899040 31.699007
v -34.750023 33.899040 31.649006
v -34.750023 33.949043 31.649006
v -34.750023 33.999043 31.649006
v -34.750023 33.999043 31.599007
v -34.750023 34.049042 31.599007
v -34.800022 34.049042 31.599007
v -34.850021 34.199043 31.499006
v -34.850021 34.249043 31.499006
v -34.850021 34.249043 11.498996
v -34.850021 34.299042 25.499002
v -34.850021 34.249043 25.449003
v -34.850021 34.299042 31.449007
v -34.900021 34.399044 31.399006
v -34.950024 34.449043 31.349007
v -34.950024 34.549042 31.299007
v -35.000023 34.549042 31.299007
v -34.950024 34.499043 31.299007
v -35.050022 34.649044 31.199007
v -35.050022 34.699043 31.199007
v -35.050022 34.749043 31.149006
v -35.050022 34.749043 11.148996
v -35.050022 34.749043 25.799004
v -35.100021 34.749043 31.099007
v -35.100021 34.799042 31.099007
v -35.100021 34.799042 31.049007
v -35.150021 34.899044 30.999004
v -35.150021 34.949043 30.949007
v -35.200024 34.949043 30.949007
v -35.200024 34.999043 30.899006
v -35.250023 35.049042 30.799007
v -35.250023 35.099045 30.799007
v -35.350021 35.099045 30.699007
v -35.300022 35.149044 30.749004
v -35.300022 35.149044 30.699007
v -35.350021 35.199043 30.699007
v -35.350021 29.699041 30.649008
v -35.350021 29.749041 30.699007
v -35.350021 35.199043 30.649008
v -35.350021 35.249043 30.649008
v -35.400021 35.249043 30.549004
v -35.400021 35.199043 30.649008
v -35.400021 35.249043 30.599007
v -35.350021 35.249043 30.599007
v -35.500023 35.399044 30.399008
v -35.500023 35.449043 6.648994
v -35.500023 35.399044 10.398995
v -35.500023 35.449043 26.599003
v -35.500023 35.399044 26.549004
v -35.500023 35.399044 26.599003
v -35.500023 35.449043 30.349007
v -35.550022 35.499043 30.249004
v -35.550022 35.499043 30.199007
v -35.600021 35.549046 30.099007
v -35.600021 35.599045 30.099007
v -35.600021 35.599045 30.049004
v -35.650021 35.599045 30.049004
v -35.650021 35.599045 6.948994
v -35.650021 35.599045 29.999004
v -35.650021 35.649044 29.949007
v -35.700024 35.649044 29.899008
v -35.750023 35.749043 29.749004
v -35.750023 35.749043 29.649008
v -35.800022 35.799046 29.599005
v -35.800022 35.799046 29.549004
v -35.800022 35.849045 29.449007
v -35.800022 35.799046 29.499004
v -35.800022 35.799046 9.498996
v -35.800022 35.849045 27.499002
v -35.800022 35.799046 9.548995
v -35.850021 35.849045 29.399004
v -35.850021 35.849045 29.349005
v -35.850021 35.849045 29.299004
v -35.900021 35.899044 29.199007
v -35.900021 35.949043 29.049006
v -35.900021 35.949043 28.999004
v -35.950020 35.949043 28.849005
v -35.950020 35.949043 28.649004
v -35.900021 35.899044 27.749002
v -35.900021 35.949043 27.949005
v -35.950020 35.949043 28.099005
v -35.950020 35.949043 28.299006
v -35.850021 35.849045 27.549002
v -35.800022 35.799046 27.449005
v -35.300022 35.199043 30.749004
v -35.350021 35.099045 30.749004
v -35.450024 35.249043 30.499004
v -35.400021 35.199043 30.599007
v -35.400021 35.299042 30.599007
v -35.400021 35.199043 30.549004
v -14.550011 31.949041 41.199009
v -14.600011 31.699041 41.199009
v -14.650014 31.449041 41.199009
v -14.750014 30.949041 41.199009
v -14.850011 30.699041 41.199009
v -16.800013 28.299040 41.199009
v -16.900013 28.249039 41.199009
v -14.650014 33.599045 41.199009
v -14.650014 33.449043 41.299011
v -14.650014 33.499043 41.199009
v -14.550011 32.199043 41.199009
v -14.550011 32.249043 41.199009
v -14.550011 32.299042 41.299011
v -14.550011 33.099045 41.199009
v -14.550011 33.049042 41.199009
v -14.600011 33.249043 41.199009
v -14.550011 33.049042 41.299011
v -14.550011 32.999043 41.199009
v -22.100016 28.199041 41.199009
v -22.000017 28.149040 41.199009
v -22.050016 28.149040 41.199009
v -24.500019 31.899042 41.199009
v -24.500019 31.899042 41.299011
v -24.500019 31.949041 41.199009
v -21.800016 27.999039 41.199009
v -24.400019 31.349043 41.199009
v -24.450016 31.499041 41.199009
v -24.400019 31.449041 41.199009
v -24.500019 32.699043 41.199009
v -24.500019 32.649040 41.299011
v -24.500019 32.749043 41.199009
v -24.450016 31.699041 41.199009
v -24.500019 31.849041 41.199009
v -14.650014 33.449043 41.199009
v -14.600011 33.449043 41.199009
v -24.300016 30.949041 41.199009
v -24.200016 30.699041 41.199009
v -24.300016 30.899040 41.199009
v -24.550016 32.499043 41.199009
v -16.750015 28.349041 41.299011
v -16.600014 28.449039 41.199009
v -16.450012 28.549040 41.299011
v -16.400013 28.599041 41.199009
v -16.300013 28.649040 41.199009
v -16.150013 28.799040 41.299011
v -16.250017 28.699039 41.199009
v -16.200014 28.749041 41.199009
v -16.000013 28.949041 41.199009
v -15.850014 29.099041 41.299011
v -15.800014 29.149042 41.199009
v -15.750013 29.199041 41.199009
v -15.750013 29.249041 41.199009
v -15.700013 29.249041 41.199009
v -15.650014 29.349041 41.199009
v -15.600014 29.399042 41.299011
v -15.500013 29.549042 41.199009
v -15.400014 29.699041 41.299011
v -15.350014 29.749041 41.199009
v -15.300011 29.799042 41.199009
v -15.250013 29.849041 41.199009
v -15.300011 29.849041 41.199009
v -15.250013 29.899042 41.199009
v -15.200014 30.049042 41.299011
v -15.200014 29.999041 41.199009
v -15.050011 30.199041 41.199009
v -15.000013 30.399040 41.299011
v -14.950014 30.449041 41.199009
v -14.900014 30.499041 41.199009
v -14.900014 30.549042 41.199009
v -14.900014 30.599043 41.199009
v -14.850011 30.749041 41.299011
v -14.750014 31.099043 41.299011
v -14.700014 31.199041 41.199009
v -14.700014 31.249041 41.199009
v -14.650014 31.299042 41.199009
v -14.650014 31.349043 41.199009
v -14.650014 31.499041 41.299011
v -14.550011 31.899042 41.299011
v -14.550011 32.049042 41.199009
v -14.550011 32.099045 41.199009
v -14.550011 32.449043 41.199009
v -14.550011 32.649040 41.299011
v -14.550011 32.499043 41.199009
v -14.550011 32.749043 41.199009
v -14.550011 32.799042 41.199009
v -14.550011 32.849045 41.199009
v -14.550011 32.899044 41.199009
v -14.650014 33.249043 41.349010
v -14.600011 32.849045 41.399014
v -14.550011 32.499043 41.399014
v -14.600011 32.699043 41.449009
v -14.600011 32.249043 41.449009
v -14.600011 32.099045 41.399014
v -14.650014 31.699041 41.349010
v -14.650014 31.849041 41.449009
v -14.700014 31.499041 41.449009
v -14.700014 31.299042 41.349010
v -14.800011 30.899040 41.399014
v -14.800011 31.099043 41.449009
v -14.900014 30.749041 41.449009
v -14.950014 30.549042 41.399014
v -15.100014 30.199041 41.399014
v -15.050011 30.399040 41.449009
v -15.250013 30.049042 41.449009
v -15.300011 29.899042 41.399014
v -15.500013 29.549042 41.399014
v -15.450013 29.749041 41.449009
v -15.650014 29.449041 41.449009
v -15.750013 29.249041 41.399014
v -16.000013 28.949041 41.399014
v -15.900013 29.149042 41.449009
v -16.200014 28.899042 41.449009
v -16.300013 28.699039 41.399014
v -16.600014 28.449039 41.399014
v -16.450012 28.649040 41.449009
v -16.750015 28.399040 41.449009
v -16.900013 28.249039 41.349010
v -17.100014 28.099041 41.299011
v -16.900013 28.199041 41.199009
v -16.950016 28.199041 41.199009
v -17.750015 27.799040 41.199009
v -18.000015 27.699039 41.199009
v -18.250015 27.649038 41.199009
v -18.150015 27.649038 41.299011
v -18.300013 27.599039 41.199009
v -18.350016 27.599039 41.199009
v -19.250017 27.499039 41.199009
v -19.550016 27.499039 41.199009
v -19.350016 27.499039 41.299011
v -19.750015 27.499039 41.299011
v -19.800016 27.499039 41.199009
v -19.900017 27.499039 41.199009
v -21.300016 27.799040 41.199009
v -21.400017 27.849041 41.199009
v -22.450016 28.449039 41.199009
v -22.650017 28.599041 41.199009
v -23.250017 29.149042 41.199009
v -23.300016 29.199041 41.199009
v -23.350018 29.249041 41.199009
v -23.700018 29.749041 41.199009
v -23.750017 29.799042 41.199009
v -23.800016 29.849041 41.199009
v -23.850018 29.999041 41.199009
v -23.800016 29.899042 41.199009
v -24.100018 30.449041 41.199009
v -24.000017 30.199041 41.199009
v -24.150019 30.499041 41.199009
v -24.200016 30.749041 41.299011
v -24.350018 31.149040 41.299011
v -24.350018 31.199041 41.199009
v -24.400019 31.299042 41.199009
v -24.500019 32.099045 41.199009
v -24.500019 32.199043 41.199009
v -24.550016 32.449043 41.199009
v -24.550016 18.749035 33.849007
v -24.550016 18.749035 34.999008
v -24.550016 18.749035 25.999002
v -24.500019 32.299042 41.299011
v -24.500019 32.849045 41.199009
v -24.500019 32.799042 41.199009
v -24.500019 32.899044 41.199009
v -24.500019 32.999043 41.199009
v -24.500019 33.049042 41.299011
v -24.450016 33.249043 41.199009
v -24.450016 33.449043 41.299011
v -24.400019 33.499043 41.199009
v -24.400019 33.599045 41.199009
v -24.400019 33.649040 41.199009
v -24.400019 33.699043 41.199009
v -24.350018 33.749043 41.199009
v -24.350018 33.799042 41.299011
v -24.300016 33.999043 41.199009
v -24.200016 34.199043 41.299011
v -24.200016 34.249043 41.199009
v -24.150019 34.349045 41.199009
v -24.150019 34.399044 41.199009
v -24.050016 34.549042 41.299011
v -24.150019 34.449043 41.199009
v -24.100018 34.499043 41.199009
v -24.000017 34.749043 41.199009
v -23.900017 34.899044 41.299011
v -23.850018 34.949043 41.199009
v -23.800016 35.049042 41.199009
v -23.800016 35.099045 41.199009
v -23.750017 35.099045 41.199009
v -23.700018 35.199043 41.199009
v -23.700018 35.249043 41.299011
v -23.550016 35.399044 41.199009
v -23.450016 35.549046 41.299011
v -23.400017 35.599045 41.199009
v -23.350018 35.699043 41.199009
v -23.300016 35.749043 41.199009
v -23.200016 35.849045 41.299011
v -23.250017 35.799046 41.199009
v -23.150017 35.899044 41.199009
v -23.050016 35.999043 41.199009
v -22.900017 36.149044 41.299011
v -22.950016 36.099045 41.199009
v -22.850016 36.199043 41.199009
v -22.800016 36.249046 41.199009
v -22.750015 36.299042 41.199009
v -22.650017 36.349045 41.199009
v -22.600016 36.399044 41.299011
v -22.450016 36.499046 41.199009
v -22.300016 36.649044 41.299011
v -22.250017 36.649044 41.199009
v -22.200016 36.699043 41.199009
v -22.150017 36.749043 41.199009
v -22.150017 36.699043 41.199009
v -22.100016 36.749043 41.199009
v -21.950014 36.849045 41.299011
v -22.000017 36.799042 41.199009
v -21.800016 36.949043 41.199009
v -21.600016 36.999043 41.299011
v -21.550016 37.049046 41.199009
v -21.500017 37.099045 41.199009
v -21.450016 37.099045 41.199009
v -21.400017 37.099045 41.199009
v -21.300016 37.149044 41.199009
v -21.250015 37.149044 41.299011
v -21.050016 37.249043 41.199009
v -20.900015 37.299046 41.299011
v -20.800016 37.299046 41.199009
v -20.750015 37.299046 41.199009
v -20.700016 37.349045 41.199009
v -20.650015 37.349045 41.199009
v -20.550016 37.349045 41.199009
v -20.350016 37.399044 41.199009
v -20.500015 37.349045 41.299011
v -20.300016 37.399044 41.199009
v -20.100014 37.449043 41.299011
v -20.050016 37.449043 41.199009
v -19.950014 37.449043 41.199009
v -19.900017 37.449043 41.199009
v -19.750015 37.449043 41.299011
v -19.800016 37.449043 41.199009
v -19.550016 37.449043 41.199009
v -19.350016 37.449043 41.299011
v -19.250017 37.449043 41.199009
v -19.150015 37.449043 41.199009
v -19.200014 37.449043 41.199009
v -19.100016 37.449043 41.199009
v -19.000015 37.449043 41.199009
v -18.950014 37.449043 41.299011
v -18.750015 37.399044 41.199009
v -18.550013 37.349045 41.299011
v -18.500015 37.349045 41.199009
v -18.400015 37.349045 41.199009
v -18.350016 37.349045 41.199009
v -18.300013 37.299046 41.199009
v -18.250015 37.299046 41.199009
v -18.150015 37.299046 41.299011
v -18.000015 37.249043 41.199009
v -17.800013 37.149044 41.299011
v -17.750015 37.149044 41.199009
v -17.650015 37.099045 41.199009
v -17.600012 37.099045 41.199009
v -17.550013 37.099045 41.199009
v -17.500015 37.049046 41.199009
v -17.450016 36.999043 41.299011
v -17.250015 36.949043 41.199009
v -17.100014 36.799042 41.299011
v -17.050013 36.799042 41.199009
v -16.950016 36.749043 41.199009
v -16.900013 36.749043 41.199009
v -16.750015 36.599045 41.299011
v -16.900013 36.699043 41.199009
v -16.800013 36.649044 41.199009
v -16.600014 36.499046 41.199009
v -16.450012 36.399044 41.299011
v -16.400013 36.349045 41.199009
v -16.300013 36.299042 41.199009
v -16.150013 36.149044 41.299011
v -16.250017 36.249046 41.199009
v -16.200014 36.199043 41.199009
v -16.000013 35.999043 41.199009
v -15.850014 35.849045 41.299011
v -15.800014 35.799046 41.199009
v -15.750013 35.749043 41.199009
v -15.750013 35.699043 41.199009
v -15.700013 35.699043 41.199009
v -15.600014 35.549046 41.299011
v -15.650014 35.599045 41.199009
v -15.500013 35.399044 41.199009
v -15.400014 35.249043 41.299011
v -15.350014 35.199043 41.199009
v -15.300011 35.099045 41.199009
v -15.250013 35.099045 41.199009
v -15.250013 35.049042 41.199009
v -15.200014 34.899044 41.299011
v -15.200014 34.949043 41.199009
v -15.050011 34.749043 41.199009
v -15.000013 34.549042 41.299011
v -14.950014 34.499043 41.199009
v -14.900014 34.449043 41.199009
v -14.900014 34.399044 41.199009
v -14.900014 34.349045 41.199009
v -14.850011 34.199043 41.299011
v -14.850011 34.249043 41.199009
v -14.750014 33.999043 41.199009
v -14.750014 33.849045 41.299011
v -14.700014 33.749043 41.199009
v -14.650014 33.649040 41.199009
v -14.700014 33.699043 41.199009
v -14.700014 33.649040 41.349010
v -14.800011 34.049042 41.399014
v -14.800011 33.849045 41.449009
v -14.700014 33.449043 41.449009
v -14.650014 33.099045 41.449009
v -14.750014 33.299042 41.499012
v -14.700014 32.899044 41.499012
v -14.650014 32.499043 41.499012
v -14.750014 32.699043 41.599010
v -14.750014 32.249043 41.599010
v -14.700014 32.049042 41.499012
v -14.750014 31.649042 41.499012
v -14.800011 31.849041 41.599010
v -14.850011 31.499041 41.599010
v -14.800011 31.299042 41.499012
v -14.900014 30.949041 41.549011
v -14.950014 31.149040 41.599010
v -15.100014 30.799040 41.599010
v -15.050011 30.599043 41.549011
v -15.250013 30.249041 41.549011
v -15.250013 30.499041 41.599010
v -15.400014 30.149040 41.649014
v -15.400014 29.949041 41.549011
v -15.600014 29.649042 41.549011
v -15.600014 29.849041 41.649014
v -15.800014 29.549042 41.649014
v -15.850014 29.349041 41.549011
v -16.100014 29.049040 41.549011
v -16.050013 29.249041 41.649014
v -16.300013 28.999041 41.599010
v -16.350014 28.799040 41.549011
v -16.650013 28.549040 41.549011
v -16.600014 28.749041 41.599010
v -16.850014 28.549040 41.599010
v -16.950016 28.349041 41.499012
v -17.100014 28.199041 41.449009
v -17.300013 28.149040 41.499012
v -17.450016 27.999039 41.449009
v -17.250015 28.049040 41.349010
v -17.600012 27.899038 41.399014
v -17.450016 27.949039 41.299011
v -17.800013 27.799040 41.299011
v -17.600012 27.849041 41.199009
v -17.650015 27.849041 41.199009
v -17.500015 27.899038 41.199009
v -17.550013 27.849041 41.199009
v -17.250015 27.999039 41.199009
v -17.050013 28.149040 41.199009
v -18.000015 27.749039 41.399014
v -18.400015 27.649038 41.399014
v -18.550013 27.599039 41.299011
v -18.750015 27.549040 41.349010
v -18.950014 27.499039 41.299011
v -18.750015 27.549040 41.199009
v -18.500015 27.599039 41.199009
v -18.400015 27.599039 41.199009
v -19.000015 27.499039 41.199009
v -19.100016 27.499039 41.199009
v -19.150015 27.499039 41.199009
v -19.200014 27.499039 41.199009
v -19.150015 27.499039 41.349010
v -19.550016 27.499039 41.399014
v -19.350016 27.549040 41.449009
v -19.750015 27.549040 41.449009
v -19.950014 27.549040 41.399014
v -20.100014 27.499039 41.299011
v -19.950014 27.499039 41.199009
v -20.050016 27.499039 41.199009
v -20.300016 27.549040 41.199009
v -20.500015 27.599039 41.299011
v -20.550016 27.599039 41.199009
v -20.650015 27.599039 41.199009
v -20.700016 27.599039 41.199009
v -20.750015 27.599039 41.199009
v -20.900015 27.649038 41.299011
v -20.800016 27.649038 41.199009
v -21.050016 27.699039 41.199009
v -21.250015 27.799040 41.299011
v -21.450016 27.849041 41.199009
v -21.600016 27.949039 41.299011
v -21.500017 27.849041 41.199009
v -21.550016 27.899038 41.199009
v -21.950014 28.099041 41.299011
v -22.150017 28.199041 41.199009
v -22.300016 28.299040 41.299011
v -22.200016 28.249039 41.199009
v -22.150017 28.249039 41.199009
v -22.250017 28.299040 41.199009
v -22.600016 28.549040 41.299011
v -22.750015 28.649040 41.199009
v -22.800016 28.699039 41.199009
v -22.900017 28.799040 41.299011
v -22.850016 28.749041 41.199009
v -23.050016 28.949041 41.199009
v -23.200016 29.099041 41.299011
v -23.450016 29.399042 41.299011
v -23.550016 29.549042 41.199009
v -23.400017 29.349041 41.199009
v -23.700018 29.699041 41.299011
v -23.550016 29.549042 41.399014
v -23.750017 29.899042 41.399014
v -23.900017 30.049042 41.299011
v -23.950018 30.249041 41.349010
v -24.050016 30.399040 41.299011
v -24.150019 30.549042 41.199009
v -24.150019 30.599043 41.199009
v -24.100018 30.599043 41.349010
v -24.250017 30.949041 41.399014
v -24.150019 30.799040 41.449009
v -24.250017 31.149040 41.449009
v -24.350018 31.349043 41.399014
v -24.450016 31.499041 41.299011
v -24.500019 32.049042 41.199009
v -24.450016 32.099045 41.399014
v -24.500019 32.499043 41.399014
v -24.450016 32.299042 41.449009
v -24.450016 32.649040 41.449009
v -24.450016 32.849045 41.399014
v -24.450016 33.249043 41.399014
v -24.400019 33.049042 41.449009
v -24.350018 33.399040 41.449009
v -24.350018 33.599045 41.399014
v -24.250017 33.999043 41.399014
v -24.250017 33.799042 41.449009
v -24.150019 34.149040 41.449009
v -24.100018 34.349045 41.349010
v -24.000017 34.499043 41.449009
v -23.950018 34.699043 41.349010
v -23.850018 34.849045 41.449009
v -23.750017 35.049042 41.399014
v -23.550016 35.399044 41.399014
v -23.600018 35.199043 41.449009
v -23.400017 35.499043 41.449009
v -23.300016 35.699043 41.399014
v -23.050016 35.999043 41.349010
v -23.100016 35.849045 41.449009
v -22.850016 36.099045 41.449009
v -22.750015 36.249046 41.349010
v -22.450016 36.499046 41.399014
v -22.550016 36.349045 41.449009
v -22.250017 36.549042 41.449009
v -22.100016 36.699043 41.399014
v -21.750017 36.899044 41.399014
v -21.900017 36.749043 41.449009
v -21.550016 36.949043 41.449009
v -21.400017 37.049046 41.399014
v -21.050016 37.199043 41.399014
v -21.200016 37.099045 41.449009
v -20.850016 37.199043 41.449009
v -20.700016 37.299046 41.399014
v -20.300016 37.349045 41.399014
v -20.500015 37.299046 41.449009
v -20.100014 37.349045 41.449009
v -19.950014 37.399044 41.399014
v -19.750015 37.399044 41.449009
v -19.550016 37.449043 41.399014
v -19.350016 37.399044 41.449009
v -19.150015 37.449043 41.349010
v -18.750015 37.399044 41.349010
v -19.000015 37.349045 41.449009
v -18.600016 37.299046 41.449009
v -18.400015 37.299046 41.399014
v -18.000015 37.199043 41.399014
v -18.200016 37.199043 41.449009
v -17.800013 37.099045 41.449009
v -17.600012 37.049046 41.399014
v -17.250015 36.899044 41.349010
v -17.450016 36.949043 41.449009
v -17.100014 36.749043 41.449009
v -16.900013 36.699043 41.349010
v -16.750015 36.549042 41.449009
v -16.600014 36.499046 41.399014
v -16.450012 36.299042 41.449009
v -16.300013 36.249046 41.399014
v -16.200014 36.049046 41.449009
v -16.000013 35.999043 41.399014
v -15.900013 35.799046 41.449009
v -15.750013 35.699043 41.399014
v -15.500013 35.399044 41.399014
v -15.650014 35.499043 41.449009
v -15.450013 35.199043 41.449009
v -15.300011 35.049042 41.399014
v -15.100014 34.749043 41.399014
v -15.250013 34.899044 41.449009
v -15.050011 34.549042 41.449009
v -14.950014 34.399044 41.399014
v -14.900014 34.199043 41.449009
v -15.050011 34.349045 41.549011
v -14.900014 33.999043 41.549011
v -14.800011 33.649040 41.499012
v -14.950014 33.799042 41.599010
v -14.850011 33.449043 41.599010
v -14.800011 33.099045 41.599010
v -14.900014 33.249043 41.649014
v -14.850011 32.899044 41.649014
v -14.850011 32.499043 41.649014
v -14.950014 32.699043 41.699009
v -14.950014 32.249043 41.699009
v -14.850011 32.049042 41.649014
v -14.900014 31.699041 41.649014
v -15.000013 31.949041 41.749012
v -15.100014 31.599041 41.749012
v -15.000013 31.399042 41.699009
v -15.100014 31.049042 41.699009
v -15.200014 31.249041 41.749012
v -15.300011 30.949041 41.799011
v -15.250013 30.699041 41.699009
v -15.400014 30.399040 41.699009
v -15.450013 30.599043 41.799011
v -15.650014 30.299042 41.799011
v -15.600014 30.049042 41.699009
v -15.800014 29.749041 41.699009
v -15.850014 29.999041 41.799011
v -16.050013 29.699041 41.799011
v -16.050013 29.499041 41.699009
v -16.250017 29.199041 41.699009
v -16.250017 29.449041 41.799011
v -16.500015 29.199041 41.799011
v -16.500015 28.949041 41.699009
v -16.800013 28.749041 41.699009
v -16.750015 28.949041 41.799011
v -17.050013 28.749041 41.749012
v -17.100014 28.499041 41.699009
v -17.150013 28.349041 41.599010
v -17.400013 28.299040 41.649014
v -17.500015 28.149040 41.599010
v -17.650015 27.999039 41.499012
v -17.850012 27.999039 41.599010
v -18.050013 27.849041 41.499012
v -17.800013 27.849041 41.449009
v -18.200016 27.749039 41.449009
v -18.400015 27.749039 41.499012
v -18.600016 27.649038 41.449009
v -18.800014 27.649038 41.499012
v -19.000015 27.599039 41.449009
v -19.200014 27.649038 41.499012
v -19.550016 27.649038 41.549011
v -19.350016 27.699039 41.599010
v -19.750015 27.749039 41.599010
v -19.900017 27.649038 41.549011
v -20.100014 27.599039 41.449009
v -20.300016 27.699039 41.549011
v -20.500015 27.649038 41.449009
v -20.300016 27.599039 41.399014
v -20.700016 27.649038 41.399014
v -21.050016 27.749039 41.399014
v -20.850016 27.749039 41.449009
v -21.200016 27.849041 41.449009
v -21.400017 27.899038 41.399014
v -21.550016 27.999039 41.449009
v -21.750017 28.049040 41.399014
v -21.900017 28.199041 41.449009
v -22.100016 28.249039 41.399014
v -22.250017 28.399040 41.449009
v -22.450016 28.449039 41.399014
v -22.550016 28.599041 41.449009
v -22.750015 28.699039 41.349010
v -23.050016 28.949041 41.349010
v -22.850016 28.849041 41.449009
v -23.100016 29.099041 41.449009
v -23.300016 29.249041 41.399014
v -23.400017 29.399042 41.449009
v -23.600018 29.749041 41.449009
v -23.450016 29.599041 41.499012
v -23.700018 29.949041 41.499012
v -23.850018 30.099041 41.449009
v -23.900017 30.299042 41.499012
v -24.000017 30.449041 41.449009
v -24.050016 30.649040 41.499012
v -24.150019 30.999041 41.549011
v -24.000017 30.849043 41.599010
v -24.100018 31.199041 41.599010
v -24.250017 31.349043 41.549011
v -24.350018 31.549042 41.449009
v -24.300016 31.749043 41.549011
v -24.400019 31.899042 41.449009
v -24.450016 31.699041 41.399014
v -24.350018 32.099045 41.549011
v -24.350018 32.499043 41.549011
v -24.250017 32.299042 41.649014
v -24.250017 32.649040 41.649014
v -24.350018 32.849045 41.549011
v -24.300016 33.199043 41.549011
v -24.200016 32.999043 41.649014
v -24.200016 33.399040 41.599010
v -24.250017 33.599045 41.549011
v -24.150019 33.949043 41.549011
v -24.100018 33.749043 41.599010
v -24.000017 34.099045 41.599010
v -24.050016 34.299042 41.499012
v -23.850018 34.449043 41.599010
v -23.900017 34.649044 41.499012
v -23.700018 34.799042 41.599010
v -23.700018 34.999043 41.499012
v -23.450016 35.349045 41.499012
v -23.500017 35.099045 41.599010
v -23.300016 35.449043 41.599010
v -23.200016 35.649044 41.499012
v -22.950016 35.949043 41.499012
v -23.000017 35.749043 41.599010
v -22.750015 35.999043 41.599010
v -22.650017 36.199043 41.499012
v -22.350016 36.399044 41.549011
v -22.450016 36.199043 41.599010
v -22.150017 36.449043 41.599010
v -22.050016 36.599045 41.549011
v -21.700014 36.799042 41.549011
v -21.850016 36.599045 41.599010
v -21.500017 36.749043 41.649014
v -21.350016 36.949043 41.549011
v -21.000015 37.049046 41.549011
v -21.150017 36.899044 41.649014
v -20.800016 36.999043 41.649014
v -20.650015 37.149044 41.549011
v -20.300016 37.249043 41.549011
v -20.450014 37.099045 41.649014
v -20.100014 37.199043 41.599010
v -19.900017 37.299046 41.549011
v -19.750015 37.199043 41.599010
v -19.550016 37.299046 41.549011
v -19.350016 37.249043 41.599010
v -19.200014 37.299046 41.499012
v -18.800014 37.299046 41.499012
v -19.000015 37.199043 41.599010
v -18.650015 37.199043 41.599010
v -18.400015 37.199043 41.499012
v -18.050013 37.099045 41.499012
v -18.250015 37.099045 41.599010
v -17.850012 36.949043 41.599010
v -17.650015 36.949043 41.499012
v -17.300013 36.799042 41.499012
v -17.500015 36.799042 41.599010
v -17.150013 36.599045 41.599010
v -16.950016 36.599045 41.499012
v -16.850014 36.399044 41.599010
v -16.650013 36.399044 41.549011
v -16.600014 36.199043 41.599010
v -16.350014 36.149044 41.549011
v -16.300013 35.949043 41.599010
v -16.100014 35.899044 41.549011
v -16.050013 35.699043 41.649014
v -15.850014 35.599045 41.549011
v -15.600014 35.299042 41.549011
v -15.800014 35.399044 41.649014
v -15.600014 35.099045 41.649014
v -15.400014 34.999043 41.549011
v -15.250013 34.699043 41.549011
v -15.400014 34.799042 41.649014
v -15.250013 34.449043 41.599010
v -15.100014 34.149040 41.599010
v -15.250013 34.249043 41.699009
v -15.100014 33.899040 41.699009
v -15.000013 33.549042 41.699009
v -15.200014 33.699043 41.749012
v -15.100014 33.349045 41.749012
v -15.000013 32.999043 41.749012
v -15.200014 33.149044 41.799011
v -15.100014 32.799042 41.799011
v -15.050011 32.499043 41.799011
v -15.200014 32.499043 41.849010
v -15.100014 32.149040 41.799011
v -15.200014 31.799042 41.799011
v -15.300011 32.149040 41.899014
v -15.400014 31.799042 41.899014
v -15.300011 31.499041 41.849010
v -15.400014 31.199041 41.849010
v -15.500013 31.499041 41.899014
v -15.650014 31.149040 41.949009
v -15.550011 30.849043 41.849010
v -15.700013 30.549042 41.849010
v -15.800014 30.849043 41.949009
v -15.950013 30.549042 41.949009
v -15.900013 30.249041 41.899014
v -16.100014 29.999041 41.899014
v -16.150013 30.249041 41.949009
v -16.350014 29.949041 41.949009
v -16.300013 29.699041 41.899014
v -16.500015 29.449041 41.849010
v -16.600014 29.699041 41.949009
v -16.850014 29.399042 41.949009
v -16.750015 29.199041 41.849010
v -17.000015 28.949041 41.849010
v -17.100014 29.199041 41.949009
v -17.350012 28.949041 41.899014
v -17.300013 28.749041 41.849010
v -17.300013 28.499041 41.749012
v -17.550013 28.549040 41.799011
v -17.600012 28.349041 41.749012
v -17.700016 28.149040 41.649014
v -17.900015 28.199041 41.699009
v -18.100016 27.999039 41.649014
v -18.250015 27.849041 41.599010
v -18.450016 27.899038 41.649014
v -18.650015 27.749039 41.599010
v -18.800014 27.849041 41.649014
v -19.000015 27.749039 41.599010
v -19.200014 27.849041 41.699009
v -19.550016 27.849041 41.699009
v -19.350016 27.999039 41.749012
v -19.700014 27.999039 41.799011
v -19.900017 27.849041 41.699009
v -20.100014 27.749039 41.599010
v -20.250015 27.899038 41.699009
v -20.450014 27.849041 41.649014
v -20.650015 27.799040 41.549011
v -20.800016 27.899038 41.649014
v -21.000015 27.899038 41.549011
v -21.150017 28.049040 41.649014
v -21.350016 27.999039 41.549011
v -21.500017 28.199041 41.649014
v -21.700014 28.149040 41.549011
v -21.850016 28.349041 41.599010
v -22.050016 28.349041 41.549011
v -22.150017 28.499041 41.599010
v -22.350016 28.549040 41.549011
v -22.450016 28.699039 41.599010
v -22.650017 28.749041 41.499012
v -22.950016 28.999041 41.499012
v -22.750015 28.949041 41.599010
v -23.000017 29.199041 41.599010
v -23.200016 29.299042 41.499012
v -23.300016 29.499041 41.599010
v -23.500017 29.849041 41.599010
v -23.350018 29.699041 41.649014
v -23.550016 30.049042 41.649014
v -23.700018 30.149040 41.599010
v -23.700018 30.349041 41.649014
v -23.850018 30.499041 41.599010
v -23.850018 30.699041 41.699009
v -23.950018 31.049042 41.699009
v -23.750017 30.899040 41.749012
v -23.850018 31.249041 41.799011
v -24.000017 31.399042 41.699009
v -24.200016 31.549042 41.599010
v -24.100018 31.749043 41.699009
v -24.200016 31.899042 41.649014
v -24.100018 32.099045 41.699009
v -24.100018 32.499043 41.699009
v -23.950018 32.299042 41.799011
v -23.950018 32.649040 41.799011
v -24.100018 32.849045 41.699009
v -24.100018 33.199043 41.699009
v -23.950018 32.999043 41.799011
v -23.900017 33.349045 41.799011
v -24.000017 33.549042 41.699009
v -23.950018 33.899040 41.699009
v -23.850018 33.699043 41.799011
v -23.750017 34.049042 41.749012
v -23.850018 34.249043 41.699009
v -23.650017 34.349045 41.749012
v -23.700018 34.599045 41.649014
v -23.500017 34.699043 41.749012
v -23.550016 34.899044 41.649014
v -23.350018 35.249043 41.649014
v -23.350018 34.999043 41.699009
v -23.100016 35.349045 41.699009
v -23.050016 35.549046 41.649014
v -22.800016 35.799046 41.649014
v -22.850016 35.549046 41.749012
v -22.600016 35.799046 41.749012
v -22.550016 35.999043 41.699009
v -22.250017 36.249046 41.699009
v -22.300016 35.999043 41.749012
v -22.000017 36.199043 41.799011
v -21.950014 36.399044 41.699009
v -21.600016 36.599045 41.699009
v -21.700014 36.349045 41.799011
v -21.400017 36.499046 41.799011
v -21.300016 36.699043 41.699009
v -20.950016 36.849045 41.699009
v -21.050016 36.649044 41.799011
v -20.750015 36.749043 41.799011
v -20.600016 36.949043 41.699009
v -20.250015 36.999043 41.699009
v -20.400015 36.849045 41.799011
v -20.050016 36.899044 41.799011
v -19.900017 37.099045 41.699009
v -19.700014 36.949043 41.799011
v -19.550016 37.099045 41.699009
v -19.350016 36.949043 41.749012
v -19.200014 37.099045 41.699009
v -18.800014 37.099045 41.649014
v -19.000015 36.949043 41.749012
v -18.650015 36.949043 41.749012
v -18.450016 37.049046 41.649014
v -18.100016 36.949043 41.649014
v -18.300013 36.899044 41.699009
v -17.900015 36.749043 41.699009
v -17.700016 36.799042 41.649014
v -17.400013 36.649044 41.649014
v -17.600012 36.599045 41.749012
v -17.300013 36.399044 41.749012
v -17.100014 36.449043 41.699009
v -17.050013 36.199043 41.749012
v -16.800013 36.199043 41.699009
v -16.750015 35.999043 41.799011
v -16.500015 35.999043 41.699009
v -16.500015 35.749043 41.799011
v -16.250017 35.749043 41.699009
v -16.250017 35.499043 41.799011
v -16.050013 35.449043 41.699009
v -15.800014 35.199043 41.699009
v -16.050013 35.199043 41.799011
v -15.850014 34.949043 41.799011
v -15.600014 34.899044 41.699009
v -15.400014 34.549042 41.699009
v -15.650014 34.649044 41.799011
v -15.450013 34.349045 41.799011
v -15.300011 33.999043 41.799011
v -15.550011 34.099045 41.849010
v -15.400014 33.749043 41.849010
v -15.300011 33.449043 41.849010
v -15.500013 33.449043 41.899014
v -15.400014 33.149044 41.899014
v -15.300011 32.799042 41.899014
v -15.500013 32.799042 41.949009
v -15.400014 32.499043 41.949009
v -15.500013 32.149040 41.949009
v -15.600014 32.499043 41.999012
v -15.700013 32.149040 42.049011
v -15.600014 31.799042 41.999012
v -15.750013 31.499041 41.999012
v -15.850014 31.799042 42.049011
v -16.000013 31.499041 42.049011
v -15.900013 31.149040 41.999012
v -16.050013 30.849043 41.999012
v -16.150013 31.149040 42.099014
v -16.350014 30.849043 42.099014
v -16.250017 30.549042 42.049011
v -16.450012 30.249041 42.049011
v -16.550013 30.549042 42.099014
v -16.750015 30.249041 42.099014
v -16.650013 29.949041 42.049011
v -16.900013 29.699041 41.999012
v -17.000015 29.949041 42.099014
v -17.200016 29.649042 42.099014
v -17.150013 29.399042 41.999012
v -17.400013 29.199041 41.999012
v -17.500015 29.399042 42.049011
v -17.750015 29.199041 42.049011
v -17.700016 28.949041 41.999012
v -17.600012 28.749041 41.899014
v -17.950016 28.749041 41.949009
v -17.900015 28.549040 41.899014
v -17.850012 28.399040 41.799011
v -18.200016 28.399040 41.849010
v -18.150015 28.199041 41.799011
v -18.300013 28.049040 41.699009
v -18.500015 28.199041 41.799011
v -18.650015 27.999039 41.749012
v -18.800014 28.149040 41.799011
v -19.000015 27.999039 41.749012
v -19.150015 28.149040 41.849010
v -19.500015 28.149040 41.849010
v -19.200014 28.349041 41.899014
v -19.550016 28.349041 41.949009
v -19.850014 28.199041 41.849010
v -20.050016 28.049040 41.799011
v -20.150015 28.249039 41.849010
v -20.400015 28.099041 41.799011
v -20.600016 27.999039 41.699009
v -20.750015 28.199041 41.799011
v -20.950016 28.099041 41.699009
v -21.050016 28.299040 41.799011
v -21.300016 28.199041 41.699009
v -21.400017 28.449039 41.799011
v -21.600016 28.349041 41.699009
v -21.700014 28.599041 41.799011
v -21.950014 28.549040 41.699009
v -22.000017 28.749041 41.799011
v -22.250017 28.699039 41.699009
v -22.300016 28.949041 41.749012
v -22.550016 28.949041 41.699009
v -22.800016 29.149042 41.649014
v -22.600016 29.149042 41.749012
v -22.850016 29.399042 41.749012
v -23.050016 29.399042 41.649014
v -23.100016 29.599041 41.699009
v -23.350018 29.949041 41.699009
v -23.150017 29.849041 41.799011
v -23.300016 30.149040 41.799011
v -23.500017 30.249041 41.749012
v -23.400017 30.449041 41.799011
v -23.650017 30.599043 41.749012
v -23.550016 30.799040 41.849010
v -23.600018 31.099043 41.849010
v -23.350018 30.899040 41.899014
v -23.450016 31.249041 41.949009
v -23.700018 31.449041 41.849010
v -23.900017 31.599041 41.799011
v -23.750017 31.799042 41.849010
v -23.950018 31.949041 41.799011
v -23.750017 32.149040 41.899014
v -23.800016 32.499043 41.899014
v -23.550016 32.299042 41.949009
v -23.550016 32.649040 41.949009
v -23.750017 32.799042 41.899014
v -23.750017 33.149044 41.849010
v -23.550016 32.999043 41.949009
v -23.500017 33.349045 41.949009
v -23.700018 33.499043 41.849010
v -23.600018 33.849045 41.849010
v -23.450016 33.699043 41.949009
v -23.350018 34.049042 41.899014
v -23.550016 34.149040 41.849010
v -23.250017 34.349045 41.899014
v -23.400017 34.499043 41.799011
v -23.150017 34.699043 41.899014
v -23.300016 34.799042 41.799011
v -23.150017 35.099045 41.799011
v -23.000017 34.999043 41.849010
v -22.900017 35.349045 41.799011
v -22.650017 35.549046 41.799011
v -22.750015 35.249043 41.899014
v -22.500015 35.449043 41.899014
v -22.400017 35.749043 41.849010
v -22.100016 35.949043 41.849010
v -22.200016 35.649044 41.899014
v -21.900017 35.799046 41.949009
v -21.800016 36.099045 41.849010
v -21.500017 36.249046 41.849010
v -21.600016 35.999043 41.949009
v -21.250015 36.149044 41.949009
v -21.150017 36.399044 41.899014
v -20.850016 36.499046 41.899014
v -20.950016 36.249046 41.949009
v -20.600016 36.349045 41.949009
v -20.500015 36.599045 41.899014
v -20.150015 36.699043 41.849010
v -20.250015 36.449043 41.949009
v -19.900017 36.549042 41.949009
v -19.850014 36.749043 41.849010
v -19.550016 36.599045 41.949009
v -19.500015 36.799042 41.849010
v -19.200014 36.599045 41.899014
v -19.150015 36.799042 41.849010
v -18.800014 36.799042 41.799011
v -18.900015 36.599045 41.899014
v -18.550013 36.599045 41.899014
v -18.500015 36.749043 41.799011
v -18.150015 36.749043 41.799011
v -18.200016 36.549042 41.849010
v -17.850012 36.549042 41.799011
v -17.550013 36.399044 41.799011
v -17.900015 36.399044 41.899014
v -17.600012 36.199043 41.899014
v -17.300013 36.199043 41.849010
v -17.350012 35.999043 41.899014
v -17.000015 35.999043 41.849010
v -17.100014 35.749043 41.949009
v -16.750015 35.749043 41.849010
v -16.850014 35.499043 41.949009
v -16.500015 35.499043 41.849010
v -16.600014 35.249043 41.949009
v -16.300013 35.249043 41.899014
v -16.100014 34.949043 41.899014
v -16.350014 34.999043 41.949009
v -16.150013 34.699043 41.949009
v -15.900013 34.699043 41.899014
v -15.700013 34.399044 41.849010
v -15.950013 34.399044 41.949009
v -15.800014 34.099045 41.949009
v -15.650014 33.799042 41.949009
v -15.900013 33.799042 41.999012
v -15.750013 33.449043 41.999012
v -15.600014 33.149044 41.999012
v -15.850014 33.149044 42.049011
v -15.700013 32.799042 42.049011
v -15.850014 32.499043 42.049011
v -15.950013 32.799042 42.099014
v -16.100014 32.499043 42.149014
v -15.950013 32.149040 42.099014
v -16.100014 31.799042 42.099014
v -16.200014 32.149040 42.149014
v -16.350014 31.799042 42.199009
v -16.250017 31.499041 42.149014
v -16.450012 31.149040 42.149014
v -16.550013 31.499041 42.199009
v -16.750015 31.149040 42.199009
v -16.650013 30.849043 42.149014
v -16.850014 30.499041 42.149014
v -16.950016 30.849043 42.199009
v -17.150013 30.549042 42.199009
v -17.050013 30.249041 42.149014
v -17.300013 29.949041 42.149014
v -17.400013 30.249041 42.199009
v -17.650015 29.949041 42.199009
v -17.550013 29.699041 42.149014
v -17.850012 29.399042 42.099014
v -17.900015 29.699041 42.199009
v -18.200016 29.449041 42.149014
v -18.100016 29.199041 42.099014
v -18.050013 28.949041 42.049011
v -18.400015 28.949041 42.049011
v -18.300013 28.749041 41.999012
v -18.250015 28.549040 41.949009
v -18.600016 28.549040 41.949009
v -18.550013 28.349041 41.899014
v -18.900015 28.349041 41.899014
v -18.950014 28.549040 41.999012
v -19.300016 28.549040 41.999012
v -19.050014 28.749041 42.049011
v -19.400015 28.799040 42.049011
v -19.650017 28.599041 41.999012
v -19.900017 28.399040 41.949009
v -20.000015 28.649040 41.999012
v -20.250015 28.499041 41.949009
v -20.500015 28.349041 41.899014
v -20.600016 28.599041 41.949009
v -20.850016 28.449039 41.899014
v -20.950016 28.699039 41.949009
v -21.150017 28.549040 41.899014
v -21.250015 28.799040 41.949009
v -21.500017 28.699039 41.849010
v -21.600016 28.949041 41.949009
v -21.800016 28.849041 41.849010
v -21.900017 29.149042 41.949009
v -22.100016 28.999041 41.849010
v -22.200016 29.299042 41.899014
v -22.400017 29.199041 41.849010
v -22.650017 29.399042 41.799011
v -22.500015 29.499041 41.899014
v -22.750015 29.699041 41.899014
v -22.900017 29.599041 41.799011
v -23.000017 29.949041 41.849010
v -22.850016 30.049042 41.949009
v -23.150017 30.249041 41.899014
v -23.000017 30.349041 41.949009
v -23.250017 30.599043 41.899014
v -23.100016 30.699041 41.999012
v -23.200016 31.049042 41.999012
v -22.900017 30.849043 42.049011
v -23.000017 31.199041 42.049011
v -23.250017 31.399042 41.999012
v -23.500017 31.599041 41.949009
v -23.300016 31.749043 41.999012
v -23.550016 31.949041 41.949009
v -23.350018 32.099045 42.049011
v -23.350018 32.499043 42.049011
v -23.100016 32.299042 42.099014
v -23.100016 32.649040 42.099014
v -23.350018 32.849045 42.049011
v -23.300016 33.199043 41.999012
v -23.050016 32.999043 42.099014
v -23.050016 33.399040 42.099014
v -23.250017 33.549042 41.999012
v -23.200016 33.899040 41.999012
v -23.000017 33.749043 42.049011
v -22.900017 34.099045 42.049011
v -23.100016 34.249043 41.999012
v -22.800016 34.449043 42.049011
v -23.000017 34.599045 41.949009
v -22.700016 34.799042 41.999012
v -22.850016 34.899044 41.949009
v -22.600016 35.099045 41.949009
v -22.400017 34.999043 42.049011
v -22.300016 35.299042 41.999012
v -22.000017 35.499043 41.999012
v -22.100016 35.199043 42.049011
v -21.800016 35.349045 42.049011
v -21.700014 35.699043 41.999012
v -21.400017 35.849045 41.999012
v -21.500017 35.549046 42.099014
v -21.150017 35.699043 42.099014
v -21.050016 35.999043 42.049011
v -20.700016 36.099045 42.049011
v -20.800016 35.799046 42.099014
v -20.450014 35.899044 42.099014
v -20.350016 36.199043 42.049011
v -20.000015 36.299042 41.999012
v -20.100014 35.999043 42.099014
v -19.750015 36.099045 42.099014
v -19.650017 36.349045 41.999012
v -19.400015 36.149044 42.049011
v -19.300016 36.399044 41.999012
v -19.050014 36.199043 42.049011
v -18.950014 36.399044 41.999012
v -18.600016 36.399044 41.949009
v -18.650015 36.199043 42.049011
v -18.300013 36.199043 41.999012
v -18.250015 36.399044 41.949009
v -17.950016 36.199043 41.949009
v -18.050013 35.999043 42.049011
v -17.700016 35.999043 41.999012
v -17.750015 35.749043 42.049011
v -17.400013 35.749043 41.999012
v -17.500015 35.549046 42.049011
v -17.150013 35.549046 41.999012
v -17.200016 35.299042 42.099014
v -16.900013 35.249043 41.999012
v -17.000015 34.999043 42.099014
v -16.650013 34.999043 42.049011
v -16.450012 34.699043 42.049011
v -16.750015 34.699043 42.099014
v -16.550013 34.399044 42.099014
v -16.250017 34.399044 42.049011
v -16.050013 34.099045 41.999012
v -16.350014 34.099045 42.099014
v -16.150013 33.799042 42.099014
v -16.000013 33.449043 42.049011
v -16.250017 33.449043 42.149014
v -16.100014 33.149044 42.099014
v -16.200014 32.799042 42.149014
v -16.350014 33.149044 42.199009
v -16.500015 32.799042 42.199009
v -16.350014 32.499043 42.199009
v -16.500015 32.149040 42.199009
v -16.600014 32.499043 42.249012
v -16.800013 32.149040 42.249012
v -16.650013 31.799042 42.249012
v -16.850014 31.499041 42.249012
v -16.950016 31.799042 42.299011
v -17.150013 31.499041 42.299011
v -17.050013 31.149040 42.249012
v -17.250015 30.849043 42.249012
v -17.400013 31.149040 42.299011
v -17.700016 31.149040 42.349014
v -17.600012 30.849043 42.299011
v -17.500015 30.549042 42.249012
v -17.750015 30.249041 42.249012
v -17.850012 30.549042 42.299011
v -18.100016 30.249041 42.299011
v -18.000015 29.949041 42.249012
v -18.250015 29.699041 42.199009
v -18.350016 29.949041 42.249012
v -18.650015 29.699041 42.249012
v -18.550013 29.449041 42.199009
v -18.450016 29.199041 42.149014
v -18.800014 29.199041 42.149014
v -18.750015 28.999041 42.099014
v -19.100016 28.999041 42.099014
v -18.650015 28.749041 42.049011
v -19.200014 29.249041 42.199009
v -19.450012 29.049040 42.149014
v -19.750015 28.849041 42.099014
v -19.850014 29.149042 42.149014
v -20.100014 28.949041 42.099014
v -20.350016 28.749041 42.049011
v -20.450014 29.049040 42.099014
v -20.700016 28.849041 42.049011
v -20.800016 29.149042 42.099014
v -21.050016 28.949041 42.049011
v -21.150017 29.249041 42.099014
v -21.400017 29.099041 41.999012
v -21.500017 29.399042 42.099014
v -21.700014 29.249041 41.999012
v -21.800016 29.599041 42.049011
v -22.000017 29.449041 41.999012
v -22.100016 29.749041 42.049011
v -22.300016 29.649042 41.999012
v -22.600016 29.849041 41.949009
v -22.400017 29.949041 42.049011
v -22.700016 30.149040 41.999012
v -22.500015 30.299042 42.049011
v -22.800016 30.499041 42.049011
v -22.600016 30.649040 42.099014
v -22.700016 30.999041 42.099014
v -22.400017 30.799040 42.149014
v -22.450016 31.149040 42.199009
v -22.750015 31.349043 42.149014
v -23.050016 31.549042 42.099014
v -22.800016 31.749043 42.149014
v -23.050016 31.899042 42.099014
v -22.850016 32.099045 42.149014
v -22.850016 32.499043 42.149014
v -22.600016 32.299042 42.199009
v -22.300016 32.499043 42.249012
v -22.600016 32.649040 42.199009
v -22.850016 32.849045 42.149014
v -22.800016 33.199043 42.149014
v -22.550016 33.049042 42.199009
v -22.500015 33.399040 42.199009
v -22.750015 33.599045 42.149014
v -22.700016 33.949043 42.099014
v -22.450016 33.799042 42.199009
v -22.400017 34.149040 42.149014
v -22.600016 34.299042 42.099014
v -22.300016 34.499043 42.149014
v -22.500015 34.649044 42.049011
v -22.200016 34.849045 42.099014
v -21.900017 35.049042 42.099014
v -22.000017 34.699043 42.149014
v -21.700014 34.849045 42.199009
v -21.600016 35.199043 42.149014
v -21.250015 35.349045 42.149014
v -21.350016 35.049042 42.199009
v -21.000015 35.199043 42.199009
v -20.900015 35.499043 42.149014
v -20.550016 35.599045 42.149014
v -20.650015 35.299042 42.199009
v -20.300016 35.449043 42.199009
v -20.200014 35.749043 42.149014
v -19.850014 35.799046 42.149014
v -19.900017 35.549046 42.199009
v -19.550016 35.599045 42.199009
v -19.450012 35.899044 42.149014
v -19.200014 35.699043 42.199009
v -19.100016 35.949043 42.099014
v -18.800014 35.749043 42.149014
v -18.750015 35.949043 42.099014
v -18.400015 35.999043 42.049011
v -18.450016 35.749043 42.149014
v -18.100016 35.749043 42.099014
v -18.200016 35.499043 42.149014
v -17.850012 35.549046 42.099014
v -17.900015 35.249043 42.199009
v -17.550013 35.249043 42.149014
v -17.650015 34.999043 42.199009
v -17.300013 34.999043 42.149014
v -17.400013 34.699043 42.199009
v -17.050013 34.699043 42.149014
v -16.850014 34.399044 42.149014
v -17.150013 34.399044 42.199009
v -16.950016 34.099045 42.199009
v -16.650013 34.099045 42.149014
v -16.450012 33.799042 42.149014
v -16.750015 33.799042 42.199009
v -16.550013 33.449043 42.199009
v -16.650013 33.149044 42.249012
v -16.850014 33.449043 42.249012
v -16.950016 33.149044 42.299011
v -16.800013 32.799042 42.249012
v -16.900013 32.499043 42.299011
v -17.100014 32.799042 42.299011
v -17.200016 32.499043 42.349014
v -17.100014 32.149040 42.299011
v -17.300013 31.799042 42.349014
v -17.400013 32.149040 42.349014
v -17.600012 31.799042 42.349014
v -17.500015 31.499041 42.349014
v -17.850012 31.499041 42.349014
v -18.050013 31.149040 42.349014
v -17.950016 30.849043 42.349014
v -18.200016 30.549042 42.349014
v -18.300013 30.849043 42.349014
v -18.550013 30.549042 42.349014
v -18.450016 30.249041 42.299011
v -18.700014 29.999041 42.299011
v -18.800014 30.249041 42.349014
v -19.100016 30.049042 42.299011
v -19.000015 29.749041 42.249012
v -19.350016 29.849041 42.299011
v -19.300016 29.549042 42.249012
v -19.650017 29.599041 42.249012
v -19.550016 29.349041 42.199009
v -19.900017 29.399042 42.199009
v -20.200014 29.199041 42.149014
v -20.300016 29.499041 42.199009
v -20.550016 29.299042 42.149014
v -20.650015 29.649042 42.199009
v -20.900015 29.449041 42.149014
v -21.000015 29.749041 42.199009
v -21.250015 29.599041 42.149014
v -21.350016 29.899042 42.199009
v -21.600016 29.749041 42.149014
v -21.700014 30.099041 42.199009
v -21.900017 29.899042 42.099014
v -22.000017 30.249041 42.149014
v -22.200016 30.099041 42.099014
v -22.300016 30.449041 42.149014
v -22.100016 30.599043 42.199009
v -22.200016 30.949041 42.199009
v -21.900017 30.749041 42.249012
v -21.950014 31.149040 42.249012
v -22.250017 31.349043 42.249012
v -22.500015 31.549042 42.199009
v -22.300016 31.699041 42.249012
v -22.550016 31.899042 42.199009
v -22.300016 32.099045 42.249012
v -22.050016 32.299042 42.299011
v -22.050016 32.649040 42.299011
v -22.300016 32.849045 42.249012
v -22.300016 33.249043 42.249012
v -22.000017 33.049042 42.299011
v -22.000017 33.449043 42.299011
v -22.250017 33.599045 42.249012
v -22.200016 33.999043 42.199009
v -21.950014 33.799042 42.249012
v -21.900017 34.199043 42.249012
v -22.100016 34.349045 42.199009
v -21.800016 34.549042 42.199009
v -21.550016 34.349045 42.249012
v -21.450016 34.699043 42.249012
v -21.100016 34.849045 42.249012
v -21.200016 34.499043 42.299011
v -20.850016 34.649044 42.299011
v -20.750015 34.999043 42.249012
v -20.400015 35.099045 42.249012
v -20.500015 34.799042 42.299011
v -20.100014 34.899044 42.299011
v -20.200014 34.599045 42.349014
v -20.000015 35.249043 42.249012
v -19.650017 35.349045 42.249012
v -19.750015 35.049042 42.299011
v -19.350016 35.099045 42.299011
v -19.300016 35.399044 42.249012
v -19.000015 35.199043 42.249012
v -18.900015 35.449043 42.199009
v -18.650015 35.249043 42.249012
v -18.550013 35.499043 42.199009
v -18.250015 35.249043 42.199009
v -18.350016 34.999043 42.249012
v -18.000015 34.999043 42.249012
v -18.100016 34.699043 42.299011
v -17.750015 34.699043 42.249012
v -17.850012 34.399044 42.299011
v -17.500015 34.399044 42.249012
v -17.250015 34.099045 42.249012
v -17.600012 34.099045 42.299011
v -17.700016 33.799042 42.349014
v -17.400013 33.799042 42.299011
v -17.050013 33.799042 42.249012
v -17.150013 33.449043 42.299011
v -17.500015 33.449043 42.349014
v -17.300013 33.149044 42.349014
v -17.400013 32.799042 42.349014
v -17.600012 33.149044 42.349014
v -17.700016 32.799042 42.399014
v -17.500015 32.499043 42.349014
v -17.700016 32.149040 42.399014
v -17.850012 32.499043 42.399014
v -18.050013 32.149040 42.399014
v -17.950016 31.799042 42.399014
v -18.150015 31.499041 42.399014
v -18.300013 31.799042 42.399014
v -18.500015 31.499041 42.399014
v -18.400015 31.149040 42.399014
v -18.650015 30.849043 42.399014
v -18.750015 31.149040 42.399014
v -19.000015 30.849043 42.399014
v -18.900015 30.549042 42.349014
v -19.200014 30.349041 42.349014
v -19.300016 30.649040 42.399014
v -19.550016 30.449041 42.349014
v -19.450012 30.149040 42.349014
v -19.850014 30.249041 42.349014
v -19.750015 29.899042 42.299011
v -20.100014 30.049042 42.299011
v -20.000015 29.699041 42.249012
v -20.400015 29.849041 42.249012
v -20.500015 30.149040 42.299011
v -20.200014 30.349041 42.349014
v -20.750015 29.949041 42.249012
v -20.850016 30.299042 42.299011
v -21.100016 30.099041 42.249012
v -21.200016 30.449041 42.299011
v -21.450016 30.249041 42.249012
v -21.550016 30.599043 42.249012
v -21.300016 30.749041 42.299011
v -21.800016 30.399040 42.199009
v -21.650017 30.949041 42.299011
v -21.400017 31.099043 42.349014
v -21.700014 31.299042 42.299011
v -22.000017 31.499041 42.299011
v -21.750017 31.699041 42.349014
v -22.000017 31.899042 42.299011
v -21.750017 32.099045 42.349014
v -21.750017 32.499043 42.349014
v -21.500017 32.299042 42.349014
v -21.200016 32.499043 42.399014
v -21.500017 32.649040 42.349014
v -21.750017 32.849045 42.349014
v -21.750017 33.249043 42.349014
v -21.450016 33.049042 42.349014
v -21.450016 33.449043 42.349014
v -21.700014 33.649040 42.299011
v -21.650017 33.999043 42.299011
v -21.400017 33.849045 42.349014
v -21.300016 34.199043 42.299011
v -20.950016 34.349045 42.349014
v -21.050016 33.999043 42.349014
v -20.700016 34.149040 42.349014
v -20.600016 34.449043 42.349014
v -20.300016 34.249043 42.349014
v -19.950014 34.399044 42.349014
v -19.850014 34.699043 42.349014
v -19.450012 34.799042 42.349014
v -19.550016 34.499043 42.349014
v -19.200014 34.599045 42.349014
v -19.100016 34.899044 42.299011
v -18.800014 34.699043 42.349014
v -18.700014 34.949043 42.299011
v -18.450016 34.699043 42.299011
v -18.550013 34.399044 42.349014
v -18.200016 34.399044 42.349014
v -18.300013 34.099045 42.349014
v -17.950016 34.099045 42.349014
v -18.050013 33.799042 42.349014
v -17.850012 33.449043 42.349014
v -17.950016 33.149044 42.399014
v -18.150015 33.449043 42.399014
v -18.300013 33.149044 42.399014
v -18.050013 32.799042 42.399014
v -18.150015 32.499043 42.449009
v -18.400015 32.799042 42.449009
v -18.500015 32.499043 42.449009
v -18.400015 32.149040 42.449009
v -18.600016 31.799042 42.449009
v -18.750015 32.149040 42.449009
v -19.050014 32.149040 42.449009
v -18.950014 31.799042 42.449009
v -18.850016 31.499041 42.449009
v -19.100016 31.199041 42.449009
v -19.200014 31.499041 42.449009
v -19.500015 31.299042 42.449009
v -19.400015 30.949041 42.399014
v -19.750015 31.099043 42.399014
v -19.650017 30.749041 42.399014
v -20.050016 30.899040 42.399014
v -19.950014 30.549042 42.349014
v -20.300016 30.649040 42.349014
v -20.600016 30.499041 42.349014
v -20.700016 30.799040 42.349014
v -20.950016 30.599043 42.349014
v -21.050016 30.949041 42.349014
v -20.800016 31.149040 42.399014
v -21.150017 31.299042 42.349014
v -21.450016 31.499041 42.349014
v -21.200016 31.699041 42.399014
v -21.450016 31.899042 42.349014
v -21.200016 32.099045 42.399014
v -20.900015 32.249043 42.399014
v -20.900015 32.699043 42.399014
v -21.200016 32.849045 42.399014
v -21.200016 33.249043 42.399014
v -20.900015 33.099045 42.399014
v -20.900015 33.449043 42.399014
v -21.150017 33.649040 42.349014
v -20.800016 33.799042 42.399014
v -20.550016 33.599045 42.399014
v -20.400015 33.949043 42.399014
v -20.050016 34.049042 42.399014
v -20.150015 33.749043 42.399014
v -19.750015 33.849045 42.399014
v -19.650017 34.199043 42.399014
v -19.300016 34.299042 42.399014
v -19.400015 33.999043 42.399014
v -19.000015 34.099045 42.399014
v -19.100016 33.749043 42.449009
v -18.900015 34.399044 42.349014
v -18.650015 34.099045 42.399014
v -18.750015 33.799042 42.399014
v -18.400015 33.799042 42.399014
v -18.500015 33.449043 42.399014
v -18.850016 33.449043 42.449009
v -18.600016 33.149044 42.449009
v -18.750015 32.799042 42.449009
v -19.050014 32.799042 42.449009
v -18.950014 33.149044 42.449009
v -18.850016 32.499043 42.449009
v -19.200014 32.499043 42.449009
v -19.550016 32.499043 42.499012
v -19.400015 32.149040 42.449009
v -19.300016 31.799042 42.449009
v -19.600014 31.599041 42.449009
v -19.700014 31.949041 42.449009
v -20.000015 31.749043 42.449009
v -19.850014 31.399042 42.449009
v -20.250015 31.549042 42.449009
v -20.150015 31.199041 42.399014
v -20.550016 31.349043 42.399014
v -20.400015 30.999041 42.399014
v -20.900015 31.499041 42.399014
v -20.650015 31.649042 42.449009
v -20.900015 31.849041 42.399014
v -20.650015 32.049042 42.449009
v -20.650015 32.499043 42.449009
v -20.350016 32.249043 42.449009
v -20.350016 32.699043 42.449009
v -20.650015 32.899044 42.449009
v -20.650015 33.299042 42.449009
v -20.350016 33.099045 42.449009
v -20.250015 33.399040 42.449009
v -19.850014 33.549042 42.449009
v -20.000015 33.199043 42.449009
v -19.600014 33.349045 42.449009
v -19.500015 33.649040 42.449009
v -19.200014 33.449043 42.449009
v -19.300016 33.149044 42.449009
v -19.700014 32.999043 42.449009
v -19.400015 32.799042 42.449009
v -19.800016 32.699043 42.449009
v -19.800016 32.249043 42.449009
v -20.100014 32.499043 42.449009
v -20.100014 32.899044 42.449009
v -20.100014 32.049042 42.449009
v -20.350016 31.849041 42.449009
v -18.900015 29.499041 42.199009
v -24.400019 31.249041 41.199009
v 20.449999 47.499046 42.149014
v 0.649994 47.499046 42.149014
v 20.400007 17.549036 42.199009
v 20.400007 47.299049 42.199009
v 20.400007 47.399052 42.199009
v 20.400007 47.099049 42.199009
v 0.549994 47.099049 42.199009
v 0.549994 17.549036 42.199009
v 20.200003 47.399052 42.199009
v 0.549994 47.399052 42.199009
v 0.549994 47.149052 42.199009
v 20.200003 17.549036 42.199009
v 16.750000 23.099039 47.749012
v 16.750000 37.849045 47.749012
v 16.750000 41.849045 47.749012
v 4.199995 23.099039 47.749012
v 4.199995 27.099039 47.749012
v 4.199995 41.849045 47.749012
v 57.350029 36.349045 27.199005
v -35.050022 30.249041 31.199007
v -35.050022 30.249041 31.149006
v -35.050022 30.199041 31.149006
v -35.100021 30.149040 31.099007
v -35.100021 30.199041 31.099007
v -35.200024 29.999041 30.949007
v -35.200024 29.999041 30.899006
v -35.250023 29.899042 30.849007
v -35.200024 29.949041 30.899006
v -35.250023 29.849041 30.799007
v -35.300022 29.749041 30.699007
v -35.350021 29.749041 6.298994
v -35.350021 29.749041 6.248994
v -35.350021 29.749041 30.649008
v -35.400021 29.649042 30.549004
v -35.450024 29.549042 30.399008
v -35.500023 29.549042 30.399008
v -35.500023 29.499041 30.349007
v -35.500023 29.499041 30.299004
v -35.550022 29.449041 30.249004
v -35.550022 29.449041 30.199007
v -35.600021 29.349041 30.049004
v -35.650021 29.349041 30.049004
v -35.650021 29.349041 29.999004
v -35.650021 29.299042 29.949007
v -35.650021 29.299042 29.899008
v -35.700024 29.299042 29.899008
v -35.750023 29.199041 29.749004
v -35.850021 29.099041 29.299004
v -35.850021 29.099041 29.349005
v -35.850021 29.099041 29.399004
v -35.800022 29.099041 29.449007
v -35.800022 29.149042 27.449005
v -35.850021 29.099041 27.549002
v -35.800022 29.099041 27.499002
v -35.800022 29.149042 29.499004
v -35.800022 29.149042 29.549004
v -35.750023 29.199041 29.699007
v -35.900021 29.049040 29.199007
v -35.900021 28.999041 28.999004
v -35.950020 28.999041 28.849005
v -35.950020 28.999041 28.649004
v -35.950020 28.999041 28.499004
v -35.950020 28.999041 8.648995
v -35.950020 28.999041 28.099005
v -35.950020 28.999041 28.299006
v -35.400021 35.299042 26.399002
v -35.550022 35.499043 26.699005
v -35.500023 35.449043 10.298996
v -35.550022 35.499043 10.248996
v -35.550022 35.499043 10.198996
v -35.600021 35.599045 10.048995
v -35.650021 35.599045 9.998995
v -35.700024 35.649044 9.898996
v -35.650021 35.649044 26.999002
v -35.650021 35.599045 26.949005
v -35.700024 35.649044 27.049002
v -35.600021 35.599045 26.899006
v -35.650021 35.599045 26.899006
v -35.600021 35.549046 26.849003
v -35.600021 35.549046 26.799004
v -35.550022 35.499043 26.749002
v -35.700024 35.699043 27.049002
v -35.750023 35.749043 27.199005
v -35.750023 35.749043 27.249002
v -35.750023 35.749043 9.748995
v -35.850021 35.849045 9.398995
v -35.850021 35.849045 9.348995
v -35.900021 35.899044 9.198996
v -35.400021 35.299042 10.548996
v -35.350021 35.249043 26.349003
v -35.350021 35.199043 26.299004
v -35.350021 35.199043 26.249002
v -35.350021 35.199043 10.648996
v -35.350021 35.199043 10.698997
v -35.250023 35.099045 10.798995
v -35.300022 35.099045 26.199005
v -35.250023 35.099045 26.149004
v -35.250023 35.049042 10.848996
v -35.300022 35.149044 26.199005
v -35.250023 35.049042 10.798995
v -35.200024 34.999043 10.898996
v -35.200024 34.949043 10.948997
v -35.100021 34.799042 11.048996
v -35.050022 34.699043 11.198996
v -35.000023 34.599045 25.699003
v -35.050022 34.649044 11.198996
v -34.950024 34.549042 11.298996
v -34.950024 34.499043 11.298996
v -34.900021 34.399044 11.398996
v -34.900021 34.349045 11.398996
v -34.900021 34.349045 11.448997
v -34.850021 34.199043 11.498996
v -34.800022 34.099045 11.598996
v -34.800022 34.049042 11.598996
v -34.750023 33.999043 11.598996
v -34.800022 34.049042 25.349003
v -34.750023 33.999043 25.349003
v -34.750023 33.899040 11.648996
v -34.750023 33.949043 25.299006
v -34.750023 33.899040 11.698997
v -34.700024 33.749043 11.748997
v -34.700024 33.849045 11.698997
v -34.700024 33.799042 25.249002
v -34.700024 33.749043 25.249002
v -34.700024 33.749043 25.199001
v -34.750023 33.899040 25.299006
v -34.650021 33.649040 25.149004
v -34.700024 33.699043 11.748997
v -34.650021 33.549042 11.798997
v -34.650021 33.499043 11.798997
v -34.600021 33.399040 11.848996
v -34.600021 33.249043 11.898996
v -34.600021 33.349045 11.848996
v -34.600021 33.299042 25.049006
v -34.600021 33.249043 25.049006
v -34.600021 33.199043 11.898996
v -34.600021 33.199043 25.049006
v -34.600021 33.399040 25.099003
v -34.550022 33.099045 25.049006
v -34.550022 32.999043 11.948997
v -34.550022 32.849045 11.948997
v -34.550022 32.799042 11.948997
v -34.550022 32.749043 11.948997
v -34.550022 32.649040 11.948997
v -34.550022 32.699043 24.999002
v -34.550022 32.649040 24.999002
v -34.550022 32.749043 24.999002
v -34.550022 32.799042 24.999002
v -34.550022 32.849045 24.999002
v -34.550022 32.999043 24.999002
v -34.550022 33.049042 24.999002
v -34.550022 32.899044 24.999002
v -34.500023 32.499043 24.999002
v -34.550022 32.449043 24.999002
v -34.550022 32.399040 24.999002
v -34.550022 32.499043 24.999002
v -34.500023 32.449043 24.999002
v -34.550022 32.549042 11.948997
v -34.550022 32.299042 11.948997
v -34.550022 32.299042 24.999002
v -34.550022 32.249043 24.999002
v -34.550022 32.199043 24.999002
v -34.550022 32.199043 11.948997
v -34.550022 32.149040 11.948997
v -34.550022 32.099045 11.948997
v -34.550022 32.099045 24.999002
v -34.550022 32.149040 24.999002
v -34.600021 31.749043 11.898996
v -34.550022 31.899042 24.999002
v -34.550022 31.849041 25.049006
v -34.600021 31.749043 25.049006
v -34.600021 31.699041 25.049006
v -34.600021 31.649042 25.099003
v -34.600021 31.549042 11.848996
v -34.600021 31.699041 11.898996
v -34.550022 31.899042 11.948997
v -34.650021 31.449041 11.798997
v -34.650021 31.399042 11.798997
v -34.650021 31.399042 25.149004
v -34.650021 31.349043 25.149004
v -34.700024 31.249041 11.748997
v -34.700024 31.199041 11.748997
v -34.750023 31.049042 11.648996
v -34.750023 30.949041 11.598996
v -34.750023 30.999041 25.299006
v -34.750023 30.949041 25.349003
v -34.800022 30.899040 11.598996
v -34.800022 30.899040 25.349003
v -34.750023 31.049042 25.299006
v -34.700024 31.199041 25.249002
v -34.700024 31.199041 25.199001
v -34.700024 31.149040 25.249002
v -34.700024 31.099043 11.698997
v -34.700024 31.249041 25.199001
v -34.850021 30.749041 11.498996
v -34.850021 30.699041 11.498996
v -34.850021 30.699041 25.449003
v -34.900021 30.549042 11.398996
v -34.950024 30.499041 11.348996
v -34.950024 30.449041 11.298996
v -34.950024 30.499041 25.599003
v -34.950024 30.499041 5.598994
v -34.950024 30.449041 5.648994
v -34.950024 30.449041 25.649004
v -34.950024 30.399040 11.298996
v -34.900021 30.549042 25.549004
v -35.050022 30.249041 11.198996
v -35.000023 30.349041 25.699003
v -35.050022 30.199041 11.148996
v -35.050022 30.249041 25.749002
v -35.050022 30.249041 25.799004
v -35.050022 30.199041 25.799004
v -35.150021 30.049042 10.998996
v -35.200024 29.999041 25.999002
v -35.200024 29.999041 10.948997
v -35.200024 29.999041 10.898996
v -35.250023 29.849041 10.798995
v -35.200024 29.999041 26.049004
v -35.300022 29.799042 10.748996
v -35.250023 29.899042 26.099003
v -35.300022 29.799042 26.249002
v -35.350021 29.749041 10.698997
v -35.350021 29.749041 10.648996
v -35.400021 29.649042 10.548996
v -35.350021 29.699041 26.349003
v -35.400021 29.649042 26.399002
v -35.400021 29.699041 26.349003
v -35.450024 29.549042 10.398995
v -35.500023 29.549042 10.398995
v -35.500023 29.549042 10.348996
v -35.500023 29.549042 26.599003
v -35.500023 29.499041 26.649006
v -35.500023 29.549042 26.549004
v -35.500023 29.549042 6.598994
v -35.500023 29.549042 6.548995
v -35.450024 29.549042 26.549004
v -35.550022 29.449041 26.699005
v -35.550022 29.449041 10.248996
v -35.550022 29.449041 10.198996
v -35.600021 29.399042 10.098996
v -35.600021 29.349041 10.048995
v -35.600021 29.349041 26.899006
v -35.650021 29.349041 26.899006
v -35.550022 29.449041 26.749002
v -35.650021 29.349041 9.998995
v -35.700024 29.299042 9.898996
v -35.750023 29.199041 9.748995
v -35.750023 29.199041 9.698996
v -35.750023 29.199041 9.648995
v -35.800022 29.149042 9.548995
v -35.800022 29.149042 9.498996
v -35.800022 29.149042 27.399006
v -35.850021 29.099041 9.398995
v -35.850021 29.099041 9.348995
v -35.900021 29.049040 9.198996
v -35.900021 28.999041 8.998995
v -35.950020 28.999041 8.848995
v -35.950020 28.999041 8.498994
v -35.950020 28.999041 8.298995
v -35.950020 28.999041 8.098994
v -35.900021 28.999041 7.948995
v -35.900021 28.999041 7.898994
v -35.900021 29.049040 7.748994
v -35.850021 29.099041 7.548995
v -35.800022 29.149042 7.448994
v -35.800022 29.149042 7.348994
v -35.800022 29.149042 7.398994
v -35.750023 29.199041 7.248994
v -35.750023 29.199041 7.198994
v -35.700024 29.299042 7.048994
v -35.650021 29.349041 6.948994
v -35.550022 29.449041 6.748994
v -35.550022 29.449041 6.698994
v -35.450024 29.549042 6.548995
v -35.400021 29.649042 6.448994
v -35.400021 29.649042 6.398994
v -35.300022 29.799042 6.248994
v -35.200024 29.999041 6.048994
v -35.200024 29.999041 5.998994
v -35.100021 30.149040 5.898994
v -35.100021 30.149040 5.848994
v -35.050022 30.199041 5.798994
v -35.050022 30.249041 5.798994
v -35.050022 30.249041 5.748994
v -35.050022 30.299042 5.748994
v -34.950024 30.399040 5.648994
v -34.900021 30.549042 5.548994
v -34.900021 30.599043 5.548994
v -34.850021 30.699041 5.448994
v -34.850021 30.749041 5.448994
v -34.800022 30.899040 5.348994
v -34.750023 30.949041 5.348994
v -34.750023 31.049042 5.298994
v -35.450024 35.399044 6.548995
v -35.350021 29.699041 30.599007
v -35.850021 29.049040 27.649006
v -35.900021 29.049040 27.749002
v -35.900021 28.999041 27.899006
v -35.900021 28.999041 27.949005
v -35.850021 29.099041 27.649006
v -35.850021 29.099041 27.599005
v -35.750023 29.199041 27.199005
v -35.750023 29.199041 27.249002
v -35.700024 29.249041 27.099005
v -35.700024 29.299042 27.049002
v -35.650021 29.299042 26.999002
v -35.650021 29.349041 26.949005
v -35.450024 29.599041 10.448996
v -35.200024 29.949041 26.099003
v -35.050022 30.299042 25.749002
v -34.900021 30.599043 25.549004
v -34.900021 30.599043 25.499002
v -34.900021 30.649040 25.499002
v -34.850021 30.749041 25.449003
v -34.800022 30.849043 25.399004
v -34.650021 31.449041 25.149004
v -34.600021 31.549042 25.099003
v -34.600021 31.599041 25.099003
v -34.600021 31.499041 11.848996
v -34.650021 31.499041 25.099003
v -34.600021 33.449043 25.099003
v -34.650021 33.499043 25.149004
v -34.650021 33.549042 25.149004
v -34.650021 33.599045 25.149004
v -34.850021 34.199043 25.399004
v -34.900021 34.399044 25.549004
v -34.950024 34.499043 25.649004
v -34.950024 34.449043 25.599003
v -34.950024 34.549042 25.649004
v -35.050022 34.699043 25.749002
v -35.050022 34.699043 25.799004
v -35.100021 34.799042 11.098996
v -35.150021 34.899044 25.949007
v -35.200024 34.999043 26.049004
v -35.400021 35.249043 26.349003
v -35.450024 35.349045 10.448996
v -34.600021 33.399040 5.098994
v -34.600021 33.299042 5.098994
v -34.600021 33.249043 5.048994
v -34.600021 33.199043 5.048994
v -34.550022 33.049042 4.998993
v -34.550022 32.999043 4.998993
v -34.550022 32.849045 4.998993
v -34.550022 32.749043 4.998993
v -34.550022 32.649040 4.998993
v -34.550022 32.499043 4.998993
v -34.500023 32.499043 4.998993
v 61.250023 37.399044 27.199005
v 56.850025 28.999041 28.999004
v 64.250031 29.199041 35.599007
v 64.300026 29.249041 35.699009
v 64.350029 29.349041 35.799007
v 64.450020 29.449041 35.949009
v 64.500015 29.549042 35.999008
v 64.600021 29.649042 36.149010
v 64.200020 29.149042 35.549007
v 64.150024 29.049040 35.499008
v 64.000023 28.949041 35.349007
v 63.950027 28.899042 35.299007
v 63.800022 28.749041 35.199009
v 63.700016 28.649040 35.049007
v 57.250023 36.299042 27.199005
v 64.650017 35.199043 24.699001
v 63.400024 36.499046 27.199005
v 56.450016 35.399044 30.399008
v 47.100018 27.599039 39.849010
v 56.600021 29.349041 9.998995
v 55.900021 30.449041 11.298996
v 55.900021 30.449041 11.348996
v 55.700027 31.049042 11.648996
v 55.600021 31.349043 11.798997
v 55.550026 31.749043 11.898996
v 55.500015 31.899042 11.948997
v 55.500015 32.099045 11.948997
v 55.500015 32.849045 11.948997
v 55.500015 32.999043 11.948997
v 55.500015 33.049042 11.948997
v 55.550026 33.249043 11.898996
v 55.550026 33.399040 11.848996
v 55.650017 33.699043 11.748997
v 56.050022 34.799042 11.098996
v 56.100021 34.849045 25.899004
v 56.100021 34.949043 10.948997
v 56.150017 34.999043 10.898996
v -35.400021 35.249043 30.649008
v 64.350029 35.599045 26.149004
v 63.600021 36.349045 27.199005
v 63.800022 36.199043 27.199005
v 61.000023 37.449043 27.199005
v 56.850025 35.899044 7.748994
v 56.850025 35.949043 7.898994
v 56.850025 35.949043 7.948995
v 56.900021 35.949043 8.098994
v 56.900021 35.949043 8.298995
v 56.850025 35.949043 27.899006
v 56.850025 35.949043 27.949005
v 56.900021 35.949043 28.299006
v 56.900021 35.949043 28.099005
v 56.650017 35.649044 9.898996
v -35.900021 35.899044 22.899004
v -3.350008 18.749035 36.099010
v -25.700018 18.749035 36.099010
v -25.700018 18.749035 24.899004
v -3.350008 18.749035 24.899004
v -4.550010 18.749035 34.999008
v -4.550010 18.749035 33.849007
v -5.550009 18.749035 34.999008
v -4.550010 18.749035 25.999002
v -7.000009 18.749035 25.999002
v -23.550016 18.749035 25.999002
v -22.050016 18.749035 34.999008

usemtl Turquoise_0
f 723 724 725
f 1263 1262 1261
f 1261 1264 1263
f 8472 724 8471
f 8473 8472 8471
f 8472 8473 8474
f 8475 8476 8477
f 8478 8472 8474
f 8479 8478 8474
f 8480 8478 8479
f 8481 8478 8480
f 8482 8478 8481
f 8483 8482 8481
f 8484 8482 8483
f 8485 8482 8484
f 8486 8482 8485
f 8487 8486 8485
f 8488 8486 8487
f 8489 8486 8488
f 8490 8491 8489
f 8486 8489 8491
f 8491 8492 8486
f 8472 8478 8493
f 724 8472 8494
f 8478 8482 8495
f 8496 8497 8492
f 8482 8486 8498
f 8497 8498 8486
f 8499 8500 8501
f 8502 8503 8504
f 8505 8502 8504
f 8506 8507 8508
f 8509 8508 8503
f 8509 8506 8508
f 8510 8511 8512
f 8513 8512 8514
f 8513 8510 8512
f 8515 8516 8517
f 8518 8519 8520
f 8521 8522 8523
f 8524 8523 8525
f 8521 8526 8522
f 8527 8528 8529
f 8510 8530 8511
f 8500 8531 8532
f 8533 8515 8534
f 8516 8535 8517
f 8536 8533 8537
f 8515 8517 8534
f 8538 8536 8539
f 8530 8527 8529
f 8533 8534 8537
f 8531 8538 8540
f 8536 8537 8539
f 8541 8499 8542
f 8538 8539 8540
f 8531 8540 8532
f 8500 8532 8501
f 8501 8542 8499
f 8543 8544 8545
f 8516 8546 8535
f 8543 8547 8544
f 8548 8545 8549
f 8550 8551 8552
f 8550 8552 8553
f 8554 8553 8555
f 8556 8557 8558
f 8556 8558 8559
f 8560 8559 8561
f 8518 8520 8562
f 8563 8564 8565
f 8526 8565 8522
f 8566 8567 8564
f 8563 8566 8564
f 8568 8569 8570
f 8571 8570 8572
f 8571 8568 8570
f 8573 8574 8575
f 8576 8575 8569
f 8576 8573 8575
f 8577 8578 8579
f 8580 8579 8581
f 8580 8577 8579
f 8582 8583 8584
f 8585 8584 8578
f 8585 8582 8584
f 8586 8587 8588
f 8589 8588 8583
f 8589 8586 8588
f 8551 8561 8552
f 8560 8556 8559
f 8551 8560 8561
f 8590 8588 8591
f 8592 8588 8590
f 8587 8591 8588
f 8582 8589 8583
f 8577 8585 8578
f 8573 8593 8574
f 8593 8580 8581
f 8593 8581 8574
f 8568 8576 8569
f 8594 8595 8596
f 8594 8596 8597
f 8527 8598 8528
f 8598 8594 8597
f 8598 8597 8528
f 8595 8599 8596
f 8595 8600 8599
f 8601 8571 8572
f 8600 8602 8599
f 8600 8601 8602
f 8601 8572 8602
f 8567 8603 8564
f 8604 8564 8605
f 8605 8564 8603
f 8526 8563 8565
f 8557 8562 8558
f 8547 8555 8544
f 8557 8518 8562
f 8554 8550 8553
f 8546 8549 8535
f 8547 8554 8555
f 8548 8543 8545
f 8492 8541 8496
f 8546 8548 8549
f 8542 8496 8541
f 8519 8525 8520
f 8530 8529 8511
f 8524 8521 8523
f 8519 8524 8525
f 8506 8606 8507
f 8606 8513 8514
f 8606 8514 8507
f 8502 8509 8503
f 8504 724 8505
f 8494 8505 724
f 8493 8494 8472
f 8495 8493 8478
f 8498 8495 8482
f 8486 8492 8497
f 8497 8607 8498
f 8608 8498 8607
f 8498 8608 8495
f 8609 8495 8608
f 8495 8609 8493
f 8610 8493 8609
f 8493 8610 8494
f 8611 8494 8610
f 8494 8611 8505
f 8612 8505 8611
f 8505 8612 8502
f 8613 8502 8612
f 8502 8613 8509
f 8614 8509 8613
f 8509 8614 8506
f 8615 8506 8614
f 8616 8606 8506
f 8506 8615 8616
f 8513 8617 8618
f 8618 8510 8513
f 8617 8513 8616
f 8606 8616 8513
f 8607 8619 8608
f 8620 8621 8622
f 8608 8623 8609
f 8624 8625 8620
f 8609 8626 8610
f 8627 8616 8628
f 8623 8608 8619
f 8629 8630 8624
f 8610 8631 8611
f 8626 8609 8623
f 8612 8632 8613
f 8631 8610 8626
f 8614 8633 8615
f 8611 8634 8612
f 8615 8628 8616
f 8613 8635 8614
f 8617 8636 8618
f 8628 8615 8633
f 8637 8638 8639
f 8640 8618 8636
f 8641 8642 8643
f 8644 8645 8646
f 8642 8641 8640
f 8647 8648 8649
f 8636 8617 8627
f 8650 8651 8652
f 8653 8652 8651
f 8652 8653 8654
f 8655 8649 8648
f 8656 8657 8655
f 8658 8659 8660
f 8661 8662 8663
f 8663 8664 8658
f 8665 8666 8667
f 8668 8669 8670
f 8630 8629 8607
f 8622 8671 8672
f 8619 8607 8629
f 8659 8658 8664
f 8672 8671 8673
f 8622 8621 8671
f 8673 8671 8674
f 8675 8674 8671
f 8621 8620 8625
f 8676 8667 8666
f 8677 8678 8679
f 8680 8681 8682
f 8682 8683 8676
f 8684 8685 8686
f 8686 8687 8680
f 8688 8689 8690
f 8685 8684 8691
f 8646 8692 8688
f 8643 8693 8644
f 8690 8694 8695
f 8695 8696 8697
f 8697 8691 8684
f 8691 8697 8696
f 8698 8654 8653
f 8699 8660 8659
f 8654 8698 8699
f 8660 8699 8698
f 8638 8637 8665
f 8679 8700 8668
f 8639 8701 8677
f 8700 8679 8678
f 8678 8677 8701
f 8666 8665 8637
f 8701 8639 8638
f 8669 8668 8700
f 8702 8703 8661
f 8704 8670 8669
f 8662 8661 8703
f 8705 8706 8702
f 8703 8702 8706
f 8706 8705 8707
f 8707 8708 8704
f 8708 8707 8705
f 8696 8695 8694
f 8670 8704 8708
f 8694 8690 8689
f 8689 8688 8692
f 8692 8646 8645
f 8645 8644 8693
f 8687 8686 8685
f 8693 8643 8642
f 8681 8680 8687
f 8667 8676 8683
f 8683 8682 8681
f 8633 8614 8635
f 8635 8613 8632
f 8632 8612 8634
f 8634 8611 8631
f 8625 8624 8630
f 8664 8663 8662
f 8648 8647 8650
f 8709 8710 8711
f 8712 8711 8710
f 8713 8714 8715
f 8711 8712 8716
f 8717 8715 8714
f 8718 8719 8713
f 8715 8717 8709
f 8720 8718 8721
f 8724 8725 8721
f 8726 8721 8725
f 8727 8721 8726
f 8720 8721 8727
f 8719 8718 8720
f 8714 8713 8719
f 8710 8709 8717
f 8716 8846 8656
f 8846 8716 8712
f 8657 8656 8846
f 8649 8655 8657
f 8651 8650 8647
f 8618 8640 8641
f 8616 8627 8617
f 8525 8523 8636
f 8636 8627 8525
f 8520 8525 8628
f 8627 8628 8525
f 8523 8522 8636
f 8640 8636 8522
f 8522 8565 8642
f 8642 8640 8522
f 8641 8530 8618
f 8510 8618 8530
f 8530 8641 8527
f 8643 8527 8641
f 8847 8511 8529
f 8529 8848 8847
f 8849 8511 8847
f 8849 8850 8511
f 8850 8512 8511
f 8851 8512 8850
f 8852 8512 8851
f 8512 8852 8854
f 8855 8514 8854
f 8514 8855 8856
f 8853 8854 8852
f 8848 8529 8857
f 8857 8529 8858
f 8859 8528 8860
f 8860 8528 8861
f 8863 8597 8864
f 8879 8572 8880
f 8880 8572 8881
f 8882 8570 8883
f 8883 8570 8884
f 8884 8570 8885
f 8885 8570 8886
f 8886 8570 8887
f 8887 8569 1257
f 8647 1257 8569
f 1257 8647 8888
f 8575 8651 8569
f 8647 8569 8651
f 8648 8650 8889
f 8648 8889 8890
f 8891 8892 8890
f 8648 8890 8892
f 8893 8648 8892
f 8648 8893 8894
f 8655 8648 8894
f 8655 8894 8895
f 8655 8895 8896
f 8655 8896 8897
f 8655 8897 8898
f 8656 8655 8898
f 8656 8898 8899
f 8900 8901 8899
f 8716 8904 8905
f 8726 8907 8908
f 8711 8906 8909
f 8711 8909 8910
f 8711 8910 8911
f 8709 8711 8911
f 8709 8911 8912
f 8709 8912 8913
f 8715 8916 8917
f 8715 8917 8918
f 8715 8918 8919
f 8713 8715 8919
f 8721 8920 8921
f 8919 8922 8713
f 8713 8923 8924
f 8718 8713 8924
f 8718 8924 3053
f 8718 3053 3055
f 8718 3055 8925
f 8718 8925 8926
f 8920 8718 8926
f 8721 8718 8920
f 8721 8927 8928
f 8724 8721 8928
f 8724 8928 8929
f 8930 8724 8929
f 8931 8724 8930
f 8725 8932 8933
f 8725 8933 8934
f 8725 8934 8935
f 8726 8725 8935
f 8726 8935 8907
f 8936 8908 8907
f 8938 8726 8937
f 8726 8939 8937
f 8726 8908 8939
f 8727 8726 8938
f 8727 8941 8942
f 8727 8942 8943
f 8720 8727 8943
f 8720 8943 8944
f 8720 8944 8946
f 8947 8720 8946
f 8720 8947 8948
f 8719 8720 8948
f 8719 8948 8949
f 8950 8951 8952
f 8719 8953 8954
f 8719 8954 8955
f 8714 8719 8955
f 8957 8714 8956
f 8956 8714 8958
f 8714 8957 8959
f 8714 8959 8960
f 8714 8960 8961
f 8717 8714 8961
f 8962 2300 8963
f 8961 8964 8717
f 8717 8965 8966
f 8717 8966 8967
f 8710 8717 8967
f 8968 8710 8967
f 8710 8969 8970
f 8710 8970 8971
f 8710 8971 8972
f 8973 8974 8710
f 8712 8710 8974
f 8712 8974 8975
f 8712 8975 8976
f 8654 8977 8978
f 8979 8980 8976
f 8712 8976 8980
f 8712 8984 8983
f 8712 8983 3079
f 8712 3079 8985
f 8846 8712 8985
f 8602 8986 8870
f 8987 8988 8989
f 8871 8870 8986
f 8990 8989 8988
f 8985 8991 8846
f 8846 8992 8993
f 8846 8993 8994
f 8657 8846 8994
f 8657 8994 8995
f 8657 8995 8996
f 8657 8996 8997
f 8572 8875 8998
f 8999 9000 8997
f 8657 9000 9001
f 8657 9001 9002
f 8657 9002 9003
f 8649 8657 9003
f 8649 9003 9004
f 9005 9006 9004
f 9007 9006 9005
f 9008 9009 9010
f 8649 9012 9013
f 8649 9013 9014
f 8649 9014 9015
f 8649 9015 9016
f 8649 9016 9017
f 8649 9017 9018
f 8888 8649 9018
f 8647 8649 8888
f 1258 1257 1265
f 1265 1257 9019
f 9019 1257 9020
f 9020 1257 9021
f 9021 1257 9022
f 8888 9022 1257
f 9012 8649 9011
f 9024 2000 9009
f 9011 8649 9006
f 8649 9004 9006
f 8657 8997 9000
f 8846 8991 8992
f 8711 8716 8906
f 8906 8716 8905
f 8982 8984 8712
f 8710 8968 8969
f 8715 8709 8915
f 8709 8914 8915
f 8717 8964 8965
f 8714 8955 8958
f 8949 8953 8719
f 8945 8946 8944
f 8727 8940 8941
f 8940 8727 8938
f 8725 8724 8932
f 8724 8931 8932
f 8721 8921 8927
f 8923 8713 8922
f 8715 8915 8916
f 8914 8709 8913
f 8716 8656 8904
f 8656 8902 8904
f 8656 8903 8902
f 8656 8901 8903
f 8656 8899 8901
f 8650 10544 10543
f 8650 10545 10544
f 8650 10547 10545
f 8650 10546 10547
f 8650 8652 10546
f 8652 10548 3536
f 10549 10548 10551
f 8652 10551 10548
f 8652 10550 10551
f 8652 8654 10550
f 8654 10552 10550
f 10554 8536 10555
f 10559 8699 10560
f 8659 10567 10565
f 8659 10565 10564
f 10566 10565 10567
f 8664 10570 10569
f 8659 8664 10569
f 8659 10569 10568
f 8664 8662 10571
f 8664 10571 10572
f 8664 10573 10574
f 10578 10579 10574
f 8664 10574 10579
f 10580 8664 10579
f 8664 10580 10570
f 8662 10582 10581
f 8662 10584 10583
f 8662 10585 10584
f 10586 10587 8662
f 10585 8662 10588
f 8987 8989 10589
f 10591 10590 8988
f 10591 8988 8987
f 10596 10597 10595
f 10595 10597 10598
f 10601 10600 10594
f 10592 10594 10600
f 10602 10592 10600
f 10591 10603 10604
f 10591 10592 10603
f 10602 10603 10592
f 10601 10594 10598
f 10599 10597 10596
f 10599 10596 10605
f 10605 10596 10606
f 10606 10596 10607
f 10607 10596 10608
f 10609 9009 9008
f 10610 9009 10609
f 9009 10610 9023
f 10610 10611 9023
f 9023 10611 1263
f 10611 1262 1263
f 9010 9009 2000
f 10608 9010 2000
f 1999 10608 2000
f 10608 1999 10607
f 10594 10595 10598
f 10592 10593 10594
f 10614 10615 10613
f 10616 10612 10613
f 10618 10617 10615
f 10619 10620 10621
f 10619 10621 10618
f 10622 10619 10618
f 10621 10623 10618
f 10628 10629 10627
f 10637 10639 10638
f 10638 10639 10640
f 10641 10638 10640
f 10642 10641 10640
f 10645 10646 10644
f 10647 10648 10646
f 10644 10646 10648
f 10645 10642 10649
f 10644 10648 10650
f 10650 10651 10644
f 10655 10656 10657
f 10655 10657 10658
f 10659 10655 10658
f 10662 10659 10660
f 10667 10668 10669
f 10666 10671 10670
f 10670 10667 10666
f 10665 10671 10666
f 10665 10672 10671
f 10663 10674 10673
f 10674 10663 10662
f 10673 10664 10663
f 10664 10673 10675
f 10665 10664 10675
f 10665 10675 10672
f 10668 10667 10670
f 10679 10681 10669
f 10667 10669 10681
f 2356 2357 10676
f 10680 2356 10676
f 10682 10678 10683
f 10686 10684 10685
f 10685 10687 10686
f 2356 10678 10682
f 10688 8476 8475
f 10687 10690 10689
f 10687 10689 8476
f 10691 8475 8477
f 10692 10691 8477
f 10696 10697 10695
f 10695 10697 10698
f 10691 10694 10695
f 10691 10695 10698
f 10701 10702 10703
f 10701 10703 10704
f 10706 10708 10707
f 10707 10708 10709
f 10710 10707 10709
f 10711 10710 10709
f 10715 10716 10713
f 10705 10714 10716
f 10713 10716 10714
f 10706 10716 10708
f 10716 10715 10712
f 10714 10704 10717
f 10716 10712 10708
f 10718 10710 10711
f 10719 10718 10720
f 10722 10724 10723
f 8499 10725 10726
f 10723 10724 10727
f 10728 10723 10727
f 10728 10727 2423
f 2423 10730 10728
f 10731 10730 2423
f 10730 10733 10732
f 10732 10734 10735
f 2460 10732 10735
f 2445 2460 10735
f 10736 2460 2445
f 2444 10736 2445
f 10737 10736 2444
f 10736 10737 10738
f 10737 10740 10738
f 10741 10740 10737
f 10739 10738 10740
f 10740 10743 10742
f 10742 10743 2443
f 2442 10742 2443
f 10745 10744 2430
f 10746 10745 10747
f 10748 10747 2429
f 2429 10747 2430
f 10748 10750 10747
f 10754 10755 10756
f 10752 10756 10755
f 10757 8533 10758
f 10761 10755 10760
f 10753 10755 10761
f 10764 10765 10766
f 10763 10767 10765
f 10767 10763 10760
f 10764 10766 10768
f 10773 10775 10776
f 10774 10773 10776
f 10577 10776 10575
f 10577 10576 10776
f 10778 10777 10776
f 8662 10781 10586
f 8662 8516 10781
f 10782 10781 8516
f 10782 8516 10783
f 10783 8516 10784
f 10784 8516 10785
f 10785 8516 10786
f 10786 8516 10787
f 10787 8516 10788
f 8515 10789 8516
f 10788 8516 10790
f 10790 8516 10789
f 10789 8515 10791
f 8515 10792 10791
f 10792 8515 10793
f 10793 8515 10794
f 8515 8533 10794
f 8533 2250 10794
f 2251 2250 8533
f 2251 8533 10795
f 10795 8533 10796
f 10796 8533 10757
f 8536 10758 8533
f 10797 10758 8536
f 10797 8536 10798
f 10798 8536 10799
f 10799 8536 10554
f 8538 10555 8536
f 8538 10800 10555
f 10800 8538 2241
f 2241 8538 2242
f 2242 8538 10801
f 8531 10802 8538
f 10801 8538 10802
f 10802 8531 10803
f 10803 8531 10804
f 10804 8531 10805
f 10805 8531 8500
f 10805 8500 10806
f 10806 8500 10807
f 10807 8500 10808
f 10808 8500 10809
f 10809 8500 10726
f 10726 8500 8499
f 10725 8499 10810
f 10810 8499 10811
f 10811 8499 10812
f 10812 8499 8541
f 10812 8541 10813
f 10813 8541 10814
f 10814 8541 10815
f 8541 8492 10815
f 8492 10816 10815
f 8542 8625 8496
f 8630 8496 8625
f 8496 8630 8497
f 8607 8497 8630
f 8624 8549 8629
f 8545 8629 8549
f 8620 8535 8549
f 8549 8624 8620
f 8544 8619 8629
f 8629 8545 8544
f 8619 8544 8623
f 8555 8623 8544
f 8552 8631 8553
f 8626 8553 8631
f 8623 8555 8553
f 8553 8626 8623
f 8631 8552 8634
f 8561 8634 8552
f 8634 8561 8559
f 8559 8632 8634
f 8559 8558 8635
f 8635 8632 8559
f 8558 8562 8633
f 8633 8635 8558
f 8665 8667 8518
f 8518 8557 8665
f 8667 8683 8519
f 8519 8518 8667
f 8524 8519 8683
f 8683 8681 8524
f 8521 8524 8687
f 8681 8687 8524
f 8526 8521 8687
f 8687 8685 8526
f 8563 8526 8691
f 8685 8691 8526
f 8693 8642 8565
f 8565 8564 8693
f 8564 8604 8693
f 8645 8693 8604
f 8604 8605 8692
f 8692 8645 8604
f 8605 8603 8689
f 8689 8692 8605
f 8696 8694 8567
f 8567 8566 8696
f 8600 8690 8601
f 8695 8601 8690
f 8601 8695 8571
f 8697 8571 8695
f 8690 8595 8688
f 8595 8690 8600
f 8594 8646 8595
f 8688 8595 8646
f 8598 8644 8594
f 8646 8594 8644
f 8644 8527 8643
f 8527 8644 8598
f 8866 8597 8596
f 8866 8596 8867
f 8865 8597 8866
f 2148 8596 8599
f 8599 8602 10817
f 8869 8599 10817
f 8868 8599 8869
f 10817 8602 8870
f 8998 8602 8572
f 8874 8602 8998
f 8571 8697 8568
f 8684 8568 8697
f 8568 8684 8576
f 8686 8576 8684
f 8680 8576 8686
f 8576 8680 8573
f 8573 8680 8593
f 8682 8593 8680
f 8593 8682 8580
f 8676 8580 8682
f 8580 8676 8577
f 8666 8577 8676
f 8577 8666 8585
f 8637 8585 8666
f 8585 8637 8582
f 8639 8582 8637
f 8582 8639 8589
f 8677 8589 8639
f 8589 8677 8586
f 8679 8586 8677
f 8586 8679 8587
f 8668 8587 8679
f 8587 8668 8591
f 8670 8591 8668
f 8591 8708 8590
f 8708 8591 8670
f 8547 8543 8704
f 8707 8704 8543
f 8543 8548 8707
f 8706 8707 8548
f 8548 8546 8706
f 8703 8706 8546
f 8546 8516 8662
f 8662 8703 8546
f 8588 8702 8583
f 8661 8583 8702
f 8583 8661 8584
f 8663 8584 8661
f 8592 8705 8588
f 8702 8588 8705
f 8590 8708 8592
f 8705 8592 8708
f 8554 8547 8704
f 8704 8669 8554
f 8550 8554 8669
f 8669 8700 8550
f 8700 8678 8551
f 8551 8550 8700
f 8560 8551 8701
f 8678 8701 8551
f 8701 8638 8556
f 8556 8560 8701
f 8557 8556 8665
f 8638 8665 8556
f 8658 8584 8663
f 8584 8658 8578
f 8578 8658 8579
f 8660 8579 8658
f 8579 8698 8581
f 8698 8579 8660
f 8654 8699 10818
f 8654 10818 8977
f 10556 8978 8977
f 8699 10557 10818
f 8581 8698 8574
f 8653 8574 8698
f 8574 8653 8575
f 8651 8575 8653
f 8699 8659 10561
f 8566 8563 8691
f 8691 8696 8566
f 8694 8689 8603
f 8603 8567 8694
f 8562 8520 8628
f 8628 8633 8562
f 8535 8620 8517
f 8622 8517 8620
f 8672 8534 8517
f 8517 8622 8672
f 8534 8672 8537
f 8673 8537 8672
f 8674 8539 8537
f 8537 8673 8674
f 8539 8674 8540
f 8675 8540 8674
f 8540 8675 8532
f 8671 8532 8675
f 8532 8671 8501
f 8621 8501 8671
f 8625 8542 8501
f 8501 8621 8625
f 10588 8662 10587
f 10586 10780 10819
f 10586 10819 10820
f 10821 10586 10820
f 10822 10586 10821
f 10587 10586 10822
f 10823 10819 10780
f 10823 10780 10779
f 10824 10823 10779
f 10779 10778 10824
f 10824 10778 10576
f 10576 10778 10776
f 10575 10776 10775
f 10772 10775 10773
f 10772 10825 10775
f 10826 10775 10825
f 10772 10827 10825
f 10772 10771 10827
f 10828 10827 10770
f 10828 10770 10769
f 10769 10829 10828
f 10829 10769 10830
f 10770 10827 10771
f 10768 10766 10769
f 10830 10769 10766
f 10764 10763 10765
f 10761 10763 10762
f 10760 10763 10761
f 10753 10752 10755
f 10751 10756 10752
f 10751 10759 10756
f 10831 10759 10751
f 10831 10749 10759
f 10747 10750 10831
f 10831 10750 10749
f 10745 2430 10747
f 10742 10744 10745
f 2442 10744 10742
f 10832 10743 10740
f 10832 10740 10741
f 2460 10736 2459
f 10733 10730 10833
f 10734 10732 10733
f 10730 10731 10833
f 10724 10722 10729
f 10729 10722 10834
f 10720 10718 10837
f 10718 10838 10837
f 10720 10721 10719
f 10721 10720 10836
f 10836 10835 10721
f 10721 10835 10722
f 10722 10835 10834
f 10838 10718 10711
f 10714 10705 10704
f 10704 10703 10717
f 10841 10842 10697
f 10840 10842 10841
f 10840 10843 10842
f 10842 10843 10700
f 10700 10843 10839
f 10839 10701 10700
f 10702 10701 10839
f 10696 10841 10697
f 10691 10693 10694
f 10693 10691 10692
f 10691 10699 8475
f 10688 10687 8476
f 10690 10687 10685
f 10682 10684 10686
f 10683 10684 10682
f 10680 10677 2356
f 10678 2356 10677
f 10681 10679 2357
f 10679 10676 2357
f 10663 10659 10662
f 10658 10660 10659
f 10661 10657 10656
f 10846 10652 10847
f 10652 10651 10847
f 10653 10652 10846
f 10653 10846 10845
f 10845 10654 10653
f 10844 10654 10845
f 10654 10844 10661
f 10661 10656 10654
f 10651 10650 10847
f 10645 10649 10646
f 10643 10642 10645
f 10643 10641 10642
f 8951 10634 10849
f 10851 10849 10633
f 10632 10851 10633
f 10850 10632 10631
f 10632 10850 10851
f 10850 10630 10852
f 10630 10628 10852
f 10630 10629 10628
f 10634 8951 8950
f 8950 8952 10635
f 8952 10848 10635
f 10848 10639 10636
f 10636 10639 10637
f 10636 10635 10848
f 10849 10634 10633
f 10630 10850 10631
f 10627 10853 10628
f 10627 8963 10853
f 8962 10855 2300
f 10855 10856 2300
f 10855 2306 10856
f 10855 10625 2306
f 10625 10624 10857
f 2306 10625 10857
f 10624 10621 10857
f 2301 2300 10856
f 10854 10853 8963
f 10627 8962 8963
f 10855 10626 10625
f 10620 10857 10621
f 10622 10618 10615
f 10617 10613 10615
f 10616 10613 10617
f 10612 10858 10613
f 10858 10612 10859
f 10859 10589 10858
f 10859 8987 10589
f 10590 10591 10604
f 8662 10583 10582
f 8664 10572 10573
f 8662 10581 10571
f 10568 10567 8659
f 8659 10564 10563
f 10562 8659 10563
f 10561 8659 10562
f 8699 10561 10560
f 8699 10559 10558
f 8699 10558 10557
f 10553 8654 8978
f 8654 10553 10552
f 8652 3536 10546
f 8650 10543 8889
f 8570 8569 8887
f 8881 8570 8882
f 8572 8570 8881
f 8878 8572 8879
f 8877 8572 8878
f 8876 8572 8877
f 8875 8572 8876
f 8873 8602 8874
f 8872 8602 8873
f 8986 8602 8872
f 2148 8599 8868
f 2147 8596 2148
f 8867 8596 2147
f 8864 8597 8865
f 8597 8863 8862
f 8597 8862 8861
f 8528 8597 8861
f 8528 8859 8858
f 8529 8528 8858
f 8514 8512 8854
f 8507 8514 8856
f 10860 8507 8856
f 10861 8507 10860
f 10862 8507 10861
f 8507 10862 10863
f 8508 8507 10863
f 10864 8508 10863
f 8508 10864 10865
f 8503 8508 10865
f 10866 8503 10865
f 10867 8503 10866
f 10867 8504 8503
f 10868 8504 10867
f 10869 8504 10868
f 10869 10870 8504
f 10870 724 8504
f 725 724 10870
f 10816 8492 8491
f 8980 8982 8712
f 8972 8973 8710
f 1260 1265 1264
f 1259 10923 1260
f 1265 1260 10923
f 1261 1260 1264
f 1259 1265 10923
f 1259 1258 1265
f 724 723 8471

usemtl Turquoise_0
f 726 723 725
f 1257 763 762
f 1258 764 763
f 1258 1259 764
f 764 1259 765
f 765 1259 1241
f 1241 1259 1260
f 768 1261 766
f 1261 1262 766
f 1775 1776 1976
f 1977 1976 1776
f 1981 1980 1381
f 1981 1381 1380
f 1982 1981 1380
f 1982 1380 1389
f 1983 1982 1389
f 1983 1389 1388
f 1942 2002 2001
f 1385 1991 1990
f 1386 1385 1990
f 2132 1386 1990
f 1386 2132 1384
f 2133 1384 2132
f 2133 2137 1426
f 1423 1426 2137
f 1422 1423 2138
f 2138 2139 1422
f 1424 1422 2139
f 2139 2140 1424
f 1425 1424 2140
f 2142 1430 2143
f 1430 1940 2143
f 2140 2143 1940
f 2140 1940 1425
f 2144 1431 2141
f 2144 2146 1433
f 1432 1433 2146
f 1002 2147 2148
f 2145 2149 1432
f 2146 2145 1432
f 2147 1002 1001
f 1435 1432 2149
f 2150 1435 2149
f 1434 2151 1939
f 1439 1939 2151
f 1439 2151 2152
f 1438 1439 2152
f 1438 2152 2153
f 1827 1438 2153
f 1827 2153 2164
f 1441 1827 2164
f 1441 2164 2154
f 2165 1442 2166
f 1443 1442 2165
f 1443 2165 2167
f 1938 1447 2168
f 1444 1446 2169
f 1446 1445 2170
f 1446 2170 2169
f 2174 1938 2168
f 1937 1451 2175
f 2174 2175 1451
f 2176 1937 2175
f 1450 1937 2176
f 2176 2177 1450
f 1449 1450 2177
f 2181 1449 2177
f 1376 1449 2181
f 1375 1376 2181
f 1452 1935 2182
f 2181 2183 1375
f 1935 1375 2183
f 2188 2184 1458
f 1459 1458 2184
f 1936 1452 2189
f 2189 1452 2182
f 1458 1936 2188
f 2189 2188 1936
f 2184 2190 1459
f 1838 1459 2190
f 2190 1460 1838
f 1460 2190 2191
f 1461 1460 2191
f 2192 1461 2191
f 2193 1462 2192
f 1464 1463 2193
f 2194 1464 2193
f 1465 2194 2195
f 1466 1465 2195
f 2199 1466 2195
f 1467 1466 2199
f 1470 1467 2200
f 2201 1473 2202
f 2200 2202 1491
f 1491 2202 1473
f 1473 2201 2207
f 2207 1474 1473
f 1474 2207 2208
f 2208 1934 1474
f 2208 2209 1934
f 2209 1808 1934
f 2210 1477 1808
f 2210 2211 1477
f 2211 1478 1477
f 2211 2212 1478
f 2212 1479 1478
f 2212 2213 1479
f 2213 1480 1479
f 2213 2214 1480
f 2214 2215 1480
f 2215 1866 1480
f 2215 1811 1866
f 2215 2216 1811
f 2216 1812 1811
f 1812 2216 2217
f 2217 1933 1812
f 1933 2218 1483
f 2218 1484 1483
f 2218 2219 1484
f 2219 1877 1484
f 2220 1487 2221
f 1877 2221 1487
f 1488 1487 2222
f 2222 2223 1488
f 2223 1932 1488
f 2223 1931 1932
f 2223 2224 1931
f 2224 1930 1931
f 2225 1929 1930
f 2226 2227 1929
f 2227 1928 1929
f 1928 2227 2228
f 2228 1489 1928
f 2228 1481 1489
f 1481 2228 2229
f 2229 1482 1481
f 2230 1490 1482
f 2230 2231 1490
f 2231 1468 1490
f 1469 1468 2232
f 2233 1469 2232
f 2233 2234 1469
f 1492 1469 2234
f 2238 1492 2234
f 2239 1809 2240
f 1927 2240 1809
f 2240 1927 2238
f 1215 2241 2242
f 1927 1492 2238
f 1495 1809 2239
f 2243 1495 2239
f 2244 1496 2243
f 2245 1493 2244
f 1496 2244 1493
f 2246 1493 2245
f 1494 1493 2246
f 2247 1494 2246
f 1497 1494 2247
f 2248 1498 2247
f 1926 1498 2248
f 2249 1926 2248
f 1227 2250 2251
f 1500 1499 2249
f 2252 1500 2249
f 2253 1925 2252
f 2253 1501 1925
f 2255 1502 2254
f 1502 2255 1503
f 2256 1924 2255
f 1923 1924 2256
f 2257 1923 2256
f 1504 1810 2259
f 2258 1504 2259
f 2263 1475 2258
f 2263 1476 1475
f 2264 1917 2263
f 2265 1918 2264
f 1508 1918 2265
f 2266 1508 2265
f 1507 1508 2266
f 2267 1922 2266
f 1510 1922 2267
f 2268 1510 2267
f 2269 1509 2268
f 1509 1510 2268
f 2271 1509 2269
f 2275 1802 1374
f 1803 1802 2277
f 1804 2283 2281
f 2283 1804 1806
f 2283 1806 1805
f 2277 2279 1805
f 2277 1805 1803
f 1805 2279 2283
f 2284 2277 1802
f 2275 2284 1802
f 2276 2275 1374
f 2276 1374 1513
f 2290 2288 1815
f 2291 2290 1816
f 2319 1830 2323
f 2180 1833 2325
f 2336 1840 2337
f 2203 1457 2204
f 1457 2203 1456
f 2356 990 2357
f 990 2356 988
f 2369 2362 1855
f 2382 1862 2384
f 2387 2386 1865
f 2395 2394 1870
f 2400 2399 1872
f 2399 2395 1871
f 2403 2402 1874
f 2410 2404 1878
f 2408 2410 1879
f 2416 2415 1881
f 2417 2416 1882
f 2418 2417 1882
f 2440 2438 1486
f 2457 1893 1894
f 1893 2457 1892
f 2459 964 963
f 963 2460 2459
f 1894 2458 2457
f 2467 2463 1897
f 2468 2467 1899
f 2488 2484 1910
f 2487 2488 1911
f 2489 2487 1912
f 3441 2497 1916
f 3441 1916 1919
f 1919 3442 3441
f 3442 1920 3443
f 2271 3443 1921
f 8471 723 731
f 1186 8471 731
f 8473 8471 1186
f 8474 8473 1198
f 1197 8479 8474
f 8480 8479 1199
f 8481 8480 1194
f 939 8483 8481
f 8484 8483 938
f 8485 8484 1195
f 8487 8485 1200
f 8488 8487 1201
f 942 8489 8488
f 1184 8847 8848
f 1183 1185 8847
f 1185 8849 8847
f 1185 1255 8849
f 1255 739 8849
f 738 8851 8850
f 739 738 8850
f 738 737 8851
f 8852 8851 8853
f 737 8853 8851
f 737 743 8853
f 743 8854 8853
f 742 8855 8854
f 907 989 8855
f 989 8856 8855
f 743 742 8854
f 739 8850 8849
f 1184 1183 8847
f 1000 8848 8857
f 876 8857 8858
f 874 876 8858
f 874 8858 8859
f 861 875 8859
f 861 8859 8860
f 860 8860 8861
f 748 860 8861
f 748 8861 8862
f 747 748 8862
f 747 8862 8863
f 746 747 8863
f 746 8863 8864
f 744 746 8864
f 745 744 8864
f 745 8864 8865
f 8866 1244 1256
f 8866 8867 1244
f 1001 1244 8867
f 1001 8867 2147
f 2148 777 1002
f 777 2148 8868
f 775 777 8868
f 776 775 8869
f 776 8869 8870
f 1177 8870 8871
f 8870 1177 776
f 8871 1178 1177
f 8871 855 1178
f 8871 8872 855
f 8872 752 855
f 752 8872 8873
f 8873 753 752
f 753 8873 8874
f 8875 760 1009
f 760 8875 8876
f 8876 758 760
f 8877 759 758
f 759 8877 8878
f 8878 1243 759
f 1243 8878 8879
f 750 1243 8880
f 8879 8880 1243
f 751 8880 8881
f 896 751 8881
f 896 8881 8882
f 754 8882 8883
f 755 754 8883
f 755 8883 8884
f 8884 756 755
f 756 8884 8885
f 757 756 8885
f 757 8885 8886
f 8886 761 1242
f 761 8886 8887
f 8886 1242 757
f 762 761 8887
f 762 8887 1257
f 10592 10591 8987
f 786 10592 8987
f 785 10593 10592
f 10593 785 790
f 790 10594 10593
f 780 10594 790
f 10595 10594 780
f 1021 10595 780
f 10596 810 809
f 10596 1021 810
f 1021 10596 10595
f 9010 10608 808
f 9010 808 1014
f 9010 1014 1008
f 1008 9008 9010
f 1007 10609 9008
f 10610 898 897
f 898 10610 10609
f 1262 10611 767
f 767 10611 897
f 10611 10610 897
f 10609 1007 898
f 1007 9008 1008
f 10608 809 808
f 10608 10596 809
f 8987 993 786
f 8987 10612 993
f 10612 1004 993
f 10612 10616 1003
f 1004 10612 1003
f 1003 10616 869
f 10616 10617 869
f 10618 10623 873
f 10618 873 872
f 870 10618 872
f 873 10623 871
f 10623 10624 871
f 10625 10626 871
f 862 871 10626
f 867 863 8962
f 10627 867 8962
f 868 10627 10629
f 877 868 10629
f 878 877 10630
f 10630 10631 878
f 769 878 10631
f 770 769 10632
f 770 10632 10633
f 770 10633 879
f 879 10633 10634
f 879 10634 880
f 883 880 8950
f 864 883 10635
f 864 10635 10636
f 865 864 10636
f 866 865 10637
f 10638 866 10637
f 882 10641 10643
f 882 10643 886
f 10644 886 10643
f 10643 10645 10644
f 887 10644 10651
f 887 10651 884
f 10651 10652 884
f 885 884 10652
f 885 10652 10653
f 888 885 10653
f 995 888 10654
f 10655 995 10654
f 10654 10656 10655
f 10663 994 10659
f 994 996 10659
f 902 901 10664
f 902 10664 903
f 10664 10665 903
f 904 903 10666
f 992 904 10667
f 10667 10681 2357
f 10667 2357 992
f 10666 903 10665
f 10688 906 10687
f 10686 10687 906
f 10686 906 905
f 10682 10686 905
f 2356 10682 988
f 10682 905 988
f 10688 909 908
f 8475 985 909
f 10688 8475 909
f 10698 10697 980
f 10698 980 981
f 10691 10698 981
f 10691 981 984
f 10699 10691 984
f 10699 984 985
f 10699 985 8475
f 10697 10700 910
f 10700 911 910
f 10701 979 911
f 10701 10704 979
f 10704 10705 912
f 10705 913 912
f 10705 918 913
f 10706 978 918
f 10707 974 978
f 10706 10707 978
f 10716 10706 10705
f 10718 971 972
f 10719 919 971
f 10719 971 10718
f 10719 10721 919
f 10721 791 919
f 10721 10722 791
f 10722 792 791
f 10723 967 792
f 10722 10723 792
f 10730 965 966
f 10730 966 10728
f 967 10728 966
f 10732 962 965
f 10730 10732 965
f 10736 10738 960
f 10736 960 961
f 2459 10736 961
f 2459 961 964
f 2460 963 962
f 1890 2449 2447
f 10739 958 959
f 10738 10739 959
f 10739 10740 958
f 10740 957 958
f 10742 956 957
f 10740 10742 957
f 10745 954 956
f 10742 10745 956
f 1896 2463 2461
f 10746 734 954
f 954 10745 10746
f 10747 735 734
f 10746 10747 734
f 10751 953 735
f 10752 10753 10751
f 953 10751 10753
f 10753 10761 952
f 10753 952 953
f 10761 10762 927
f 10762 928 927
f 10763 951 928
f 10762 10763 928
f 10763 10764 951
f 10764 950 951
f 10764 10768 950
f 10768 10769 929
f 10769 930 929
f 10770 931 930
f 10771 932 931
f 931 10770 10771
f 10772 949 932
f 10771 10772 932
f 10772 10773 949
f 10773 948 949
f 10774 947 948
f 10773 10774 948
f 944 10776 10777
f 10777 943 944
f 10777 10778 943
f 10779 933 940
f 10778 10779 940
f 10780 933 10779
f 10780 934 933
f 10586 937 934
f 10586 935 937
f 10781 936 935
f 10586 10781 935
f 10782 1236 1189
f 1234 10782 10783
f 1235 10783 10784
f 1190 10784 10785
f 10785 10786 1191
f 1231 10786 10787
f 1232 10787 10788
f 10792 1233 10791
f 10792 10793 1228
f 1224 10793 10794
f 2250 1225 10794
f 10795 1226 2251
f 10796 1193 1192
f 1192 10795 10796
f 10757 1193 10796
f 10799 1221 10798
f 10554 1222 10799
f 1218 10555 10800
f 2241 1217 10800
f 916 2242 10801
f 10803 10804 1187
f 10804 10805 1188
f 10805 10806 1210
f 10806 10807 914
f 10807 10808 915
f 10808 10809 1211
f 10809 10726 1209
f 10726 10725 1208
f 10725 10810 1206
f 10810 10811 1207
f 945 10811 10812
f 946 945 10812
f 10812 10813 946
f 1205 10813 10814
f 1203 10814 10815
f 10815 10816 982
f 1256 8865 8866
f 8865 1256 745
f 775 8868 8869
f 1009 8998 8875
f 8998 1009 1010
f 1010 8874 8998
f 8874 1010 753
f 1214 10802 10803
f 10802 917 10801
f 1219 10554 10555
f 10555 1218 1219
f 10758 10797 10798
f 1220 10758 10798
f 10758 1220 1223
f 1223 10757 10758
f 10790 10789 10791
f 10791 1230 10790
f 1229 10788 10790
f 10781 10782 936
f 10780 10586 934
f 10778 940 943
f 10776 944 947
f 10774 10776 947
f 10769 10770 930
f 10768 929 950
f 10761 927 952
f 10831 10751 10747
f 10747 10751 735
f 10738 959 960
f 10732 2460 962
f 10723 10728 967
f 10710 972 973
f 10710 973 974
f 10710 10718 972
f 10707 10710 974
f 10705 10706 918
f 10704 912 979
f 10700 10701 911
f 10842 10700 10697
f 10697 910 980
f 10688 908 906
f 990 992 2357
f 904 10666 10667
f 901 10663 10664
f 901 994 10663
f 10659 996 10655
f 996 995 10655
f 888 10653 10654
f 887 886 10644
f 882 881 10641
f 881 10638 10641
f 881 866 10638
f 10636 10637 865
f 10635 883 8950
f 8950 880 10634
f 769 10631 10632
f 877 10629 10630
f 868 867 10627
f 863 10855 8962
f 10855 863 862
f 862 10626 10855
f 871 10624 10625
f 10623 10621 10624
f 10617 10618 870
f 869 10617 870
f 8987 10859 10612
f 785 10592 786
f 758 8876 8877
f 8986 8872 8871
f 10817 8870 8869
f 860 861 8860
f 875 874 8859
f 876 1000 8857
f 890 10860 8856
f 889 10861 10860
f 1248 10862 10861
f 1249 10864 10863
f 1246 10865 10864
f 1247 10863 10862
f 1245 10866 10865
f 991 10867 10866
f 892 10868 10867
f 1250 10869 10868
f 10869 1250 10870
f 726 725 10870
f 983 10816 8491
f 1204 8491 8490
f 8490 8489 941
f 1196 8473 1186
f 1198 8473 1196
f 1197 8474 1198
f 1197 1199 8479
f 1194 8480 1199
f 939 8481 1194
f 938 8483 939
f 1195 8484 938
f 1200 8485 1195
f 1201 8487 1200
f 942 8488 1201
f 8489 942 941
f 1204 8490 941
f 983 8491 1204
f 982 10816 983
f 1203 10815 982
f 1202 10814 1203
f 10814 1202 1205
f 946 10813 1205
f 1207 10811 945
f 10810 1207 1206
f 1208 10725 1206
f 1209 10726 1208
f 1211 10809 1209
f 915 10808 1211
f 10807 915 914
f 1210 10806 914
f 1188 10805 1210
f 1187 10804 1188
f 1213 10803 1187
f 1214 10803 1213
f 1212 10802 1214
f 1212 917 10802
f 917 916 10801
f 1216 2242 916
f 1216 1215 2242
f 1215 1217 2241
f 1217 1218 10800
f 1219 1222 10554
f 10799 1222 1221
f 1221 1220 10798
f 1223 1193 10757
f 1192 1226 10795
f 1226 1227 2251
f 1227 1225 2250
f 1225 1224 10794
f 1224 1228 10793
f 10792 1228 1233
f 1233 1230 10791
f 1230 1229 10790
f 1229 1232 10788
f 1232 1231 10787
f 1231 1191 10786
f 1191 1190 10785
f 1190 1235 10784
f 1235 1234 10783
f 1236 10782 1234
f 1189 936 10782
f 2497 2496 1915
f 2496 2262 1914
f 2262 2489 1913
f 2484 2482 1908
f 2482 10890 1906
f 10890 2478 1905
f 2478 2477 1903
f 2477 2472 1901
f 2472 2470 1472
f 2470 2468 1471
f 2461 2458 1895
f 2457 2456 1892
f 2456 2237 1892
f 2237 2449 1891
f 2448 2447 2449
f 2447 2440 1890
f 2438 2436 1485
f 2436 2432 1485
f 1889 2432 2431
f 1889 2431 1888
f 2431 2425 1888
f 1887 1888 2424
f 10891 10892 1885
f 2424 10891 1886
f 10892 2419 1885
f 2419 2418 1884
f 2415 2408 1880
f 2404 2403 1875
f 2402 10893 1876
f 10893 2400 1872
f 2394 10894 1869
f 10894 2388 1868
f 2388 2387 1867
f 2386 2384 1864
f 2382 2380 1862
f 2380 10895 1861
f 10895 10896 1860
f 10896 2375 1859
f 2375 10897 1858
f 10897 2371 1857
f 2371 2369 1856
f 2362 2360 1854
f 1853 2360 1852
f 2360 2204 1852
f 2355 1851 2203
f 2352 1437 2355
f 2198 1436 2352
f 2197 1436 2198
f 10898 1850 2197
f 2349 1849 10898
f 10899 1848 2349
f 10900 1847 10899
f 2344 1846 10900
f 10901 1845 2344
f 10902 1844 10901
f 2340 1842 10902
f 2337 1841 2340
f 10903 1839 2336
f 1839 10903 1837
f 2329 1837 10903
f 2328 1835 2329
f 2325 1834 2328
f 2179 1832 2180
f 2323 1830 2179
f 2318 1828 2319
f 2317 1826 2318
f 2171 1825 2317
f 2315 1825 2171
f 2173 1824 2315
f 2311 1822 2173
f 2158 1821 2311
f 2160 1820 2158
f 10904 1819 2160
f 10906 1818 10904
f 2304 1506 10906
f 2304 10907 1506
f 10907 2298 1505
f 1807 2298 2296
f 2296 2295 1817
f 2291 1816 2295
f 1814 2288 2286
f 2286 2276 1813
f 2276 1513 1813
f 2286 1813 1814
f 2288 1814 1815
f 2290 1815 1816
f 1817 2295 1816
f 2296 1817 1807
f 2298 1807 1505
f 10907 1505 1506
f 1818 10906 1506
f 1818 1819 10904
f 2160 1819 1820
f 1820 1821 2158
f 1821 1822 2311
f 1822 1823 2173
f 2173 1823 1824
f 1824 1825 2315
f 2317 1825 1826
f 2318 1826 1828
f 1828 1829 2319
f 2319 1829 1830
f 1830 1831 2179
f 1831 1832 2179
f 2180 1832 1833
f 2325 1833 1834
f 1834 1835 2328
f 1835 1836 2329
f 1836 1837 2329
f 2336 1839 1840
f 2337 1840 1841
f 1841 1842 2340
f 10902 1842 1843
f 1844 10902 1843
f 1844 1845 10901
f 1845 1846 2344
f 1846 1847 10900
f 1848 10899 1847
f 1848 1849 2349
f 1849 1850 10898
f 1850 1436 2197
f 1436 1437 2352
f 1437 1851 2355
f 1851 1456 2203
f 1852 2204 1457
f 1854 2360 1853
f 1855 2362 1854
f 1856 2369 1855
f 1857 2371 1856
f 1858 10897 1857
f 1859 2375 1858
f 1860 10896 1859
f 1861 10895 1860
f 1862 2380 1861
f 2384 1862 1863
f 1864 2384 1863
f 1865 2386 1864
f 1867 2387 1865
f 1868 2388 1867
f 1869 10894 1868
f 1869 1870 2394
f 1871 2395 1870
f 1871 1872 2399
f 10893 1872 1873
f 1876 10893 1873
f 1874 2402 1876
f 1874 1875 2403
f 1878 2404 1875
f 1878 1879 2410
f 1879 1880 2408
f 1880 1881 2415
f 1882 2416 1881
f 1883 2418 1882
f 1884 2418 1883
f 1884 1885 2419
f 1886 10891 1885
f 2424 1886 1887
f 2425 2424 1888
f 1485 2432 1889
f 1486 2438 1485
f 1890 2440 1486
f 1891 2449 1890
f 1891 1892 2237
f 1895 2458 1894
f 2461 1895 1896
f 1897 2463 1896
f 2467 1897 1898
f 1898 1899 2467
f 1471 2468 1899
f 1472 2470 1471
f 1472 1900 2472
f 1900 1901 2472
f 1902 2477 1901
f 1902 1903 2477
f 2478 1903 1904
f 1904 1905 2478
f 1906 10890 1905
f 1906 1907 2482
f 1908 2482 1907
f 1909 2484 1908
f 1910 2484 1909
f 1911 2488 1910
f 1911 1912 2487
f 1913 2489 1912
f 1914 2262 1913
f 1914 1915 2496
f 1915 1916 2497
f 1920 3442 1919
f 1920 1921 3443
f 1509 2271 1921
f 1922 1507 2266
f 1918 1917 2264
f 2263 1917 1476
f 1475 1504 2258
f 2259 1810 2257
f 1810 1923 2257
f 1924 1503 2255
f 1502 1501 2254
f 2254 1501 2253
f 2252 1925 1500
f 1926 2249 1499
f 1498 1497 2247
f 2243 1496 1495
f 2231 2232 1468
f 2229 2230 1482
f 1929 2225 2226
f 2224 2225 1930
f 2220 2222 1487
f 1877 2219 2221
f 2217 2218 1933
f 2209 2210 1808
f 1491 1470 2200
f 1467 2199 2200
f 1465 1464 2194
f 1463 1462 2193
f 1462 1461 2192
f 1935 2183 2182
f 1451 1938 2174
f 2168 1444 2169
f 1448 1444 2168
f 1447 1448 2168
f 1445 2167 2170
f 1445 1443 2167
f 1442 1440 2166
f 2166 1440 2154
f 1440 1441 2154
f 2151 1434 2150
f 1434 1435 2150
f 1433 1431 2144
f 2141 1431 1429
f 2141 1429 2142
f 1429 1430 2142
f 2137 2138 1423
f 1385 1427 1991
f 1427 10913 1991
f 10915 1394 10916
f 1941 1976 10917
f 1668 1941 10917
f 10917 10916 1668
f 1394 1668 10916
f 10915 10914 1393
f 1428 1393 10914
f 1427 1428 10913
f 1393 1394 10915
f 10913 1428 10914
f 1426 1384 2133
f 2281 10922 1943
f 1945 10922 2004
f 2004 1944 1945
f 2004 2002 1944
f 1997 1383 1382
f 1382 2001 1997
f 1997 1993 1383
f 1992 1388 1387
f 1992 1983 1388
f 1993 1992 1387
f 1776 1980 1977
f 1976 1941 1775
f 1980 1776 1381
f 1993 1387 1383
f 2001 1382 1942
f 2002 1942 1944
f 10922 1945 1943
f 2281 1943 1804
f 766 1262 767
f 768 1260 1261
f 1241 1260 768
f 763 1257 1258
f 896 8882 754
f 751 750 8880
f 8848 1000 1184
f 742 907 8855
f 989 890 8856
f 890 889 10860
f 889 1248 10861
f 1248 1247 10862
f 1247 1249 10863
f 1249 1246 10864
f 1246 1245 10865
f 1245 991 10866
f 991 892 10867
f 892 891 10868
f 891 1250 10868
f 1251 10870 1250
f 1251 726 10870
f 731 723 726

usemtl Green_0
f 727 728 729
f 730 731 726
f 732 733 727
f 734 735 736
f 737 738 739
f 740 741 736
f 742 743 727
f 744 745 727
f 746 744 727
f 747 746 727
f 748 747 727
f 729 749 727
f 750 751 727
f 752 753 727
f 754 755 727
f 756 757 727
f 758 759 727
f 760 758 727
f 761 762 727
f 727 762 763
f 764 765 727
f 727 766 767
f 727 768 766
f 769 770 736
f 771 772 727
f 773 774 727
f 775 776 727
f 777 775 727
f 778 779 727
f 736 728 780
f 781 782 783
f 779 784 727
f 785 786 736
f 787 788 789
f 780 790 785
f 780 785 736
f 791 792 736
f 793 794 727
f 727 780 728
f 795 796 736
f 796 797 736
f 798 799 727
f 800 801 736
f 802 803 727
f 804 805 736
f 806 807 727
f 727 808 809
f 809 810 780
f 773 727 811
f 773 812 774
f 813 814 815
f 816 732 727
f 817 816 727
f 818 813 727
f 819 818 727
f 815 781 727
f 781 783 727
f 820 821 727
f 749 820 727
f 798 822 799
f 823 802 727
f 783 823 727
f 824 825 826
f 736 827 828
f 824 826 727
f 829 830 727
f 831 832 833
f 834 835 727
f 836 837 736
f 838 839 727
f 840 838 727
f 841 842 843
f 844 841 727
f 845 846 847
f 848 849 727
f 850 848 727
f 851 852 853
f 854 850 727
f 855 752 727
f 776 855 727
f 856 857 727
f 858 859 727
f 853 856 727
f 860 748 727
f 861 860 727
f 862 863 736
f 864 865 736
f 865 866 736
f 867 868 736
f 869 870 736
f 871 862 736
f 872 873 736
f 874 875 727
f 876 874 727
f 863 867 736
f 868 877 736
f 878 769 736
f 877 878 736
f 879 880 736
f 866 881 736
f 881 882 736
f 880 883 736
f 883 864 736
f 884 885 736
f 886 887 736
f 885 888 736
f 730 889 890
f 730 891 892
f 839 893 844
f 894 895 727
f 751 896 727
f 767 897 898
f 899 900 727
f 901 902 736
f 903 904 736
f 902 903 736
f 905 906 736
f 730 907 742
f 908 909 736
f 910 911 736
f 912 913 736
f 730 914 915
f 730 916 917
f 913 918 736
f 919 791 736
f 781 920 782
f 826 921 727
f 736 922 827
f 811 923 773
f 779 924 784
f 811 727 784
f 925 926 727
f 927 928 736
f 929 930 736
f 931 932 736
f 933 934 736
f 935 936 736
f 934 937 736
f 937 935 736
f 730 938 939
f 940 933 736
f 730 941 942
f 943 940 736
f 944 943 736
f 730 945 946
f 947 944 736
f 948 947 736
f 949 948 736
f 932 949 736
f 930 931 736
f 950 929 736
f 951 950 736
f 928 951 736
f 952 927 736
f 953 952 736
f 735 953 736
f 828 729 728
f 736 828 728
f 954 734 736
f 955 740 736
f 956 954 736
f 957 956 736
f 958 957 736
f 959 958 736
f 960 959 736
f 961 960 736
f 962 963 736
f 964 961 736
f 963 964 736
f 965 962 736
f 966 965 736
f 967 966 736
f 968 969 727
f 970 968 727
f 792 967 736
f 971 919 736
f 972 971 736
f 973 972 736
f 974 973 736
f 813 815 727
f 821 778 727
f 975 976 803
f 802 975 803
f 783 977 823
f 978 974 736
f 918 978 736
f 979 912 736
f 911 979 736
f 980 910 736
f 981 980 736
f 730 982 983
f 984 981 736
f 985 984 736
f 986 824 727
f 987 986 727
f 830 987 727
f 909 985 736
f 988 905 736
f 906 908 736
f 730 890 989
f 990 988 736
f 730 892 991
f 904 992 736
f 992 990 736
f 806 727 900
f 786 993 736
f 994 901 736
f 995 996 736
f 888 995 736
f 996 994 736
f 807 997 727
f 894 998 895
f 887 884 736
f 841 843 727
f 845 847 727
f 839 844 727
f 844 999 841
f 882 886 736
f 770 879 736
f 1000 876 727
f 873 871 736
f 870 872 736
f 1001 1002 727
f 1003 869 736
f 1004 1003 736
f 993 1004 736
f 789 1005 1006
f 727 809 780
f 727 898 1007
f 896 754 727
f 727 1008 808
f 727 1007 1008
f 727 767 898
f 760 753 1009
f 1010 1009 753
f 753 760 727
f 1011 1012 1013
f 1008 1014 808
f 1015 1016 1017
f 1018 1019 1020
f 810 1021 780
f 1002 777 727
f 1011 1013 1018
f 1022 793 727
f 1023 1022 727
f 1024 858 727
f 857 1024 727
f 859 854 727
f 772 1025 727
f 1025 1023 727
f 1026 1027 1028
f 851 853 727
f 1029 851 727
f 847 1029 727
f 843 845 727
f 1030 1031 736
f 1032 1033 736
f 1034 1035 736
f 1035 1036 736
f 1037 834 727
f 1038 899 727
f 997 894 727
f 895 840 727
f 1039 925 727
f 921 1039 727
f 1040 1041 727
f 926 1040 727
f 733 970 727
f 969 819 727
f 803 798 727
f 799 1042 829
f 799 829 727
f 1043 1044 736
f 837 1045 736
f 797 800 736
f 736 1046 922
f 736 1047 1048
f 736 1049 1046
f 736 1048 1049
f 736 1050 1047
f 736 1051 1050
f 736 1052 1051
f 736 1053 1052
f 1054 1055 736
f 736 1056 1053
f 736 1057 1056
f 1058 1059 736
f 736 1060 1057
f 736 1061 1060
f 1062 1063 736
f 736 1064 1061
f 736 1065 1064
f 1066 1065 736
f 736 1067 1066
f 736 1068 1067
f 736 1069 1068
f 736 1070 1069
f 1071 1070 736
f 1072 1071 736
f 1073 1072 736
f 1074 1073 736
f 805 1074 736
f 1063 804 736
f 1059 1062 736
f 1055 1058 736
f 1075 1054 736
f 1076 1075 736
f 1077 1076 736
f 801 1077 736
f 741 795 736
f 1078 955 736
f 1079 1078 736
f 1080 1079 736
f 1081 1082 736
f 1082 1080 736
f 1083 1081 736
f 1084 1083 736
f 1085 1084 736
f 1086 1085 736
f 1087 1086 736
f 1088 1087 736
f 1089 1088 736
f 1090 1089 736
f 1091 1090 736
f 1092 1091 736
f 1093 1094 736
f 1094 1092 736
f 1095 1093 736
f 1096 1095 736
f 1097 1098 736
f 1098 1096 736
f 1099 1097 736
f 1100 1101 736
f 1101 1099 736
f 1102 1100 736
f 1103 1102 736
f 1104 1103 736
f 1105 1104 736
f 1106 1107 736
f 1107 1105 736
f 1108 1106 736
f 1036 1108 736
f 1109 1034 736
f 1110 1109 736
f 1111 1110 736
f 1033 1111 736
f 1031 1032 736
f 1112 1030 736
f 1113 1114 736
f 1114 1115 736
f 1116 1113 736
f 1117 1118 736
f 1118 1119 736
f 1119 1116 736
f 789 1120 1121
f 1121 1122 1123
f 1124 836 736
f 1125 1124 736
f 1126 1125 736
f 789 1127 1128
f 1128 1129 789
f 789 831 833
f 833 1130 1131
f 789 833 1131
f 789 1132 1026
f 789 1133 1134
f 789 1134 736
f 1134 1126 736
f 789 1017 1120
f 789 1028 1127
f 789 1135 1136
f 789 1136 1137
f 789 1138 1132
f 789 1137 1138
f 1139 1140 1141
f 1121 1139 1141
f 789 1121 1141
f 789 1141 1135
f 1142 1143 789
f 1144 1015 1017
f 1145 1123 1122
f 1120 1122 1121
f 1146 1147 736
f 1147 1148 736
f 1148 1117 736
f 1131 1144 1017
f 789 1131 1017
f 789 1149 1150
f 789 1150 1151
f 789 1151 1152
f 1153 1154 789
f 789 1006 1149
f 789 1152 831
f 1152 1155 831
f 1155 1156 831
f 788 1153 789
f 1157 1158 789
f 1159 1157 789
f 1005 1160 1006
f 789 1161 1162
f 789 1163 1005
f 789 1164 1165
f 1162 1166 1163
f 789 1165 1161
f 1167 1168 789
f 789 1169 1164
f 789 1170 1169
f 789 1171 1172
f 1173 1174 789
f 1170 789 1174
f 789 1172 1173
f 1175 1167 789
f 1168 1171 789
f 1158 1176 789
f 1176 1175 789
f 789 1162 1163
f 776 1177 1178
f 789 1026 1028
f 1045 1043 736
f 1044 1179 736
f 1179 1146 736
f 1180 1181 736
f 1182 1180 736
f 1115 1182 736
f 1181 1112 736
f 776 1178 855
f 1183 1184 727
f 1185 1183 727
f 875 861 727
f 1184 1000 727
f 739 1185 727
f 737 739 727
f 730 1186 731
f 730 1187 1188
f 730 936 1189
f 730 1190 1191
f 730 1192 1193
f 730 939 1194
f 730 1195 938
f 730 1196 1186
f 730 1197 1198
f 730 1194 1199
f 730 1198 1196
f 730 1199 1197
f 730 1200 1195
f 730 942 1201
f 730 1201 1200
f 730 1202 1203
f 730 1204 941
f 730 983 1204
f 730 1203 982
f 730 946 1205
f 730 1206 1207
f 730 1207 945
f 730 1205 1202
f 730 1208 1206
f 730 1209 1208
f 730 1188 1210
f 730 1211 1209
f 730 915 1211
f 730 1210 914
f 730 917 1212
f 730 1213 1187
f 730 1212 1214
f 730 1215 1216
f 730 1216 916
f 730 1214 1213
f 730 1217 1215
f 730 1218 1217
f 730 1219 1218
f 730 1220 1221
f 730 1222 1219
f 730 1221 1222
f 730 1223 1220
f 730 1193 1223
f 730 1224 1225
f 730 1226 1192
f 730 1227 1226
f 730 1225 1227
f 730 1228 1224
f 730 1229 1230
f 730 1231 1232
f 730 1233 1228
f 730 1230 1233
f 730 1232 1229
f 730 1191 1231
f 730 1234 1235
f 730 1235 1190
f 730 1236 1234
f 1189 1236 730
f 789 727 794
f 730 736 936
f 1237 1142 789
f 1238 1159 789
f 1011 1239 1012
f 1011 1018 789
f 1020 787 789
f 794 1011 789
f 1018 1020 789
f 1154 1237 789
f 1240 1238 789
f 1143 1240 789
f 727 1241 768
f 727 763 764
f 1241 727 765
f 1242 761 727
f 757 1242 727
f 755 756 727
f 1243 750 727
f 759 1243 727
f 1244 1001 727
f 743 737 727
f 730 742 727
f 730 989 907
f 730 1245 1246
f 730 1247 1248
f 730 1249 1247
f 730 1248 889
f 730 1246 1249
f 730 991 1245
f 730 1250 891
f 730 1251 1250
f 730 726 1251
f 1133 789 1129
f 1252 771 727
f 849 1252 727
f 1253 1038 727
f 1254 1253 727
f 835 1254 727
f 1037 727 1041
f 774 817 727
f 739 1255 1185
f 1244 727 1256
f 745 1256 727
f 1266 1267 1268
f 1269 1270 1271
f 1272 789 1273
f 1274 1275 1270
f 1276 1268 1267
f 1275 1274 1277
f 1278 727 1279
f 1273 789 1280
f 1271 1270 1281
f 1276 1270 1282
f 1282 1270 1283
f 1280 789 1284
f 1283 1270 1269
f 1285 1284 789
f 1275 1277 1278
f 727 1277 1274
f 1267 1266 1286
f 1287 1286 1266
f 1281 1270 1275
f 727 1278 1277
f 727 1288 1279
f 1276 1289 1268
f 1276 1282 1289
f 727 789 1272
f 727 1272 1288
f 1323 1267 1314
f 1323 1314 1324
f 1270 1335 1336
f 730 727 1336
f 1336 1274 1270
f 1274 1336 727
f 1337 1336 1335
f 1336 1337 730
f 1276 1368 1270
f 1369 1270 1364
f 1373 1270 1369
f 1270 1372 1374
f 1375 1270 1376
f 1377 1378 1379
f 1270 1380 1381
f 1270 1382 1383
f 1384 1385 1386
f 1270 1383 1387
f 1270 1387 1388
f 1270 1388 1389
f 1390 1391 1392
f 1393 1270 1394
f 1276 1395 1396
f 1276 1397 1395
f 1398 1276 1399
f 1400 1276 1398
f 1401 1402 1403
f 1404 1405 1406
f 1407 1408 1409
f 1410 1377 1411
f 1276 1412 1413
f 1414 1276 1415
f 1390 1276 1391
f 1406 1276 1414
f 1416 1276 1406
f 1417 1418 1419
f 1415 1276 1420
f 1420 1276 1417
f 1418 1276 1421
f 1417 1276 1418
f 1422 1270 1423
f 1424 1270 1422
f 1425 1270 1424
f 1276 1413 1421
f 1426 1270 1384
f 1385 1270 1427
f 1428 1270 1393
f 1427 1270 1428
f 1384 1270 1385
f 1423 1270 1426
f 1429 1270 1430
f 1431 1270 1429
f 1432 1270 1433
f 1434 1270 1435
f 1436 1372 1437
f 1438 1270 1439
f 1440 1270 1441
f 1442 1270 1440
f 1443 1270 1442
f 1444 1445 1446
f 1447 1445 1448
f 1447 1270 1445
f 1449 1270 1450
f 1450 1270 1451
f 1376 1270 1449
f 1335 1270 1452
f 1453 1454 1455
f 1456 1372 1457
f 1335 1458 1459
f 1335 1460 1461
f 1335 1461 1462
f 1335 1462 1463
f 1335 1463 1464
f 1335 1464 1465
f 1335 1465 1466
f 1335 1466 1467
f 1335 1468 1469
f 1335 1467 1470
f 1471 1372 1472
f 1335 1473 1474
f 1335 1475 1476
f 1335 1477 1478
f 1335 1479 1480
f 1335 1481 1482
f 1335 1483 1484
f 1485 1372 1486
f 1335 1487 1488
f 1335 1489 1481
f 1335 1482 1490
f 1335 1490 1468
f 1335 1491 1473
f 1335 1469 1492
f 1335 1493 1494
f 1335 1495 1496
f 1335 1496 1493
f 1335 1497 1498
f 1335 1499 1500
f 1335 1501 1502
f 1335 1502 1503
f 1335 1504 1475
f 1335 1372 1371
f 1505 1372 1506
f 1507 1335 1508
f 1509 1335 1510
f 1416 1406 1405
f 1276 1511 1512
f 1374 1372 1513
f 1368 1276 1410
f 1514 1515 1516
f 1454 1453 1517
f 1377 1379 1518
f 1519 1270 1368
f 1514 1270 1519
f 1520 1270 1521
f 1522 1523 1524
f 1525 1526 1527
f 1525 1270 1526
f 1528 1270 1525
f 1528 1525 1529
f 1521 1270 1530
f 1517 1524 1523
f 1335 1531 1532
f 1533 1270 1534
f 1535 1270 1536
f 1537 1270 1535
f 1335 1371 1531
f 1535 1536 1538
f 1523 1539 1540
f 1541 1540 1539
f 1545 1546 1547
f 1545 1270 1546
f 1539 1523 1548
f 1549 1270 1545
f 1550 1270 1551
f 1540 1552 1553
f 1554 1270 1549
f 1555 1270 1556
f 1557 1558 1559
f 1560 1270 1561
f 1562 1550 1563
f 1562 1270 1550
f 1556 1270 1562
f 1553 1564 1558
f 1565 1566 1567
f 1568 1270 1569
f 1561 1270 1555
f 1570 1270 1560
f 1571 1572 1270
f 1573 1270 1574
f 1575 1576 1577
f 1575 1270 1576
f 1571 1270 1575
f 1578 1270 1572
f 1579 1270 1578
f 1580 1581 1582
f 1583 1581 1584
f 1579 1585 1270
f 1586 1581 1587
f 1588 1589 1270
f 1590 1270 1591
f 1592 1593 1594
f 1595 1596 1270
f 1559 1558 1564
f 1595 1270 1533
f 1574 1270 1597
f 1598 1270 1599
f 1598 1597 1270
f 1600 1270 1601
f 1602 1558 1557
f 1603 1270 1604
f 1605 1606 1270
f 1607 1270 1608
f 1609 1270 1607
f 1610 1558 1611
f 1612 1270 1613
f 1601 1270 1612
f 1614 1581 1615
f 1565 1270 1566
f 1568 1566 1270
f 1616 1270 1617
f 1618 1615 1581
f 1619 1620 1617
f 1621 1270 1616
f 1622 1270 1623
f 1624 1270 1625
f 1626 1540 1541
f 1627 1593 1628
f 1629 1630 1631
f 1632 1270 1633
f 1634 1270 1635
f 1636 1593 1627
f 1628 1593 1637
f 1638 1593 1639
f 1640 1641 1642
f 1643 1581 1644
f 1335 1509 1372
f 1367 1270 1645
f 1646 1641 1647
f 1647 1641 1648
f 1649 1270 1650
f 1651 1270 1649
f 1536 1270 1651
f 1652 1641 1653
f 1654 1630 1655
f 1656 1641 1657
f 1608 1270 1606
f 1635 1270 1632
f 1658 1630 1659
f 1637 1630 1658
f 1639 1593 1636
f 1660 1661 1618
f 1662 1661 1660
f 1615 1618 1663
f 1663 1618 1661
f 1664 1581 1586
f 1644 1581 1665
f 1665 1581 1580
f 1582 1581 1614
f 1666 1581 1643
f 1587 1581 1667
f 1667 1581 1583
f 1394 1270 1668
f 1596 1669 1270
f 1584 1581 1670
f 1670 1581 1666
f 1599 1270 1669
f 1671 1270 1672
f 1604 1270 1673
f 1661 1662 1592
f 1594 1593 1638
f 1655 1630 1629
f 1631 1630 1674
f 1659 1630 1675
f 1675 1630 1654
f 1676 1270 1677
f 1678 1679 1680
f 1680 1679 1610
f 1681 1558 1602
f 1611 1558 1682
f 1682 1558 1683
f 1683 1558 1684
f 1684 1558 1685
f 1685 1558 1686
f 1687 1558 1688
f 1686 1558 1687
f 1688 1558 1689
f 1690 1270 1600
f 1625 1691 1692
f 1625 1270 1691
f 1693 1558 1694
f 1689 1558 1693
f 1694 1558 1681
f 1564 1553 1695
f 1616 1617 1620
f 1695 1553 1696
f 1696 1553 1697
f 1698 1553 1552
f 1697 1553 1698
f 1552 1540 1699
f 1699 1540 1700
f 1700 1540 1701
f 1623 1270 1621
f 1701 1540 1702
f 1702 1540 1703
f 1703 1540 1704
f 1704 1540 1705
f 1705 1540 1706
f 1706 1540 1626
f 1548 1523 1707
f 1707 1523 1708
f 1708 1523 1709
f 1710 1523 1522
f 1709 1523 1711
f 1711 1523 1712
f 1712 1523 1710
f 1524 1517 1713
f 1713 1517 1714
f 1714 1517 1715
f 1715 1517 1716
f 1716 1517 1453
f 1717 1718 1719
f 1720 1641 1721
f 1657 1641 1722
f 1722 1641 1723
f 1724 1641 1725
f 1723 1641 1724
f 1653 1641 1726
f 1727 1641 1728
f 1725 1641 1727
f 1729 1641 1730
f 1728 1641 1729
f 1730 1641 1731
f 1731 1641 1732
f 1526 1270 1733
f 1514 1733 1270
f 1734 1641 1735
f 1732 1641 1652
f 1543 1270 1544
f 1726 1641 1734
f 1735 1641 1736
f 1737 1641 1738
f 1736 1641 1739
f 1739 1641 1740
f 1740 1641 1741
f 1742 1641 1743
f 1741 1641 1742
f 1744 1641 1646
f 1743 1641 1744
f 1648 1641 1737
f 1745 1270 1543
f 1546 1270 1745
f 1738 1641 1746
f 1746 1641 1747
f 1748 1641 1720
f 1747 1641 1749
f 1749 1641 1748
f 1721 1641 1750
f 1750 1641 1751
f 1751 1641 1752
f 1752 1641 1753
f 1753 1641 1754
f 1754 1641 1755
f 1755 1641 1756
f 1756 1641 1757
f 1758 1641 1759
f 1757 1641 1760
f 1760 1641 1761
f 1762 1641 1763
f 1761 1641 1762
f 1763 1641 1764
f 1764 1641 1765
f 1765 1641 1766
f 1766 1641 1767
f 1768 1641 1758
f 1767 1641 1768
f 1759 1641 1640
f 1588 1270 1769
f 1770 1270 1771
f 1642 1772 1664
f 1590 1771 1270
f 1276 1402 1401
f 1276 1401 1773
f 1276 1408 1407
f 1276 1407 1774
f 1391 1276 1416
f 1775 1270 1776
f 1668 1270 1775
f 1777 1270 1624
f 1778 1276 1400
f 1779 1276 1778
f 1276 1512 1397
f 1276 1773 1511
f 1276 1396 1408
f 1276 1774 1412
f 1402 1641 1780
f 1276 1641 1402
f 1410 1276 1377
f 1780 1641 1781
f 1435 1270 1432
f 1781 1641 1782
f 1782 1641 1656
f 1783 1270 1777
f 1691 1784 1785
f 1617 1270 1786
f 1786 1270 1565
f 1787 1788 1789
f 1787 1270 1788
f 1613 1270 1787
f 1788 1676 1790
f 1601 1612 1791
f 1677 1270 1792
f 1792 1634 1793
f 1792 1270 1634
f 1605 1270 1794
f 1794 1270 1603
f 1794 1603 1795
f 1673 1270 1671
f 1534 1270 1770
f 1769 1270 1585
f 1547 1546 1796
f 1554 1549 1797
f 1546 1798 1799
f 1546 1745 1798
f 1542 1270 1537
f 1544 1270 1542
f 1650 1800 1801
f 1800 1270 1520
f 1650 1270 1800
f 1528 1530 1270
f 1514 1519 1515
f 1378 1276 1779
f 1377 1276 1378
f 1270 1802 1803
f 1270 1374 1802
f 1804 1805 1806
f 1399 1276 1390
f 1370 1270 1373
f 1807 1372 1505
f 1445 1270 1443
f 1335 1808 1477
f 1335 1809 1495
f 1335 1810 1504
f 1335 1811 1812
f 1433 1270 1431
f 1813 1372 1814
f 1814 1372 1815
f 1815 1372 1816
f 1816 1372 1817
f 1817 1372 1807
f 1335 1470 1491
f 1506 1372 1818
f 1818 1372 1819
f 1819 1372 1820
f 1820 1372 1821
f 1821 1372 1822
f 1822 1372 1823
f 1823 1372 1824
f 1824 1372 1825
f 1825 1372 1826
f 1441 1270 1827
f 1828 1372 1829
f 1826 1372 1828
f 1829 1372 1830
f 1830 1372 1831
f 1831 1372 1832
f 1832 1372 1833
f 1833 1372 1834
f 1834 1372 1835
f 1836 1372 1837
f 1835 1372 1836
f 1335 1459 1838
f 1837 1372 1839
f 1839 1372 1840
f 1840 1372 1841
f 1841 1372 1842
f 1842 1372 1843
f 1843 1372 1844
f 1844 1372 1845
f 1845 1372 1846
f 1846 1372 1847
f 1847 1372 1848
f 1848 1372 1849
f 1849 1372 1850
f 1850 1372 1436
f 1851 1372 1456
f 1437 1372 1851
f 1852 1372 1853
f 1457 1372 1852
f 1853 1372 1854
f 1854 1372 1855
f 1855 1372 1856
f 1856 1372 1857
f 1857 1372 1858
f 1858 1372 1859
f 1859 1372 1860
f 1860 1372 1861
f 1335 1478 1479
f 1861 1372 1862
f 1862 1372 1863
f 1863 1372 1864
f 1864 1372 1865
f 1335 1866 1811
f 1865 1372 1867
f 1868 1372 1869
f 1867 1372 1868
f 1869 1372 1870
f 1871 1372 1872
f 1870 1372 1871
f 1872 1372 1873
f 1874 1372 1875
f 1873 1372 1876
f 1876 1372 1874
f 1335 1484 1877
f 1875 1372 1878
f 1878 1372 1879
f 1880 1372 1881
f 1879 1372 1880
f 1881 1372 1882
f 1882 1372 1883
f 1883 1372 1884
f 1884 1372 1885
f 1885 1372 1886
f 1886 1372 1887
f 1887 1372 1888
f 1888 1372 1889
f 1889 1372 1485
f 1486 1372 1890
f 1890 1372 1891
f 1891 1372 1892
f 1892 1372 1893
f 1893 1372 1894
f 1894 1372 1895
f 1895 1372 1896
f 1896 1372 1897
f 1897 1372 1898
f 1898 1372 1899
f 1899 1372 1471
f 1472 1372 1900
f 1900 1372 1901
f 1902 1372 1903
f 1901 1372 1902
f 1903 1372 1904
f 1905 1372 1906
f 1904 1372 1905
f 1906 1372 1907
f 1907 1372 1908
f 1908 1372 1909
f 1909 1372 1910
f 1910 1372 1911
f 1911 1372 1912
f 1913 1372 1914
f 1912 1372 1913
f 1914 1372 1915
f 1915 1372 1916
f 1335 1917 1918
f 1916 1372 1919
f 1919 1372 1920
f 1921 1372 1509
f 1920 1372 1921
f 1335 1922 1510
f 1335 1507 1922
f 1335 1918 1508
f 1335 1476 1917
f 1335 1923 1810
f 1335 1503 1924
f 1335 1924 1923
f 1335 1500 1925
f 1335 1925 1501
f 1335 1926 1499
f 1335 1498 1926
f 1335 1494 1497
f 1335 1927 1809
f 1335 1492 1927
f 1335 1928 1489
f 1335 1929 1928
f 1335 1930 1929
f 1335 1931 1930
f 1335 1488 1932
f 1335 1932 1931
f 1335 1877 1487
f 1335 1933 1483
f 1335 1812 1933
f 1335 1480 1866
f 1335 1934 1808
f 1335 1474 1934
f 1335 1838 1460
f 1935 1270 1375
f 1335 1452 1936
f 1335 1936 1458
f 1452 1270 1935
f 1450 1451 1937
f 1451 1270 1938
f 1939 1270 1434
f 1439 1270 1939
f 1938 1270 1447
f 1827 1270 1438
f 1940 1270 1425
f 1430 1270 1940
f 1270 1381 1776
f 1668 1775 1941
f 1270 1942 1382
f 1270 1389 1380
f 1270 1804 1943
f 1270 1944 1942
f 1270 1943 1945
f 1270 1945 1944
f 1270 1803 1805
f 1270 1805 1804
f 1372 1270 1370
f 1364 1270 1367
f 1593 1592 1662
f 1581 1664 1946
f 1772 1947 1664
f 1679 1678 1630
f 1630 1637 1593
f 1551 1270 1554
f 1591 1270 1589
f 1576 1270 1570
f 1651 1649 1948
f 1650 1801 1949
f 1733 1514 1950
f 1691 1951 1952
f 1691 1785 1953
f 1691 1954 1955
f 1691 1955 1956
f 1691 1956 1957
f 1691 1957 1958
f 1718 1454 1959
f 1718 1455 1454
f 1718 1960 1455
f 1718 1961 1960
f 1718 1717 1961
f 1718 1962 1719
f 1718 1963 1962
f 1718 1964 1963
f 1645 1783 1965
f 1645 1270 1783
f 1691 1958 1966
f 1691 1966 1964
f 1691 1953 1954
f 1691 1967 1784
f 1691 1968 1967
f 1691 1969 1968
f 1691 1952 1969
f 1691 1970 1951
f 1691 1622 1970
f 1691 1270 1622
f 1971 1270 1690
f 1569 1270 1971
f 1633 1270 1609
f 1672 1270 1972
f 1573 1972 1270
f 1513 1372 1813
f 1448 1445 1444
f 1674 1630 1678
f 1558 1610 1679
f 1772 1642 1641
f 1691 1964 1718
f 1788 1270 1676
f 2513 736 2514
f 1335 2525 2526
f 730 2527 736
f 1321 2526 1311
f 2547 2548 736
f 2513 2514 2553
f 2526 1321 1322
f 2566 2567 730
f 1294 2568 2569
f 1294 2570 1335
f 2579 2514 736
f 2526 1322 1294
f 1337 2580 2581
f 2513 2553 2582
f 2548 2579 736
f 2582 2583 2584
f 2583 2582 2553
f 2585 2547 736
f 2586 2566 730
f 730 2591 2592
f 730 2592 2593
f 2580 2594 2581
f 2567 2591 730
f 730 2593 2527
f 2596 2597 2570
f 2569 2596 2570
f 2608 1302 2584
f 2570 2594 1335
f 2527 2659 736
f 2659 2585 736
f 1294 2718 2568
f 2581 2586 730
f 1294 2569 2570
f 2597 2581 2594
f 1293 1303 2719
f 1294 1293 2718
f 1303 1302 2608
f 1293 2719 2718
f 1303 2608 2719
f 2582 2584 1302
f 2526 1294 1335
f 1335 2720 2525
f 1335 2721 2720
f 1335 2722 2721
f 1335 2723 2722
f 1335 2724 2723
f 1335 2725 2724
f 1335 2726 2725
f 1335 2727 2726
f 1335 2728 2727
f 1335 2729 2728
f 1335 2730 2729
f 1335 1532 2730
f 730 1337 2581
f 1337 1335 2580
f 2594 2580 1335
f 2594 2570 2597
f 2738 2736 2737
f 1276 2736 2738
f 2736 1276 1323
f 2739 1276 2740
f 2738 2740 1276
f 2745 1276 2743
f 2746 1276 2745
f 2747 2746 2748
f 1276 2746 2747
f 1276 3051 1641
f 3513 1330 3514
f 3515 3516 1330
f 3517 1330 3513
f 3514 1330 3518
f 3518 1330 3516
f 1330 2526 3515
f 3519 3520 3521
f 3522 3519 3521
f 3512 3523 2758
f 1276 3523 3512
f 3511 1276 3512
f 3510 1276 3511
f 3509 1276 3510
f 1317 1311 2526
f 1330 1317 2526
f 1320 1317 1330
f 1315 1316 1327
f 1316 1318 1328
f 1320 1329 1319
f 1319 1329 1318
f 8722 789 8723
f 736 8728 8729
f 8299 789 8300
f 8297 789 8293
f 8295 736 2513
f 1285 789 8297
f 8293 789 8294
f 8294 789 8299
f 8301 736 8295
f 736 8730 8731
f 736 8732 8733
f 8300 736 8301
f 736 8731 8728
f 736 8734 8730
f 736 8735 8734
f 736 8736 8735
f 736 8737 8736
f 736 8738 8737
f 736 8739 8738
f 8740 789 8741
f 736 8742 8739
f 736 8743 8742
f 736 8744 8743
f 8745 789 8746
f 736 8733 8744
f 8747 789 8745
f 736 8748 8732
f 736 8749 8748
f 736 8750 8751
f 736 8751 8749
f 736 8752 8753
f 736 8754 8750
f 736 8755 8754
f 736 8756 8755
f 8757 789 8758
f 736 8753 8756
f 736 8759 8752
f 736 8760 8759
f 736 8761 8760
f 736 8762 8761
f 736 8763 8764
f 736 8764 8762
f 736 8765 8763
f 736 8766 8765
f 736 8767 8766
f 736 8768 8767
f 736 8769 8768
f 736 8770 8769
f 736 8771 8770
f 736 8772 8771
f 8773 789 8774
f 736 8775 8772
f 736 8776 8775
f 736 8777 8778
f 736 8778 8776
f 736 8300 8777
f 8300 8779 8780
f 8300 8781 8782
f 8777 8300 8783
f 8783 8300 8784
f 8300 8785 8786
f 8784 8300 8787
f 8300 8786 8788
f 8787 8300 8789
f 8300 8788 8790
f 8789 8300 8791
f 8791 8300 8792
f 8300 8793 8794
f 8792 8300 8795
f 8300 8794 8796
f 8795 8300 8797
f 8797 8300 8798
f 8300 8799 8800
f 8798 8300 8801
f 8300 8800 8802
f 8801 8300 8803
f 8803 8300 8804
f 8300 8805 8806
f 8300 8780 8807
f 8804 8300 8808
f 8808 8300 8809
f 8300 8807 8810
f 8809 8300 8811
f 8811 8300 8812
f 8812 8300 8813
f 8813 8300 8814
f 8300 8806 8815
f 8814 8300 8816
f 8300 8815 8816
f 8300 8810 8805
f 8300 8802 8779
f 8300 8796 8799
f 8300 8790 8793
f 8300 789 8781
f 8300 8782 8785
f 8781 789 8722
f 8817 789 8818
f 8819 789 8820
f 8821 789 8822
f 8822 789 8819
f 8723 789 8823
f 8774 789 8824
f 8823 789 8825
f 8825 789 8773
f 8824 789 8826
f 8826 789 8827
f 8827 789 8828
f 8828 789 8829
f 8829 789 8830
f 8830 789 8831
f 8741 789 8832
f 8831 789 8833
f 8833 789 8740
f 8832 789 8834
f 8818 789 8835
f 8834 789 8836
f 8836 789 8817
f 8835 789 8747
f 8820 789 8837
f 8746 789 8821
f 8837 789 8838
f 8838 789 8839
f 8839 789 8840
f 8840 789 8841
f 8841 789 8842
f 8842 789 8843
f 8843 789 8844
f 8758 789 8729
f 8844 789 8845
f 8845 789 8757
f 736 8729 789
f 1947 1946 1664
f 3051 1276 3509
f 3519 3524 3520
f 2747 3520 3524
f 1276 3524 3523
f 1276 2747 3524
f 2743 1276 2742
f 2742 1276 2739
f 3524 3522 3521
f 1329 1320 1330
f 1328 1318 1329
f 1327 1316 1328
f 1324 1315 1327
f 1314 1315 1324
f 1267 1323 1276

usemtl Turquoise_0
f 1264 1265 1263
f 1157 1263 1265
f 1542 1543 1544
f 1418 1421 1974
f 1975 1974 1421
f 1984 1985 1416
f 1391 1416 1985
f 1989 1391 1985
f 1998 1392 1989
f 1390 1392 1998
f 1143 1999 2000
f 2000 1240 1143
f 1399 1390 2003
f 2003 2005 1399
f 1398 1399 2005
f 2005 2006 1398
f 1400 1398 2006
f 2007 1421 1413
f 2278 1378 1779
f 2282 2280 1778
f 2280 2278 1778
f 1778 1400 2282
f 2006 2282 1400
f 1779 1778 2278
f 2278 2273 1378
f 1377 1518 2273
f 1379 2273 1518
f 1378 2273 1379
f 2272 1377 2273
f 1410 1411 2285
f 2274 2285 1411
f 2274 1411 2272
f 1519 1368 2287
f 1410 2287 1368
f 2293 1514 2292
f 1950 1514 2293
f 2294 1950 2293
f 2297 1733 2294
f 1733 2297 1526
f 2297 2299 1526
f 1526 2299 1527
f 2300 854 859
f 850 2300 2301
f 1525 1527 2299
f 1525 2299 2302
f 1529 1525 2302
f 1529 2302 2303
f 1528 1529 2303
f 2306 1252 849
f 1520 1521 2307
f 1800 1520 2308
f 2308 2161 1800
f 1801 1800 2161
f 2161 2162 1801
f 1949 1801 2162
f 1949 2162 2159
f 1650 1949 2159
f 2159 2309 1650
f 1649 1650 2309
f 2309 2310 1649
f 1538 1536 2314
f 1538 2314 2172
f 1535 1538 2172
f 2172 2316 1535
f 1537 1535 2316
f 1542 1537 2316
f 1651 1948 2312
f 1543 1542 2320
f 2320 2321 1543
f 1745 1543 2321
f 2321 2322 1745
f 1546 1799 2178
f 1549 1545 2324
f 2327 2324 1796
f 1796 1546 2327
f 1797 2326 2331
f 1554 1797 2331
f 1554 2331 2330
f 1551 1554 2332
f 2330 2332 1554
f 2332 2333 1551
f 1550 1551 2333
f 1563 1550 2333
f 1563 2333 2334
f 1562 1563 2334
f 2334 2335 1562
f 1556 1562 2335
f 1555 1556 2338
f 1555 2338 2339
f 1561 1555 2339
f 1560 1561 2339
f 1570 1560 2339
f 2339 2341 1576
f 1576 1570 2339
f 1576 2341 2342
f 1577 1576 2342
f 1575 1577 2342
f 2342 2343 1575
f 2345 1572 2346
f 1578 2345 2347
f 1579 1578 2347
f 2347 2348 1579
f 1585 2348 2350
f 1769 1585 2350
f 1588 1769 2350
f 1589 1588 2196
f 2196 2351 1589
f 1771 1590 2354
f 1771 2354 2206
f 2358 1533 2205
f 2206 2205 1534
f 1534 1770 2206
f 2358 2359 1533
f 1534 2205 1533
f 2361 1669 1596
f 1596 1595 2361
f 1599 2370 2372
f 1574 2373 2374
f 2374 1573 1574
f 1972 1573 2376
f 1972 2376 2377
f 1672 1972 2377
f 1671 1672 2377
f 1671 2377 2378
f 2379 1604 1673
f 2378 2379 1673
f 1673 1671 2378
f 1795 1603 2383
f 1795 2383 2385
f 2385 2389 1794
f 1605 2389 2390
f 2390 2391 1605
f 2391 1606 1605
f 2392 2393 1608
f 1633 2396 2397
f 1609 1607 2396
f 1633 1609 2396
f 1607 2398 2396
f 1632 1633 2397
f 2401 1634 1635
f 1635 2397 2401
f 1793 1634 2405
f 1677 2406 2407
f 1792 2411 2406
f 1676 1677 2407
f 2407 2409 1676
f 2412 2413 1788
f 1790 2414 1788
f 2412 1788 2414
f 1790 2409 2414
f 1790 1676 2409
f 1789 1788 2413
f 2420 2421 1789
f 1787 1789 2421
f 1787 2421 1613
f 2421 2422 1613
f 969 968 2423
f 1612 1613 2422
f 1612 2422 2426
f 1791 1612 2426
f 2427 1601 1791
f 2427 2428 1601
f 820 2429 2430
f 2430 821 820
f 2437 1690 1600
f 2428 2437 1600
f 2441 1971 2439
f 1971 2441 1569
f 779 2442 2443
f 2444 774 812
f 2445 817 2444
f 774 2444 817
f 1690 2439 1971
f 2446 1568 1569
f 2446 2236 1568
f 2235 1566 2236
f 2453 1567 1566
f 2454 1567 2453
f 1565 1567 2454
f 2455 1617 1786
f 2455 1786 2454
f 2465 1619 2462
f 2466 1616 2464
f 2464 1620 2465
f 1620 1619 2465
f 2469 1621 2466
f 1621 2469 1623
f 2473 1623 2471
f 2474 1622 2473
f 2474 1970 1622
f 1951 1970 2475
f 2476 1951 2475
f 2479 1952 2476
f 1952 2479 1969
f 1967 1968 2480
f 2481 1967 2480
f 1785 1784 2481
f 2485 1953 2483
f 1953 1785 2483
f 1954 1953 2485
f 2486 1954 2485
f 2486 1955 1954
f 2261 1955 2486
f 2260 1956 2261
f 1957 1956 2260
f 2260 2493 1957
f 2493 1958 1957
f 2498 1964 2495
f 1964 1966 2495
f 1966 1958 2494
f 3041 1413 1412
f 3041 1412 1774
f 3042 3041 1774
f 3042 1774 1407
f 3043 3042 1407
f 3043 1407 1409
f 1409 3044 3043
f 1408 1996 3044
f 1996 1408 1396
f 1396 1994 1996
f 1994 1396 1395
f 1395 1995 1994
f 1995 1395 1397
f 1397 3045 1995
f 3045 1397 1512
f 3046 3045 1512
f 1511 3047 3046
f 3047 1511 1773
f 2136 3047 1773
f 2136 1773 1401
f 1401 2134 2136
f 2135 2134 1403
f 1402 3048 1403
f 2135 1403 3048
f 3048 1780 3049
f 1780 3050 3049
f 2134 1401 1403
f 3044 1409 1408
f 3041 2007 1413
f 3046 1512 1511
f 1112 3053 1030
f 1586 3054 1664
f 3053 1112 3055
f 1642 2363 1640
f 1584 2366 1583
f 2365 1640 2363
f 3057 1767 3058
f 1767 1768 3058
f 3058 1768 3059
f 3059 1768 1758
f 3059 1758 3060
f 1758 1759 3060
f 3060 1759 2365
f 1657 3062 3040
f 1722 3063 3062
f 1724 3069 3064
f 3074 1732 3075
f 3075 1652 3076
f 3074 3073 1731
f 3073 3072 1730
f 3072 3077 1729
f 1729 3077 1728
f 3078 1728 3077
f 3078 3070 1727
f 1725 3070 3069
f 1723 3064 3063
f 3040 1656 1657
f 1131 1130 3079
f 3062 1657 1722
f 3063 1722 1723
f 3064 1723 1724
f 3069 1724 1725
f 3070 1725 1727
f 3078 1727 1728
f 3072 1729 1730
f 3073 1730 1731
f 3074 1731 1732
f 3075 1732 1652
f 3076 1652 3080
f 3080 1653 2157
f 3080 1652 1653
f 1726 2157 1653
f 2157 1726 2155
f 2155 1734 2163
f 1726 1734 2155
f 1734 1735 2163
f 2163 1736 3082
f 1735 1736 2163
f 3082 1736 1739
f 3082 1739 3083
f 3083 1741 3084
f 3084 1742 3085
f 3083 1739 1740
f 3083 1740 1741
f 3084 1741 1742
f 3085 1742 1743
f 3085 1743 3086
f 3086 1744 3089
f 1720 3099 1748
f 3096 1748 3098
f 3104 1762 3105
f 3108 1766 3057
f 3107 1764 3108
f 3106 1764 3107
f 3105 1763 3106
f 3109 1761 3104
f 3110 1760 3109
f 3113 1757 3112
f 3112 1757 3110
f 2185 1755 3113
f 2187 1754 2185
f 3114 1753 2187
f 3115 1751 3114
f 3116 1750 3115
f 3099 1720 3116
f 3098 1748 3099
f 3095 1749 3096
f 3094 1747 3095
f 3117 1746 3094
f 3118 1738 3117
f 3119 1737 3118
f 3120 1648 3119
f 3090 1647 3120
f 3089 1646 3090
f 1743 1744 3086
f 1744 1646 3089
f 1646 1647 3090
f 1647 1648 3120
f 1648 1737 3119
f 3118 1737 1738
f 3117 1738 1746
f 1746 1747 3094
f 1747 1749 3095
f 1749 1748 3096
f 3116 1720 1721
f 1721 1750 3116
f 3115 1750 1751
f 1751 1752 3114
f 3114 1752 1753
f 2187 1753 1754
f 1754 1755 2185
f 1755 1756 3113
f 3113 1756 1757
f 3121 1661 3122
f 3110 1757 1760
f 1760 1761 3109
f 3104 1761 1762
f 1762 1763 3105
f 3106 1763 1764
f 1764 1765 3108
f 3108 1765 1766
f 3057 1766 1767
f 3439 1719 3440
f 1719 1962 3440
f 3440 1962 2270
f 2270 1962 1963
f 2270 1963 2498
f 1963 1964 2498
f 1717 1719 3439
f 3439 1961 1717
f 1960 1961 3438
f 1960 3437 1455
f 3436 1455 3437
f 3444 1453 1455
f 3436 3444 1455
f 3444 3445 1453
f 3446 1524 1713
f 3447 3446 1713
f 1710 1522 3448
f 3449 1539 1548
f 3450 3449 1548
f 3453 3455 1552
f 1552 3455 1698
f 3456 1564 1695
f 3457 3456 1695
f 1697 3065 3067
f 3461 2451 1602
f 3462 1610 1611
f 3463 3462 1611
f 3467 3466 1680
f 3467 1680 3462
f 3462 1680 1610
f 3468 1628 1637
f 1637 1658 3468
f 3473 3469 1658
f 3474 3473 1659
f 3475 3474 1675
f 3466 3481 1674
f 3481 3482 1674
f 3482 3483 1631
f 3483 3478 1629
f 1655 3478 3476
f 3476 3475 1654
f 1639 3486 3487
f 1638 1639 3487
f 1592 3122 1661
f 3121 3488 1661
f 1661 3488 1663
f 1663 3489 1615
f 3489 3490 1615
f 1614 1615 3490
f 3492 3054 1587
f 2366 3492 1667
f 1587 3054 1586
f 1667 3492 1587
f 1583 2366 1667
f 2366 1584 2367
f 3494 2367 1670
f 1643 3497 3495
f 3487 3505 1638
f 3505 3122 1594
f 3490 3506 1614
f 3506 3507 1582
f 3507 3508 1580
f 3508 3498 1665
f 3498 3497 1644
f 3495 3494 1666
f 1670 2367 1584
f 1666 3494 1670
f 1666 1643 3495
f 1644 3497 1643
f 1665 3498 1644
f 1580 3508 1665
f 1582 3507 1580
f 1614 3506 1582
f 3488 3489 1663
f 1592 1594 3122
f 1638 3505 1594
f 1636 3486 1639
f 3526 3486 1636
f 1627 3527 3526
f 1627 3526 1636
f 1627 1628 3527
f 3468 3527 1628
f 3469 3468 1658
f 1659 3473 1658
f 1675 3474 1659
f 1675 1654 3475
f 1654 1655 3476
f 1655 1629 3478
f 1629 1631 3483
f 1674 3482 1631
f 1678 3466 1674
f 1680 3466 1678
f 3530 3529 1693
f 2452 3530 1694
f 2450 2452 1694
f 1689 3529 3531
f 3531 3532 1688
f 3532 2435 1687
f 1686 2435 2434
f 2434 3533 1686
f 1685 1686 3533
f 3533 3534 1684
f 3534 3535 1683
f 3535 3463 1611
f 1611 1682 3535
f 1683 3535 1682
f 1684 3534 1683
f 1685 3533 1684
f 1687 2435 1686
f 1687 1688 3532
f 1688 1689 3531
f 1693 3529 1689
f 1694 3530 1693
f 1681 2450 1694
f 2451 2450 1681
f 1083 1084 3536
f 3461 1559 3456
f 1559 3461 1557
f 1557 3461 1602
f 1602 2451 1681
f 3067 3457 1696
f 3456 1559 1564
f 1696 3457 1695
f 1697 3067 1696
f 1697 1698 3065
f 3455 3065 1698
f 1702 3537 3540
f 3538 3537 1703
f 3543 3542 1706
f 3542 3541 1704
f 3541 3538 1704
f 3540 3544 1701
f 3544 3453 1700
f 1699 3453 1552
f 1700 3453 1699
f 1700 1701 3544
f 1701 1702 3540
f 1703 3537 1702
f 1704 3538 1703
f 1705 3542 1704
f 1706 3542 1705
f 1626 3543 1706
f 3452 3543 1626
f 3452 1626 1541
f 1539 3449 3452
f 3452 1541 1539
f 3546 2491 1712
f 3448 3546 1710
f 2490 1711 2491
f 2490 2492 1709
f 2492 3547 1707
f 3547 3450 1707
f 1548 1707 3450
f 2492 1707 1708
f 1708 1709 2492
f 1709 1711 2490
f 1712 2491 1711
f 1710 3546 1712
f 3446 3448 1522
f 8900 8899 1096
f 8901 1098 1097
f 8902 8903 1097
f 8902 1097 1099
f 8904 8902 1099
f 8905 8904 1101
f 8905 1100 1102
f 8905 1102 8906
f 8913 1106 1108
f 8913 1108 8914
f 8914 1108 1036
f 8914 1036 8915
f 1035 8915 1036
f 8915 1035 8916
f 8922 8919 1033
f 8922 1033 1032
f 8923 8922 1032
f 8924 8923 1031
f 1112 8925 3055
f 1180 1182 8920
f 8926 1180 8920
f 1181 1180 8926
f 1182 1115 8921
f 1115 8927 8921
f 1113 8929 8928
f 1116 8930 8929
f 1113 1116 8929
f 1116 1119 8930
f 1119 8931 8930
f 1119 1118 8931
f 8932 8931 1118
f 1118 1117 8932
f 8932 1117 8933
f 1146 1179 8936
f 1146 8936 8935
f 1147 1146 8935
f 1148 1147 8934
f 1117 1148 8933
f 1179 8908 8936
f 1179 1044 8908
f 8937 8908 1044
f 1043 8938 8937
f 1043 8937 1044
f 1043 1045 8938
f 1045 8940 8938
f 1045 837 8940
f 8941 8940 837
f 836 8941 837
f 836 8942 8941
f 8945 8944 8943
f 8943 1125 8945
f 1126 8946 8945
f 1126 1134 8946
f 1129 8949 1133
f 1129 8953 8949
f 1128 8953 1129
f 1128 8954 8953
f 1028 8955 8954
f 1127 1028 8954
f 1026 1132 8956
f 1136 8964 8961
f 1135 8965 8964
f 8969 8968 8967
f 8967 1121 8969
f 1121 8970 8969
f 3079 8981 8982
f 8981 3079 8983
f 8991 8985 833
f 832 8991 833
f 831 8992 832
f 832 8992 8991
f 8997 8996 8999
f 8999 1152 1151
f 9000 1151 1150
f 1151 9000 8999
f 1150 9001 9000
f 1162 1161 9011
f 9011 1161 9012
f 1171 8888 1172
f 1158 1265 9019
f 1176 1158 9019
f 1176 9019 9020
f 1175 1176 9020
f 1175 9020 9021
f 1167 1175 9021
f 1168 9021 9022
f 1171 9022 8888
f 1171 1168 9022
f 1168 1167 9021
f 1173 9018 1174
f 1174 9018 1170
f 1170 9017 1169
f 1169 9016 1164
f 9015 1165 1164
f 1165 9014 1161
f 9014 9012 1161
f 8888 1173 1172
f 1173 8888 9018
f 1170 9018 9017
f 9017 9016 1169
f 1164 9016 9015
f 9015 9014 1165
f 9014 9013 9012
f 9023 9024 9009
f 9011 1166 1162
f 1166 9006 1163
f 1163 9006 9007
f 9011 9006 1166
f 1160 9005 1006
f 9005 9002 1006
f 9002 1149 1006
f 1152 8996 1155
f 1155 8994 1156
f 831 8993 8992
f 8993 831 1156
f 8996 8994 1155
f 8985 1130 833
f 3079 1144 1131
f 3079 1015 1144
f 1015 8980 1016
f 8979 1017 1016
f 1017 8979 8976
f 1120 8974 8972
f 8976 9025 1120
f 1017 8976 1120
f 8975 9026 8976
f 8974 8973 8975
f 8972 1145 1122
f 8972 1122 1120
f 1145 8971 1123
f 3079 9027 9028
f 3079 9029 1015
f 9027 3079 8980
f 9005 9003 9002
f 1005 9005 1160
f 1163 9007 1005
f 1005 9007 9005
f 9005 9004 9003
f 9002 9001 1149
f 9001 1150 1149
f 1152 8999 8996
f 8996 8995 8994
f 8994 8993 1156
f 8985 3079 1130
f 9028 8984 9030
f 3079 8984 8980
f 8980 8979 1016
f 9026 8975 8972
f 1145 8972 8971
f 8971 8970 1123
f 8970 1121 1123
f 1139 8966 1140
f 1121 8966 1139
f 1140 8965 1141
f 1141 8965 1135
f 1138 1137 8960
f 8957 8956 1132
f 1138 8959 1132
f 8966 1121 8967
f 1140 8966 8965
f 1136 8961 1137
f 1135 8964 1136
f 1137 8961 8960
f 1138 8960 8959
f 1132 8959 8957
f 1026 8956 8958
f 1027 1026 8958
f 8955 1027 8958
f 1028 1027 8955
f 8954 1128 1127
f 1133 8949 8948
f 1133 8948 1134
f 8947 8946 1134
f 1134 8948 8947
f 836 1124 8942
f 1125 1126 8945
f 1124 1125 8943
f 8943 8942 1124
f 8937 8939 8908
f 8936 8907 8935
f 1147 8935 8934
f 1148 8934 8933
f 1115 1114 8927
f 1114 1113 8928
f 1114 8928 8927
f 1182 8921 8920
f 8926 8925 1181
f 1112 1181 8925
f 8924 1030 3053
f 8924 1031 1030
f 8923 1032 1031
f 8918 1110 1111
f 8918 1109 1110
f 8917 1034 1109
f 8916 1034 8917
f 8916 1035 1034
f 8919 1111 1033
f 8919 8918 1111
f 8918 8917 1109
f 8912 1107 1106
f 8912 8910 1107
f 8910 1105 1107
f 8909 1104 1105
f 8909 1103 1104
f 8906 1103 8909
f 8913 8912 1106
f 8911 8910 8912
f 8910 8909 1105
f 8906 1102 1103
f 8905 1101 1100
f 8904 1099 1101
f 8901 1097 8903
f 8901 8900 1098
f 8898 8897 1093
f 8897 1094 1093
f 8896 1092 1094
f 1095 8899 1093
f 8900 1096 1098
f 8899 1095 1096
f 8898 1093 8899
f 8897 8896 1094
f 8895 1091 1092
f 8893 1090 1091
f 8891 1089 1090
f 8892 1090 8893
f 8891 1090 8892
f 8890 1088 1089
f 8889 10543 8890
f 10543 1087 1088
f 1088 8890 10543
f 10544 1086 1087
f 10543 10544 1087
f 10544 10545 1086
f 10546 1085 1086
f 10547 1086 10545
f 10546 1086 10547
f 3536 1085 10546
f 1085 3536 1084
f 10548 1081 1083
f 3536 10548 1083
f 10549 1081 10548
f 10549 1082 1081
f 10550 1080 1082
f 10549 10550 1082
f 10551 10550 10549
f 10550 10552 1080
f 10552 1079 1080
f 10553 1078 1079
f 10552 10553 1079
f 10553 8978 1078
f 8978 955 1078
f 10556 8977 740
f 8977 741 740
f 10557 795 741
f 10557 10558 795
f 10558 796 795
f 10559 797 10558
f 10560 10561 10559
f 797 10561 10562
f 10561 797 10559
f 796 10558 797
f 10563 801 800
f 800 10562 10563
f 10564 1077 801
f 10565 1076 10564
f 1077 10564 1076
f 10565 10566 1076
f 10567 10568 10569
f 10566 10567 10569
f 10566 10569 1076
f 10569 1075 1076
f 10570 1054 1075
f 10569 10570 1075
f 10573 10572 804
f 10573 804 1063
f 10575 10576 10577
f 10580 10579 1055
f 10580 1055 1054
f 10570 10580 1054
f 10579 10578 1058
f 10578 1059 1058
f 10578 10574 1059
f 10574 1062 1059
f 10573 1063 1062
f 10574 10573 1062
f 10579 1058 1055
f 10572 10581 804
f 10581 805 804
f 10582 1074 805
f 10581 10582 805
f 10582 10583 1074
f 10583 1073 1074
f 10584 1072 1073
f 10583 10584 1073
f 10584 1071 1072
f 10585 1070 1071
f 10584 10585 1071
f 10585 10588 1070
f 10589 794 793
f 1011 10589 8989
f 8989 8990 1011
f 8988 10590 1013
f 788 10597 10599
f 788 10598 10597
f 788 787 10598
f 787 10600 10598
f 10601 10598 10600
f 10602 10600 10603
f 1020 10603 10600
f 1020 1019 10603
f 1019 10604 10603
f 1018 10590 10604
f 1019 1018 10604
f 10600 787 1020
f 1153 10599 10605
f 1154 1153 10605
f 1154 10605 10606
f 1237 10606 10607
f 1142 1237 10607
f 1142 10607 1999
f 1238 9024 9023
f 9023 1159 1238
f 1159 9023 1263
f 1240 2000 9024
f 9024 1238 1240
f 10606 1237 1154
f 793 10613 10589
f 10613 793 1022
f 1022 10614 10613
f 2289 2292 1516
f 1025 772 10619
f 772 10620 10619
f 10622 10615 10619
f 999 10648 10647
f 841 999 10646
f 841 10646 10649
f 842 841 10649
f 842 10649 10642
f 843 842 10642
f 998 10660 10658
f 895 998 10658
f 895 10658 10657
f 895 10657 10661
f 998 894 10660
f 894 10662 10660
f 1254 835 10669
f 1253 1254 10668
f 1253 10668 10670
f 1038 10670 10671
f 899 10671 10672
f 806 10673 807
f 807 10673 10674
f 997 10674 10662
f 900 10672 10675
f 806 900 10675
f 806 10675 10673
f 900 899 10672
f 10671 899 1038
f 1038 1253 10670
f 10669 10668 1254
f 835 10676 10669
f 10677 834 10678
f 10676 10679 10669
f 10676 10677 10680
f 1037 1041 10684
f 10684 10683 1037
f 1041 1040 10685
f 10685 10684 1041
f 1039 921 8477
f 8477 8476 1039
f 925 1039 8476
f 925 8476 10689
f 926 925 10689
f 10690 10685 1040
f 10689 10690 1040
f 1040 926 10689
f 921 10692 8477
f 826 10692 921
f 10693 10692 826
f 825 10693 826
f 10694 10693 825
f 824 10694 825
f 10695 10694 824
f 824 986 10695
f 986 987 10696
f 10696 10695 986
f 10711 10709 977
f 802 823 10708
f 10708 10712 802
f 10713 10714 803
f 976 10713 803
f 976 10715 10713
f 10712 10715 975
f 10714 10717 798
f 798 10717 822
f 10717 10703 822
f 822 10703 799
f 798 803 10714
f 976 975 10715
f 975 802 10712
f 823 977 10709
f 977 783 10711
f 2423 10727 969
f 819 969 10727
f 10727 10729 819
f 10731 2423 968
f 2445 10735 816
f 816 817 2445
f 773 10737 812
f 10737 2444 812
f 779 778 2442
f 10744 2442 778
f 778 821 10744
f 821 2430 10744
f 749 10748 2429
f 2429 820 749
f 729 10748 749
f 10748 729 10749
f 10749 10750 10748
f 10756 10759 10754
f 10754 10760 10755
f 922 10760 10754
f 1049 1048 10765
f 10765 10767 1049
f 1046 10767 10760
f 10575 1057 10576
f 10556 740 955
f 955 8978 10556
f 10818 10557 8977
f 1065 10821 10820
f 1066 10822 10821
f 1067 10587 10822
f 10588 10587 1068
f 10820 10819 10823
f 10823 1064 10820
f 10576 1060 10824
f 10824 1061 10823
f 10775 1056 10575
f 10775 1053 1056
f 10825 1052 10826
f 1051 10825 10827
f 1050 10827 10828
f 10828 10829 10830
f 1047 10828 10830
f 10826 1053 10775
f 10830 10766 1048
f 827 10754 10759
f 10749 827 10759
f 924 779 2443
f 924 2443 784
f 811 784 10832
f 773 923 10737
f 10737 923 10741
f 923 811 10741
f 811 10832 10741
f 10832 784 2443
f 2443 10743 10832
f 732 816 10735
f 10734 10733 732
f 10735 10734 732
f 733 10733 10833
f 733 10833 970
f 10833 10731 970
f 732 10733 733
f 10727 10724 10729
f 10729 10834 818
f 813 818 10834
f 10834 10835 813
f 813 10835 814
f 814 10835 10836
f 814 10836 815
f 10836 10720 815
f 815 10720 781
f 10720 10837 781
f 10837 10838 920
f 920 781 10837
f 10711 783 782
f 10838 10711 782
f 782 920 10838
f 10729 818 819
f 10709 10708 823
f 10703 10702 799
f 829 1042 10839
f 829 10839 10840
f 10840 10841 830
f 987 830 10841
f 10841 10696 987
f 830 829 10840
f 10702 10839 1042
f 10839 10843 10840
f 1042 799 10702
f 10677 10676 834
f 10683 10678 834
f 835 834 10676
f 894 997 10662
f 840 10661 10844
f 839 838 10845
f 839 10845 10846
f 893 839 10846
f 893 10846 10847
f 844 893 10847
f 844 10847 10648
f 838 10844 10845
f 838 840 10844
f 10650 10648 10847
f 999 844 10648
f 999 10647 10646
f 843 10642 10640
f 846 845 10639
f 10639 847 846
f 847 10639 10848
f 847 10848 8952
f 1029 847 8952
f 1029 8952 8951
f 851 1029 8951
f 851 8951 10849
f 852 10849 10850
f 10851 10850 10849
f 853 10852 856
f 853 10850 10852
f 857 856 10852
f 857 10852 10853
f 10852 10628 10853
f 853 852 10850
f 852 851 10849
f 2178 2327 1546
f 845 843 10640
f 845 10640 10639
f 1024 10853 10854
f 1024 10854 8963
f 858 1024 8963
f 858 8963 2300
f 859 858 2300
f 848 850 2301
f 848 2301 10856
f 849 848 10856
f 849 10856 2306
f 10857 771 1252
f 771 10857 10620
f 1252 2306 10857
f 854 2300 850
f 1024 857 10853
f 772 771 10620
f 10619 10615 1025
f 1023 10615 10614
f 10615 1023 1025
f 10614 1022 1023
f 10858 10589 10613
f 1239 8990 8988
f 1012 1239 8988
f 8988 1013 1012
f 10590 1018 1013
f 1239 1011 8990
f 840 895 10661
f 997 807 10674
f 1037 10683 834
f 970 10731 968
f 10749 729 828
f 828 827 10749
f 827 922 10754
f 10760 922 1046
f 1046 1049 10767
f 10766 10765 1048
f 1048 1047 10830
f 1047 1050 10828
f 1050 1051 10827
f 10825 1051 1052
f 1052 1053 10826
f 1056 1057 10575
f 1057 1060 10576
f 1060 1061 10824
f 1061 1064 10823
f 1064 1065 10820
f 1065 1066 10821
f 1066 1067 10822
f 1067 1068 10587
f 10588 1068 1069
f 1069 1070 10588
f 10571 10581 10572
f 10563 10564 801
f 10562 800 797
f 8977 10557 741
f 8896 8895 1092
f 8894 8893 8895
f 1091 8895 8893
f 8891 8890 1089
f 3445 10872 1715
f 10872 3447 1714
f 3446 1522 1524
f 1714 3447 1713
f 1715 10872 1714
f 1716 3445 1715
f 1453 3445 1716
f 3438 1961 3439
f 3437 1960 3438
f 2365 1759 1640
f 2363 1642 3054
f 1642 1664 3054
f 1780 3048 1402
f 3050 1780 1781
f 10888 3050 1781
f 10888 1781 1782
f 1656 3039 1782
f 10888 1782 3039
f 3040 3039 1656
f 2494 2495 1966
f 2493 2494 1958
f 1956 1955 2261
f 2483 1785 2481
f 2481 1784 1967
f 2480 1968 2479
f 2479 1968 1969
f 2476 1952 1951
f 2475 1970 2474
f 2473 1622 1623
f 2471 1623 2469
f 2466 1621 1616
f 2464 1616 1620
f 2462 1619 1617
f 2462 1617 2455
f 1786 1565 2454
f 2453 1566 2235
f 1566 1568 2236
f 2441 2446 1569
f 2437 2439 1690
f 2428 1600 1601
f 2426 2427 1791
f 1789 2413 2420
f 1677 1792 2406
f 1792 1793 2411
f 1793 2405 2411
f 2397 1635 1632
f 1634 2401 2405
f 1607 1608 2398
f 1608 2393 2398
f 2392 1608 1606
f 1606 2391 2392
f 1605 1794 2389
f 2385 1794 1795
f 2381 2383 1603
f 2381 1603 1604
f 2379 2381 1604
f 1573 2374 2376
f 1598 1599 2372
f 1598 2372 2373
f 1597 1598 2373
f 1574 1597 2373
f 2361 2370 1669
f 2370 1599 1669
f 2359 2361 1595
f 2359 1595 1533
f 1770 1771 2206
f 1590 2353 2354
f 1590 1591 2353
f 2353 1591 2351
f 1591 1589 2351
f 1588 2350 2196
f 1585 1579 2348
f 1578 1572 2345
f 1572 2343 2346
f 1572 1571 2343
f 1571 1575 2343
f 2338 1556 2335
f 2324 2326 1549
f 1797 1549 2326
f 1547 1796 2324
f 1545 1547 2324
f 2178 1799 2322
f 1799 1798 2322
f 1798 1745 2322
f 2320 1542 2316
f 1536 2313 2314
f 1536 1651 2313
f 2312 2313 1651
f 2312 1948 2310
f 1948 1649 2310
f 1520 2307 2308
f 1521 10905 2307
f 1521 1530 10905
f 10905 1530 2305
f 1530 1528 2305
f 2305 1528 2303
f 1950 2294 1733
f 1514 1516 2292
f 1515 2289 1516
f 1519 2289 1515
f 2287 2289 1519
f 2285 2287 1410
f 1411 1377 2272
f 8974 9025 9026
f 9025 8974 1120
f 10908 3079 8982
f 3079 10908 9030
f 9029 8980 1015
f 8980 9029 9028
f 8984 8981 8983
f 8981 8984 8982
f 8984 9027 8980
f 9027 8984 9028
f 8980 10908 8982
f 8980 9028 9030
f 9029 3079 9028
f 10908 8980 9030
f 9030 8984 3079
f 9025 8976 9026
f 8974 9026 8972
f 8973 8972 8975
f 1414 10918 1406
f 10919 10918 1414
f 1974 1419 1418
f 1419 1974 10920
f 1417 1419 10920
f 1420 1417 10920
f 1415 1420 10921
f 10919 1415 10921
f 1420 10920 10921
f 2007 1975 1421
f 1414 1415 10919
f 10918 1979 1406
f 1979 1405 1404
f 1404 1406 1979
f 1984 1405 1979
f 1998 2003 1390
f 1392 1391 1989
f 1416 1405 1984
f 1011 794 10589
f 788 10599 1153
f 1143 1142 1999
f 1265 1158 1157
f 1263 1157 1159

usemtl Green_0
f 1289 1290 1268
f 1275 1291 1281
f 1282 1291 1289
f 1290 1289 1291
f 1283 1291 1282
f 1269 1291 1283
f 1271 1291 1269
f 1281 1291 1271
f 1295 1266 1296
f 1296 1266 1297
f 1287 1266 1295
f 1299 1300 1301
f 1272 1273 1300
f 1280 1300 1273
f 1290 1266 1268
f 1304 1300 1280
f 1305 1300 1304
f 1290 1297 1266
f 1290 1306 1297
f 1307 1300 1299
f 1308 1309 1307
f 1310 1309 1308
f 1301 1300 1305
f 1290 1350 1306
f 1349 1300 1309
f 1290 1291 1353
f 1300 1307 1309
f 2500 2501 2502
f 1350 1290 1353
f 2503 1291 2504
f 2505 2506 2507
f 1353 1291 2503
f 2506 1300 2508
f 2504 1291 2500
f 2500 1291 2501
f 2502 2509 2506
f 2505 1300 2506
f 2508 1300 1349
f 2509 2502 2501
f 1310 1297 1306
f 1309 1310 1306
f 2501 1291 2509
f 2507 2506 2509
f 1309 1306 1350
f 2507 2509 1291
f 1279 2505 1278
f 1291 1275 1278
f 1278 2507 1291
f 2507 1278 2505
f 1279 1288 2505
f 1288 1272 1300
f 1300 2505 1288

usemtl Green_0
f 1292 1293 1294
f 1294 1298 1292
f 1292 1302 1303
f 1292 1303 1293
f 1298 1311 1312
f 1313 1312 1267
f 1314 1312 1315
f 1315 1312 1316
f 1317 1312 1311
f 1316 1312 1318
f 1318 1312 1319
f 1319 1312 1320
f 1320 1312 1317
f 1311 1298 1321
f 1321 1298 1322
f 1322 1298 1294
f 1286 1313 1267
f 1267 1312 1314
f 1313 1286 1297
f 1287 1295 1286
f 1296 1286 1295
f 1297 1286 1296
f 8291 8292 1298
f 1312 8291 1298
f 8293 8294 8292
f 8295 2513 8292
f 1284 1285 8296
f 8297 8293 8292
f 8298 8296 8292
f 1285 8297 8292
f 2582 1302 1292
f 8296 1307 1284
f 8294 8299 8292
f 8296 1285 8292
f 1292 8292 2513
f 8298 8292 8291
f 8299 8300 8292
f 8300 8301 8292
f 8301 8295 8292
f 2513 2582 1292
f 1292 1298 8292
f 1280 1284 1304
f 1305 1304 1284
f 1301 1305 1284
f 1299 1301 1284
f 1307 1299 1284
f 1313 1297 10524
f 1313 10524 8298
f 10524 1297 10525
f 8296 8298 10525
f 10525 8298 10524
f 10525 1307 8296
f 1310 10525 1297
f 1308 10525 1310
f 1307 10525 1308
f 8291 1312 10526
f 10527 1313 10528
f 10529 1313 10527
f 1313 10526 1312
f 10530 8291 10531
f 10528 8298 10532
f 10526 1313 10529
f 8291 10533 8298
f 10534 8291 10530
f 10532 8298 10533
f 8291 10526 10535
f 10533 8291 10534
f 8291 10535 10531
f 1313 8298 10528

usemtl Green_0
f 1325 1323 1324
f 1326 1325 1324
f 1326 1324 1327
f 1327 1328 1326
f 1328 1329 1326
f 1329 1330 1326
f 1338 1339 1340
f 1341 1338 1340
f 1358 1359 1360
f 1361 1358 1360
f 1358 1362 1363
f 1692 1358 1625
f 1624 1625 1358
f 1777 1624 1358
f 1783 1777 1358
f 1783 2499 1965
f 1325 2735 2736
f 2736 2735 2737
f 2740 2741 2739
f 2742 2739 2741
f 2743 2742 2741
f 2741 2744 2743
f 2744 2745 2743
f 2746 2749 2748
f 1772 3052 2801
f 3052 1772 1641
f 2802 2801 3051
f 1947 1772 2803
f 3051 2803 1772
f 2805 2804 3509
f 2805 3509 3510
f 3510 3511 2805
f 2805 3511 2762
f 2900 1553 1558
f 2901 1553 2900
f 2901 1540 1553
f 2901 1523 1540
f 1523 2901 2903
f 2903 1517 1523
f 1454 1517 2903
f 2762 3511 3512
f 2762 3512 2758
f 1946 1947 2803
f 8289 1359 8288
f 1359 8289 8290
f 1360 1359 8290
f 8288 3576 8287
f 3576 8286 8287
f 3579 8286 3576
f 3509 2804 2803
f 3051 3509 2803
f 2762 2758 2760
f 3524 10889 3525
f 3524 3521 10889
f 2744 2749 2746
f 2744 2746 2745
f 1454 2903 1959
f 1783 1358 2499
f 1362 1358 1361
f 1359 3576 8288
f 3598 1340 1339
f 1325 2736 1323
f 3051 3052 1641
f 3052 3051 2801
f 1772 2802 3051

usemtl Turquoise_0
f 1331 1332 1333
f 1333 1334 1331
f 1354 1355 1356
f 1356 1357 1354
f 1978 1976 1977
f 1355 1978 1977
f 1979 1355 1977
f 1980 1979 1977
f 1978 1990 1991
f 1985 1992 1993
f 1994 1995 1996
f 1993 1997 1985
f 1997 1998 1985
f 1989 1985 1998
f 2001 2002 1998
f 2003 1998 2002
f 2002 2004 2003
f 2007 2008 1975
f 2008 1357 1975
f 1356 1355 1975
f 1357 1356 1975
f 1354 2009 1355
f 1978 1355 2010
f 2011 2012 2013
f 2014 1978 2015
f 2009 2016 2017
f 1355 2009 2017
f 2014 2015 2018
f 2019 2020 2021
f 2011 2022 2012
f 2023 2013 2024
f 2023 2011 2013
f 2025 2023 2024
f 2026 2027 2028
f 2029 2030 2031
f 2031 2032 2029
f 2021 2025 2019
f 2033 2031 2030
f 2030 2034 2033
f 2035 2036 2037
f 2028 2038 2026
f 2039 2028 2027
f 2040 2041 2042
f 2043 2042 2044
f 2045 2046 2041
f 2045 2047 2046
f 2048 2049 2050
f 2051 2052 2049
f 2048 2051 2049
f 2051 2053 2052
f 2053 2054 2052
f 2053 2055 2054
f 2055 2056 2054
f 2057 2058 2059
f 2060 2061 1332
f 2062 2063 2064
f 2065 2066 2067
f 2065 2067 2068
f 2069 2070 2071
f 2062 2072 2063
f 2073 2074 2075
f 2069 2076 2070
f 2077 2078 2079
f 2073 2080 2074
f 2077 2081 2078
f 2009 2082 2016
f 2083 2037 2036
f 2027 2083 2039
f 2036 2039 2083
f 2084 2085 2086
f 2087 2088 2089
f 2090 2091 2056
f 2055 2090 2056
f 2058 2086 2059
f 2092 2087 2089
f 2093 2094 2095
f 2096 2095 2097
f 2097 2095 2098
f 2092 2089 2085
f 2093 2095 2099
f 2100 2099 2088
f 2100 2093 2099
f 2084 2092 2085
f 2087 2100 2088
f 2094 2101 2095
f 2101 2098 2095
f 2057 2059 2091
f 2090 2057 2091
f 2058 2084 2086
f 2040 2045 2041
f 2102 2044 2103
f 2043 2040 2042
f 2104 2103 2105
f 2102 2043 2044
f 2106 2105 2107
f 2104 2102 2103
f 2108 2107 2109
f 2106 2104 2105
f 2037 2110 2035
f 2108 2106 2107
f 2110 2111 2035
f 2110 2112 2111
f 2112 2113 2111
f 2114 2108 2109
f 2112 2114 2113
f 2114 2109 2113
f 2060 2115 2061
f 2115 2116 2061
f 2116 2117 2061
f 2118 2061 2119
f 2082 2077 2079
f 2119 2061 2117
f 2082 2079 2016
f 2120 2073 2075
f 2081 2121 2078
f 2081 2120 2121
f 2080 2069 2071
f 2120 2075 2121
f 2080 2071 2074
f 2122 2062 2064
f 2076 2123 2070
f 2076 2122 2123
f 2072 2065 2068
f 2122 2064 2123
f 2072 2068 2063
f 2124 2060 1332
f 2066 2125 2067
f 2066 2124 2125
f 2124 1332 2125
f 2047 2050 2046
f 2047 2048 2050
f 2038 2033 2034
f 2034 2026 2038
f 2032 2021 2020
f 2020 2029 2032
f 2022 2014 2018
f 2025 2024 2019
f 1978 2010 2015
f 2022 2018 2012
f 1355 2017 2010
f 2010 2017 2126
f 2127 2128 2126
f 2128 2129 2126
f 2131 2015 2129
f 2015 2010 2129
f 1978 2014 1990
f 2014 2133 2132
f 2134 2135 2136
f 2014 2137 2133
f 2014 2022 2140
f 2022 2011 2141
f 2142 2143 2141
f 2022 2141 2143
f 2022 2143 2140
f 2011 2144 2141
f 2011 2145 2144
f 2146 2144 2145
f 2149 2145 2011
f 2023 2150 2149
f 2151 2023 2152
f 2023 2025 2153
f 2025 2021 2154
f 2155 2156 2157
f 2158 2159 2160
f 2161 2160 2162
f 2163 2156 2155
f 2025 2164 2153
f 2021 2167 2165
f 2032 2168 2169
f 2021 2032 2169
f 2170 2167 2169
f 2171 2172 2173
f 2032 2031 2174
f 2174 2031 2175
f 2031 2177 2176
f 2178 2179 2180
f 2031 2033 2177
f 2033 2181 2177
f 2183 2181 2182
f 2033 2182 2181
f 2033 2038 2182
f 2038 2028 2184
f 2185 2186 2187
f 2038 2184 2188
f 2038 2188 2189
f 2190 2028 2191
f 2039 2192 2191
f 2039 2193 2192
f 2036 2194 2193
f 2196 2197 2198
f 2036 2035 2195
f 2035 2199 2195
f 2200 2035 2202
f 2203 2204 2205
f 2206 2203 2205
f 2209 2113 2210
f 2044 2223 2222
f 2227 2226 2228
f 2042 2041 2228
f 2046 2232 2231
f 2235 2236 2237
f 2233 2232 2234
f 2050 2238 2234
f 2046 2050 2234
f 2239 2240 2049
f 2050 2049 2240
f 2050 2240 2238
f 2049 2244 2243
f 2049 2247 2245
f 2049 2052 2247
f 2052 2248 2247
f 2052 2249 2248
f 2249 2052 2252
f 2252 2052 2253
f 2052 2054 2254
f 2054 2255 2254
f 2054 2256 2255
f 2054 2257 2256
f 2054 2258 2257
f 2260 2261 2262
f 2259 2257 2258
f 2054 2056 2258
f 2056 2263 2258
f 2056 2264 2263
f 2056 2265 2264
f 2056 2266 2265
f 2056 2267 2266
f 2056 2268 2267
f 2056 2269 2268
f 2270 2269 2056
f 2269 2270 2271
f 2272 2273 2274
f 2275 2276 2273
f 2279 2278 2280
f 2280 2281 2279
f 2282 2281 2280
f 2006 2281 2282
f 2283 2279 2281
f 2278 2279 2277
f 2273 2284 2275
f 2277 2284 2273
f 2278 2277 2273
f 2274 2276 2285
f 2285 2276 2286
f 2287 2285 2286
f 2286 2288 2287
f 2289 2287 2288
f 2290 2291 2288
f 2291 2292 2288
f 2289 2288 2292
f 2293 2295 2294
f 2295 2296 2294
f 2296 2297 2294
f 2297 2296 2298
f 2304 2305 2303
f 2309 2159 2158
f 2310 2309 2158
f 2158 2311 2310
f 2312 2310 2311
f 2312 2311 2173
f 2313 2312 2173
f 2021 2169 2167
f 2313 2173 2314
f 2315 2171 2173
f 2316 2317 2318
f 2318 2319 2316
f 2323 2322 2321
f 2320 2319 2321
f 2319 2323 2321
f 2322 2323 2179
f 2178 2322 2179
f 2325 2326 2324
f 2327 2325 2324
f 2325 2327 2180
f 2326 2325 2328
f 2326 2328 2329
f 2329 2330 2326
f 2336 2337 2335
f 2340 2341 2339
f 2342 2344 2343
f 2345 2346 2344
f 2347 2349 2348
f 2349 2350 2348
f 2196 2198 2351
f 2351 2198 2352
f 2353 2351 2352
f 2354 2355 2206
f 2206 2355 2203
f 2204 2358 2205
f 2358 2360 2359
f 2361 2359 2360
f 2361 2360 2362
f 2363 2364 2365
f 2366 2367 2368
f 2362 2369 2361
f 2361 2369 2370
f 2370 2369 2371
f 2370 2371 2372
f 2373 2375 2374
f 2379 2378 2380
f 2379 2380 2381
f 2381 2380 2382
f 2383 2381 2382
f 2384 2383 2382
f 2385 2383 2386
f 2387 2385 2386
f 2387 2388 2385
f 2388 2389 2385
f 2393 2392 2394
f 2395 2393 2394
f 2398 2399 2396
f 2399 2400 2396
f 2398 2393 2399
f 2105 2103 2216
f 2395 2399 2393
f 2400 2397 2396
f 2401 2397 2402
f 2403 2401 2402
f 2401 2403 2404
f 2401 2404 2405
f 2408 2409 2406
f 2410 2408 2406
f 2410 2406 2411
f 2404 2410 2411
f 2405 2404 2411
f 2407 2406 2409
f 2409 2415 2416
f 2409 2416 2414
f 2414 2416 2412
f 2412 2416 2417
f 2413 2412 2417
f 2418 2413 2417
f 2418 2419 2413
f 2421 2420 2424
f 2424 2425 2422
f 2427 2431 2428
f 2432 2428 2431
f 2433 2434 2435
f 2432 2436 2428
f 2428 2436 2437
f 2437 2436 2438
f 2437 2438 2439
f 2440 2439 2438
f 2446 2447 2236
f 2447 2448 2236
f 2449 2237 2448
f 2450 2451 2452
f 2236 2448 2237
f 2453 2237 2454
f 2455 2454 2456
f 2455 2456 2457
f 2458 2455 2457
f 2458 2461 2455
f 2461 2462 2455
f 2463 2464 2461
f 2462 2461 2464
f 2467 2466 2464
f 2463 2467 2464
f 2465 2462 2464
f 2468 2466 2467
f 2466 2468 2469
f 2470 2471 2469
f 2470 2472 2471
f 2473 2472 2474
f 2475 2472 2476
f 2476 2472 2477
f 2477 2478 2476
f 2478 2479 2476
f 2480 2482 2481
f 2482 2483 2481
f 2482 2484 2483
f 2484 2485 2483
f 2487 2261 2486
f 2488 2487 2486
f 2488 2486 2484
f 2489 2262 2487
f 2261 2487 2262
f 2490 2491 2492
f 2260 2262 2493
f 2493 2262 2494
f 2495 2494 2262
f 2495 2262 2496
f 2495 2496 2497
f 2495 2497 2498
f 2750 2066 2751
f 2751 2752 2750
f 2753 2754 2755
f 2755 2060 2753
f 2753 2124 2756
f 2756 2757 2753
f 2785 2069 2786
f 2786 2787 2785
f 2806 2072 2807
f 2807 2808 2806
f 2806 2809 2810
f 2810 2065 2806
f 2811 2752 2751
f 2751 2066 2811
f 2750 2757 2756
f 2756 2124 2750
f 1354 2812 2813
f 2813 2009 1354
f 2875 2073 2876
f 2876 2877 2875
f 2878 2787 2786
f 2879 2880 2878
f 2878 2080 2879
f 2787 2878 2880
f 2080 2878 2069
f 2786 2069 2878
f 2875 2880 2879
f 2879 2080 2875
f 2881 2120 2882
f 2876 2073 2881
f 2881 2877 2876
f 2877 2881 2883
f 2120 2881 2073
f 2882 2883 2881
f 1357 2008 2949
f 2965 2883 2966
f 2959 2752 2958
f 2967 2968 2969
f 2969 2970 2967
f 2967 2970 2953
f 2970 2787 2972
f 2975 2787 2976
f 2877 2883 2965
f 2977 2941 2942
f 2978 2979 2980
f 2977 2981 2941
f 2942 2956 2977
f 2985 2986 2987
f 2809 2958 2752
f 2956 2955 2883
f 2987 2990 2985
f 2991 2985 2990
f 2994 2991 2993
f 2995 2996 2997
f 2998 2997 2996
f 2997 2999 2995
f 3000 2995 2999
f 3000 2994 3001
f 2999 2994 3000
f 2757 3002 2754
f 2993 3001 2994
f 2993 2991 2989
f 2990 2989 2991
f 3003 2984 3004
f 3005 3006 3007
f 3004 1334 3003
f 3008 3009 3010
f 3008 3003 1334
f 1334 3009 3008
f 3011 3012 3005
f 3013 3014 3015
f 3014 3016 3006
f 3020 3021 3014
f 3016 3014 3013
f 3021 3020 3019
f 3015 3014 3021
f 3006 3005 3012
f 3023 3024 3025
f 3025 3024 3026
f 3019 3020 3017
f 3007 3006 3016
f 3027 2754 3002
f 3009 3012 3011
f 3011 3010 3009
f 3028 2752 2959
f 2978 3004 2984
f 3029 2976 2787
f 2972 2953 2970
f 2984 3003 2983
f 2986 2980 2979
f 2752 3028 2757
f 3017 3024 3022
f 3030 2757 3028
f 2966 2883 2955
f 2883 2977 2956
f 2812 1357 2947
f 2947 2949 2948
f 2950 2949 2008
f 2958 2809 2960
f 2960 2809 2961
f 2962 2808 2963
f 2808 2961 2809
f 3033 2964 2808
f 2961 2808 2962
f 3034 3033 2808
f 3033 3034 3032
f 2971 3032 3034
f 3034 2969 2971
f 2971 2969 2968
f 2787 2880 3029
f 2974 2880 2973
f 3029 2880 3035
f 2954 2952 2880
f 2973 2880 2952
f 2880 2877 2954
f 2954 2877 2982
f 2965 2982 2877
f 2944 2941 2981
f 2981 3037 2944
f 2944 3037 3031
f 3037 2946 3036
f 3037 2812 2946
f 2946 2812 2945
f 2947 2945 2812
f 2949 2947 1357
f 3002 2757 3030
f 3024 3017 3020
f 2754 3027 3024
f 3027 3026 3024
f 3022 3024 3023
f 2980 3004 2978
f 2941 2944 2943
f 3035 2880 2974
f 2972 2787 2975
f 2964 2963 2808
f 3036 3031 3037
f 2979 2987 2986
f 3038 2950 2008
f 2870 3038 2008
f 2871 2870 2008
f 3039 3040 2859
f 3041 2008 2007
f 2008 3043 3044
f 3045 2008 1995
f 3046 2008 3045
f 2871 2136 2135
f 3048 3049 2864
f 3050 2864 3049
f 3048 2868 2135
f 2871 3047 2136
f 3046 3047 2871
f 2008 1996 1995
f 3044 1996 2008
f 3043 2008 3042
f 3042 2008 3041
f 3056 2365 2364
f 2782 3057 3058
f 2036 2195 2194
f 3060 3056 3059
f 3059 2780 3058
f 3061 2858 3040
f 3062 3061 3040
f 3063 3064 3062
f 3065 3066 3067
f 3061 3062 3064
f 3068 3061 3064
f 3069 3068 3064
f 3068 3069 3070
f 3068 3070 3071
f 2856 3071 3070
f 2854 2855 3072
f 3073 2854 3072
f 3074 2854 3073
f 2872 2852 3074
f 2854 3074 2852
f 3075 2872 3074
f 3075 3076 2872
f 3077 3072 2855
f 2856 3077 2855
f 3077 2856 3078
f 3070 3078 2856
f 2858 2860 3040
f 3076 3080 3081
f 2157 3081 3080
f 3082 2849 2163
f 3082 3083 2847
f 3084 2847 3083
f 3085 2847 3084
f 2874 3085 3086
f 3087 3086 3088
f 3086 3087 2874
f 3086 3089 3088
f 3089 3090 3088
f 3091 3088 3090
f 3092 3094 3093
f 3093 3095 3096
f 3097 3093 3096
f 3098 3097 3096
f 3098 3099 3097
f 3099 3100 3097
f 3103 3104 2784
f 3104 3105 2784
f 3106 2784 3105
f 2784 3106 2783
f 2781 2783 3107
f 3107 3108 2781
f 2782 2781 3108
f 3108 3057 2782
f 3106 3107 2783
f 3104 3103 3109
f 3109 3103 3110
f 3103 3111 3110
f 3112 3110 3111
f 3113 3112 3111
f 2186 3113 3111
f 3113 2186 2185
f 2338 2337 2340
f 3114 2187 2186
f 2186 2835 3114
f 2835 2834 3114
f 2836 3114 2834
f 3114 2836 3115
f 3116 3115 2836
f 2836 3102 3116
f 3100 3099 3102
f 3116 3102 3099
f 3095 3093 3094
f 2180 2327 2178
f 3092 3117 3094
f 3092 2839 2841
f 3092 2841 3117
f 3118 3117 2841
f 2842 3118 2841
f 3118 2842 3119
f 3120 3119 2842
f 3091 3120 2842
f 3120 3091 3090
f 3058 2776 2782
f 2776 3058 2780
f 2780 3059 2779
f 3056 2779 3059
f 3124 2120 2081
f 3125 2077 3126
f 3126 2981 3125
f 3125 2977 3127
f 3127 2081 3125
f 3124 2977 2883
f 3128 2969 3129
f 3129 2122 3128
f 2969 3128 2970
f 3128 2076 3130
f 3130 2970 3128
f 2076 3128 2122
f 3131 2808 2807
f 2807 2072 3131
f 3131 2062 3132
f 3132 3034 3131
f 3144 2122 3129
f 3129 2969 3144
f 2750 2752 2757
f 2753 2060 2124
f 2811 2066 2065
f 2811 2809 2752
f 2806 2808 2809
f 2806 2065 2072
f 3131 2072 2062
f 3144 2969 3034
f 3144 2062 2122
f 2785 2076 2069
f 2785 2787 2970
f 2875 2080 2073
f 3125 2081 2077
f 3125 2981 2977
f 3124 2081 3127
f 3127 2977 3124
f 3225 3037 2981
f 3225 2077 2082
f 2016 2079 3226
f 2017 3230 3229
f 2017 3229 2126
f 3242 3241 3243
f 3245 3244 3246
f 3244 3245 3243
f 3252 3253 3251
f 2079 3251 3253
f 2079 3253 3227
f 3254 2079 3227
f 2079 3250 3251
f 2079 2078 3250
f 2078 3249 3250
f 2078 3255 3248
f 2078 3248 3249
f 3255 3247 3248
f 3256 3244 3247
f 3257 3240 3241
f 3258 3259 3240
f 3262 3261 3259
f 2075 3263 3262
f 3262 3263 3261
f 3264 3261 3263
f 3265 3266 3264
f 1331 1334 3004
f 3278 3024 3020
f 3279 2117 2116
f 3280 2115 2060
f 3280 2754 3024
f 3281 2061 2118
f 3282 2118 3283
f 2119 3283 2118
f 3283 3012 3282
f 3284 3006 3283
f 3283 2119 3284
f 3012 3283 3006
f 3285 3006 3284
f 3284 2119 3285
f 3278 2116 2115
f 3279 3020 3014
f 3285 2117 3286
f 3286 3014 3285
f 3281 3012 3009
f 1333 1332 3287
f 3287 2061 3288
f 3288 3009 3287
f 3287 1334 1333
f 1334 3287 3009
f 2061 3287 1332
f 2980 3289 3004
f 2125 3289 2067
f 3289 2125 3290
f 3290 3004 3289
f 3289 2980 3291
f 3291 2067 3289
f 2997 2998 3292
f 3293 2997 3292
f 3294 2997 3293
f 3295 2997 3294
f 3296 3297 3295
f 3298 2075 2074
f 3298 3297 3266
f 3299 3295 3297
f 3300 3301 2070
f 2999 3301 3300
f 2071 3301 3302
f 3302 3301 2997
f 3303 2994 2999
f 3304 2991 2994
f 3305 2985 2991
f 3305 2064 2063
f 3306 2068 3307
f 3307 2986 3306
f 3308 2980 2986
f 3308 2068 2067
f 3336 3335 2015
f 3337 2018 3338
f 2012 3337 3339
f 3340 2012 3339
f 3342 2013 3341
f 2024 3342 3343
f 3343 3344 2024
f 3346 2019 3345
f 2019 3346 3347
f 2020 2019 3347
f 2020 3347 3348
f 2020 3350 3351
f 2020 3351 3352
f 2030 3353 3354
f 2030 3356 3357
f 2034 2030 3357
f 2026 3359 3360
f 3361 2026 3360
f 3362 2026 3361
f 3386 3385 2027
f 2026 3363 3386
f 2027 2026 3386
f 3387 2027 3385
f 2083 2027 3387
f 3389 2037 3390
f 3391 2037 3389
f 2110 3391 3392
f 3393 2110 3392
f 2112 3393 3394
f 2112 3395 3398
f 3399 2112 3398
f 2114 3399 3400
f 3401 2114 3400
f 2114 3401 2108
f 2113 2109 2210
f 2111 2113 2208
f 2035 2111 2201
f 2109 2107 2212
f 2107 2105 2215
f 2217 2216 2103
f 2103 2218 2217
f 2103 2044 2220
f 2224 2223 2042
f 2042 2225 2224
f 2040 2043 3402
f 2040 3402 3403
f 3404 2040 3403
f 2040 3404 3405
f 2040 3405 2045
f 2041 2046 2230
f 2045 3405 3406
f 3407 2045 3406
f 2048 3410 3409
f 3411 2048 3409
f 2051 2048 3419
f 2051 3419 3418
f 2051 3418 3417
f 3420 2051 3417
f 2053 3420 3421
f 2053 3421 3422
f 2090 3424 3425
f 2090 3425 3426
f 3427 2090 3426
f 2058 3428 3429
f 3433 2084 3432
f 2084 2058 3432
f 2059 2086 3434
f 2059 3434 3165
f 2059 3165 3164
f 2059 3164 3162
f 2059 3162 3161
f 2091 3161 3157
f 2091 3157 3435
f 3435 2056 2091
f 2090 2055 3424
f 2056 3435 3158
f 2056 3158 3160
f 2056 3160 3436
f 2056 3436 3437
f 2056 3437 3438
f 2056 3438 3439
f 3441 2270 2498
f 2497 3441 2498
f 3442 2270 3441
f 2270 3442 3443
f 2270 3443 2271
f 3444 3436 3160
f 3445 3444 3160
f 3447 3146 3446
f 3153 3446 3146
f 3153 3448 3446
f 3450 3151 3449
f 3151 3450 3152
f 3154 3452 3151
f 3452 3154 3451
f 3066 3453 3454
f 3066 3455 3453
f 3457 3458 3456
f 3458 3457 3459
f 3459 3067 3066
f 2451 2891 3460
f 3461 2891 2451
f 3464 3462 3463
f 3465 3466 3464
f 3467 3464 3466
f 3462 3464 3467
f 3469 3470 3468
f 3471 3472 3469
f 3470 3469 3472
f 3473 3471 3469
f 3474 3471 3473
f 3475 3471 3474
f 3471 3475 3476
f 3477 3471 3476
f 3477 3476 3478
f 3477 3478 3479
f 2785 2970 3130
f 3130 2076 2785
f 3480 3481 3465
f 3481 3466 3465
f 3480 3482 3481
f 3480 3483 3482
f 3480 3479 3483
f 3479 3478 3483
f 3484 2794 3486
f 3487 3486 2794
f 3491 3054 2778
f 3492 2778 3054
f 2778 3492 2366
f 2367 3493 2368
f 3494 3493 2367
f 3493 3494 3495
f 3496 3493 3495
f 3497 3496 3495
f 3496 3497 3498
f 3496 3498 3499
f 3487 2795 2790
f 2794 2795 3487
f 3504 2790 2795
f 3487 2790 3505
f 3505 2790 3122
f 3502 3488 3503
f 3502 3489 3488
f 3502 3501 3490
f 3501 3506 3490
f 3500 3506 3501
f 3500 3507 3506
f 3507 3500 3508
f 3500 3499 3508
f 3499 3498 3508
f 3489 3502 3490
f 2811 2065 2810
f 2810 2809 2811
f 3121 3503 3488
f 3503 3121 2791
f 2790 2791 3121
f 3121 3122 2790
f 3468 3485 3527
f 3526 3527 3485
f 3484 3486 3526
f 3484 3526 3485
f 3485 3468 3470
f 3529 2889 3528
f 2887 3528 2889
f 3530 2889 3529
f 3460 2890 3530
f 2889 3530 2890
f 2452 3460 3530
f 3528 3531 3529
f 3531 3528 3532
f 3532 3528 2435
f 3528 2433 2435
f 2433 3533 2434
f 3533 2433 3534
f 3534 2433 3535
f 3464 3463 2433
f 3535 2433 3463
f 3461 3456 3458
f 3460 2452 2451
f 2891 3461 3458
f 3457 3067 3459
f 3455 3066 3065
f 3537 3538 3539
f 3540 3537 3539
f 3539 3538 3541
f 3539 3541 3451
f 3451 3541 3542
f 3543 3451 3542
f 3454 3540 3539
f 3540 3454 3544
f 3453 3544 3454
f 3451 3543 3452
f 3148 2491 3153
f 2491 3148 3545
f 2491 3546 3153
f 3448 3153 3546
f 3545 3547 2491
f 2492 2491 3547
f 3547 3149 3152
f 3149 3547 3545
f 3547 3152 3450
f 3452 3449 3151
f 2095 2096 3136
f 2096 2097 3549
f 2097 3550 3549
f 2084 3858 2092
f 2085 2089 3860
f 2089 3141 3861
f 2089 3861 3860
f 2089 2088 3141
f 2088 2099 3140
f 2099 2095 3135
f 2093 2100 3851
f 2100 2087 3852
f 3856 3852 2087
f 2100 3853 3851
f 2094 2093 3851
f 2094 3851 3862
f 2094 3862 3863
f 2094 3863 3866
f 2094 3866 3865
f 2087 2092 3856
f 3852 3853 2100
f 2085 3860 3867
f 2085 3867 3868
f 2085 3868 3869
f 2085 3869 3870
f 2085 3870 3871
f 2086 2085 3871
f 2092 3857 3859
f 3859 3856 2092
f 3857 2092 3858
f 1331 3004 3290
f 3290 2125 1331
f 3225 2082 10542
f 10542 3037 3225
f 3278 3020 10871
f 10871 2116 3278
f 3279 3014 3286
f 3286 2117 3279
f 2101 3865 3864
f 2101 3864 3554
f 2101 3554 3553
f 3553 2098 2101
f 2098 3553 3552
f 2098 3552 3557
f 2098 3557 3556
f 2097 2098 3556
f 2096 3558 1987
f 2097 3556 3550
f 2096 3549 3558
f 2101 2094 3865
f 2096 1987 3136
f 2095 3136 3135
f 2099 3135 3134
f 2099 3134 3143
f 2099 3143 3140
f 2088 3140 3138
f 2088 3138 3548
f 2088 3548 3139
f 2088 3139 3142
f 2088 3142 3141
f 3156 3445 3160
f 3445 3156 3146
f 3146 3447 3445
f 10872 3445 3447
f 2056 3439 3440
f 2091 2059 3161
f 2086 3871 3434
f 2057 3428 2058
f 3858 2084 3433
f 2058 3431 3432
f 3431 2058 3429
f 2057 3427 3428
f 2057 2090 3427
f 2055 3423 3424
f 2053 3423 2055
f 2053 3422 3423
f 2053 2051 3420
f 2106 10876 10875
f 2108 3401 10878
f 2108 10878 10877
f 10876 2108 10877
f 10874 2106 10875
f 2104 10874 10873
f 2104 10873 10879
f 10880 2104 10879
f 2102 10880 10881
f 10882 2102 10881
f 2043 10882 10883
f 10883 10884 2043
f 10884 3402 2043
f 3419 2048 3411
f 2047 3407 3410
f 2047 2045 3407
f 2102 10882 2043
f 2102 2104 10880
f 2104 2106 10874
f 2108 10876 2106
f 2112 3399 2114
f 2112 3394 3395
f 2112 2110 3393
f 2037 3391 2110
f 2083 3390 2037
f 3390 2083 3388
f 2083 3387 3388
f 3363 2026 3362
f 2034 3358 3359
f 2034 3357 3358
f 3356 2030 3354
f 2029 3353 2030
f 2029 3352 3353
f 3350 2020 3348
f 3345 2024 3344
f 2024 2013 3342
f 2013 2012 3341
f 2012 3340 3341
f 2018 2015 3338
f 3338 2015 3335
f 3231 2126 3229
f 2017 2016 3230
f 2016 3226 3230
f 2079 3254 3226
f 10885 3037 10542
f 10542 2082 10885
f 10885 2009 2813
f 2813 2812 10885
f 3255 2078 2121
f 3256 10886 3246
f 3256 3246 3244
f 3124 2883 2882
f 2882 2120 3124
f 3295 2074 2071
f 2875 2877 2880
f 3303 2070 2123
f 3304 2123 2064
f 3306 2985 10887
f 10887 2063 3306
f 3131 3034 2808
f 1331 2125 1332
f 2753 2757 2754
f 2750 2124 2066
f 3144 3034 3132
f 3132 2062 3144
f 3225 2981 3126
f 3126 2077 3225
f 2366 2368 3123
f 2778 2366 3123
f 3491 2364 2363
f 3056 3060 2365
f 3054 3491 2363
f 10888 2865 3050
f 3039 2859 10888
f 2859 2867 10888
f 2865 10888 2867
f 2865 2866 3050
f 2864 3050 2866
f 2864 2863 3048
f 2868 3048 2863
f 2871 2135 2868
f 2008 3046 2871
f 3085 2874 2847
f 2845 2847 2874
f 2847 2848 3082
f 2849 3082 2848
f 2156 2163 2849
f 3081 2157 2156
f 2872 3076 2873
f 3081 2873 3076
f 2484 2486 2485
f 2480 10890 2482
f 2479 10890 2480
f 2478 10890 2479
f 2474 2472 2475
f 2473 2471 2472
f 2468 2470 2469
f 2237 2456 2454
f 2235 2237 2453
f 2447 2446 2441
f 2439 2440 2447
f 2441 2439 2447
f 2427 2425 2431
f 2426 2425 2427
f 2422 2425 2426
f 2422 2421 2424
f 10891 2424 10892
f 10892 2424 2420
f 2419 10892 2420
f 2413 2419 2420
f 2408 2415 2409
f 2397 2400 2402
f 10893 2402 2400
f 2392 10894 2394
f 2391 10894 2392
f 2388 10894 2391
f 2391 2390 2388
f 2388 2390 2389
f 2384 2386 2383
f 10895 2380 2378
f 10895 2378 2377
f 10896 10895 2377
f 2377 2376 10896
f 2375 10896 2376
f 2374 2375 2376
f 2373 10897 2375
f 2373 2371 10897
f 2373 2372 2371
f 2360 2358 2204
f 2355 2354 2353
f 2352 2355 2353
f 2350 2197 2196
f 10898 2197 2350
f 2350 2349 10898
f 2347 10899 2349
f 10899 2347 10900
f 2347 2345 10900
f 2345 2344 10900
f 2343 2344 2346
f 2342 10901 2344
f 2341 10901 2342
f 2341 10902 10901
f 2341 2340 10902
f 2338 2340 2339
f 2335 2337 2338
f 2335 2334 2336
f 2336 2334 10903
f 2333 10903 2334
f 2333 2332 10903
f 10903 2332 2329
f 2329 2332 2330
f 2331 2326 2330
f 2316 2319 2320
f 2172 2317 2316
f 2172 2171 2317
f 2314 2173 2172
f 2162 2160 2159
f 2160 2161 2308
f 2307 2160 2308
f 10904 2160 2307
f 10905 10904 2307
f 10905 2305 10906
f 10905 10906 10904
f 2304 10906 2305
f 2303 2302 2304
f 2302 10907 2304
f 2299 10907 2302
f 10907 2299 2297
f 2298 10907 2297
f 2291 2295 2293
f 2292 2291 2293
f 2276 2274 2273
f 2270 2056 3440
f 10886 3255 2121
f 10886 3247 3255
f 10886 3256 3247
f 2121 3246 10886
f 3246 2121 2075
f 3246 2075 3245
f 3245 3242 3243
f 2254 2253 2052
f 3245 2075 3242
f 3257 3258 3240
f 3242 3257 3241
f 3242 2075 3257
f 2246 2245 2247
f 3258 3262 3259
f 3257 2075 3258
f 2244 2049 2245
f 2049 2243 2239
f 2048 2047 3410
f 2046 2234 2232
f 2046 2231 2230
f 2229 2041 2230
f 2041 2229 2228
f 2042 2228 2226
f 2042 2226 2225
f 2044 2042 2223
f 2044 2222 2220
f 2221 2103 2220
f 2219 2103 2221
f 2103 2219 2218
f 2105 2216 2215
f 2214 2107 2215
f 3258 2075 3262
f 2107 2214 2213
f 2107 2213 2212
f 2109 2212 2211
f 2109 2211 2210
f 2113 2209 2208
f 2207 2111 2208
f 2111 2207 2201
f 2202 2035 2201
f 3263 3265 3264
f 3265 3298 3266
f 3263 2075 3265
f 2035 2200 2199
f 2039 2036 2193
f 3297 3298 3299
f 3265 2075 3298
f 10909 3298 2074
f 10909 3299 3298
f 2028 2039 2191
f 2074 3295 10909
f 2028 2190 2184
f 2034 3359 2026
f 2038 2189 2182
f 2031 2176 2175
f 2168 2032 2174
f 2029 2020 3352
f 3299 10909 3295
f 3294 3296 3295
f 2021 2165 2166
f 2025 2154 2164
f 2021 2166 2154
f 2019 2024 3345
f 2152 2023 2153
f 3308 2067 3291
f 3291 2980 3308
f 2023 2151 2150
f 2011 2023 2149
f 3307 2068 3308
f 3308 2986 3307
f 3305 2063 10887
f 10887 2985 3305
f 3304 2064 10910
f 10910 2991 3304
f 10910 2064 3305
f 3305 2991 10910
f 3303 2123 10911
f 10911 2994 3303
f 10911 2123 3304
f 3304 2994 10911
f 3300 2070 3303
f 3303 2999 3300
f 3288 2061 3281
f 3281 3009 3288
f 2018 3337 2012
f 2139 2014 2140
f 2139 2138 2014
f 2014 2138 2137
f 3281 2118 3282
f 3282 3012 3281
f 3278 2115 10912
f 10912 3024 3278
f 1978 1991 10913
f 1978 10913 10914
f 3279 2116 10871
f 10871 3020 3279
f 1978 10914 10915
f 10916 1978 10915
f 10917 1978 10916
f 1978 10917 1976
f 3280 2060 2755
f 2755 2754 3280
f 10912 2115 3280
f 3280 3024 10912
f 2014 2132 1990
f 2015 2131 3336
f 2010 2126 2129
f 1354 1357 2812
f 1355 1974 1975
f 2997 3295 3302
f 3302 3295 2071
f 10885 2082 2009
f 10885 2812 3037
f 1355 10919 10921
f 1355 10921 10920
f 1355 10920 1974
f 3306 2063 2068
f 1979 10918 10919
f 1979 1982 1984
f 3306 2986 2985
f 2005 2281 2006
f 2281 2005 10922
f 10922 2005 2004
f 2004 2005 2003
f 3301 2071 2070
f 3301 2999 2997
f 1997 2001 1998
f 3285 3014 3006
f 3285 2119 2117
f 1992 1984 1983
f 1992 1985 1984
f 1983 1984 1982
f 1982 1979 1981
f 1981 1979 1980
f 1355 1979 10919
f 2860 2859 3040

usemtl Green_0
f 1342 1343 1344
f 1342 1345 1343
f 1342 1346 1345
f 1361 1360 1362
f 1363 1364 1365
f 1365 1364 1366
f 1367 1366 1364
f 1370 1371 1372
f 1369 1364 1973
f 1373 1369 1973
f 1373 1973 1370
f 3593 3518 3592
f 3592 3518 3589
f 3518 3599 3589
f 3599 8280 3597
f 3597 8280 3598
f 3518 8280 3599
f 8280 3518 8281
f 8280 8281 8282
f 1342 8280 8282
f 1342 8282 8283
f 8284 1342 8283
f 8283 2725 8284
f 2725 2726 8284
f 8284 2726 8285
f 8286 8284 8285
f 8287 8286 8285
f 8288 8287 8285
f 8285 8289 8288
f 1360 8290 1362
f 1362 8290 8285
f 1362 8285 1973
f 8285 2727 1973
f 1973 2727 2728
f 2728 2729 1973
f 1973 2729 1371
f 1371 2729 2730
f 2730 1531 1371
f 2730 1532 1531
f 8285 2726 2727
f 8290 8289 8285
f 8284 3579 3578
f 8284 8286 3579
f 3578 1346 8284
f 3515 2526 8281
f 8281 3516 3515
f 3514 3518 3600
f 3513 3514 3600
f 8281 2526 2525
f 2525 2720 8281
f 2721 8282 2720
f 2721 2722 8282
f 2723 8283 2722
f 8283 2723 2724
f 8283 2724 2725
f 2722 8283 8282
f 1342 1341 8280
f 1342 3743 1341
f 2720 8282 8281
f 8281 3518 3516
f 3600 3518 3593
f 3513 3600 3517
f 3598 8280 1340
f 1371 1370 1973
f 1973 1364 1362
f 1645 1366 1367
f 1362 1364 1363
f 8284 1346 1342
f 1342 1344 3743
f 8280 1341 1340

usemtl Green_0
f 1347 1309 1348
f 1347 1349 1309
f 1350 1351 1309
f 1351 1348 1309
f 1348 1351 1352
f 1353 1352 1350
f 1351 1350 1352
f 1352 2731 1348
f 2732 2731 2733
f 1352 2734 2731
f 1348 2731 1347
f 2733 2731 2734
f 2732 1347 2731
f 2502 2734 2500
f 2734 2502 2733
f 2504 2500 2734
f 2732 2733 2502
f 2732 2502 2506
f 2503 2504 1352
f 2734 1352 2504
f 1353 2503 1352
f 2508 1347 2506
f 2732 2506 1347
f 1349 1347 2508

usemtl Green_0
f 1986 1987 1988
f 2128 2127 2130
f 2129 2128 2130
f 2129 2130 2131
f 2758 2759 2760
f 2761 2762 2759
f 2761 2759 2763
f 2761 2763 2764
f 2765 2761 2764
f 2765 2764 2766
f 2767 2765 2766
f 2767 2766 2768
f 2769 2767 2768
f 2769 2768 2770
f 2771 2769 2770
f 2771 2770 2772
f 2773 2771 2772
f 2773 2772 2774
f 2774 2775 2776
f 2777 2778 2779
f 2773 2779 2778
f 2773 2780 2779
f 2773 2776 2780
f 2773 2774 2776
f 2781 2782 2774
f 2775 2774 2782
f 2774 2783 2781
f 2774 2784 2783
f 2788 2789 2790
f 2788 2791 2792
f 2790 2792 2791
f 2789 2792 2790
f 2788 2792 2773
f 2793 2794 2789
f 2793 2795 2794
f 2793 2792 2795
f 2792 2789 2795
f 2793 2796 2792
f 2792 2796 2771
f 2793 2797 2796
f 2797 2798 2796
f 2796 2798 2769
f 2797 2799 2798
f 2799 2800 2798
f 2798 2800 2767
f 1660 2799 1662
f 2800 2799 1660
f 2800 1660 1618
f 1618 1581 2800
f 2801 2802 1946
f 1946 2803 2801
f 2765 2803 2804
f 2765 2801 2803
f 2805 2765 2804
f 1946 2800 1581
f 1772 2800 1946
f 2814 2747 2748
f 2814 2748 2744
f 2744 2748 2749
f 2814 2744 2815
f 2814 2815 2816
f 2817 2814 2816
f 2817 2816 2818
f 2819 2817 2818
f 2819 2818 2820
f 2819 2820 2821
f 2822 2819 2821
f 2822 2821 2823
f 2824 2822 2823
f 2824 2823 2825
f 2826 2824 2825
f 2826 2825 2827
f 2828 2826 2827
f 2828 2827 2829
f 2830 2828 2829
f 2830 2829 2831
f 2832 2830 2831
f 2832 2831 2833
f 2832 2834 2835
f 2832 2836 2834
f 2832 2833 2836
f 2833 2831 2837
f 2833 2837 2838
f 2833 2839 2840
f 2833 2841 2839
f 2833 2842 2841
f 2833 2838 2842
f 2838 2837 2843
f 2838 2843 2844
f 2838 2845 2846
f 2838 2847 2845
f 2838 2848 2847
f 2838 2849 2848
f 2838 2844 2849
f 2844 2843 2850
f 2844 2850 2851
f 2844 2852 2853
f 2844 2854 2852
f 2844 2855 2854
f 2844 2856 2855
f 2844 2851 2856
f 2851 2850 2857
f 2851 2857 2858
f 2859 2851 2858
f 2860 2858 2857
f 2861 2851 2859
f 2857 2862 2859
f 2863 2864 2862
f 2865 2864 2866
f 2865 2862 2864
f 2867 2862 2865
f 2859 2862 2867
f 2862 2868 2863
f 2862 2869 2868
f 2870 2871 2869
f 2868 2869 2871
f 2884 2885 2886
f 2884 2886 2789
f 2886 2885 2887
f 2888 2889 2890
f 2888 2887 2889
f 2888 2886 2887
f 2890 2891 2888
f 2890 2885 2891
f 2886 2888 2892
f 2886 2892 2793
f 2888 2893 2892
f 2893 2894 2892
f 2892 2894 2797
f 2893 2895 2894
f 2895 2896 2894
f 2894 2896 2799
f 2895 2897 2896
f 2896 2897 2898
f 2896 2898 1593
f 1630 1593 2898
f 2897 2899 2898
f 2898 2899 2900
f 2899 2901 2900
f 2899 2902 2901
f 2902 2903 2901
f 2741 2740 2904
f 2738 2904 2740
f 2741 2904 2905
f 2815 2741 2905
f 2815 2905 2906
f 2906 2905 2907
f 2906 2907 2908
f 2909 2906 2908
f 2909 2908 2910
f 2911 2909 2910
f 2911 2910 2912
f 2913 2911 2912
f 2913 2912 2914
f 2913 2914 2915
f 2916 2913 2915
f 2916 2915 2917
f 2918 2916 2917
f 2918 2917 2919
f 2920 2918 2919
f 2920 2919 2921
f 2922 2920 2921
f 2922 2921 2923
f 2924 2922 2923
f 2924 2923 2925
f 2926 2924 2925
f 2926 2925 2927
f 2837 2926 2927
f 2927 2925 2928
f 2927 2928 2929
f 2843 2927 2929
f 2929 2928 2930
f 2929 2930 2931
f 2850 2929 2931
f 2931 2930 2932
f 2931 2932 2933
f 2857 2931 2933
f 2933 2932 2934
f 2933 2934 2935
f 2862 2933 2935
f 2935 2934 2936
f 2935 2936 2937
f 2869 2935 2937
f 2869 2937 2938
f 2938 2937 2939
f 2938 2939 2940
f 2941 2940 2942
f 2943 2940 2941
f 2943 2944 2940
f 2945 2940 2946
f 2947 2940 2945
f 2948 2940 2947
f 2949 2940 2948
f 2950 2940 2949
f 2938 2940 2950
f 2942 2940 2951
f 2952 2951 2953
f 2954 2951 2952
f 2955 2951 2954
f 2956 2951 2955
f 2942 2951 2956
f 2953 2951 2957
f 2958 2957 2959
f 2960 2957 2958
f 2961 2957 2960
f 2962 2957 2961
f 2963 2957 2962
f 2963 2964 2957
f 2953 2957 2967
f 2971 2968 2957
f 2983 2978 2984
f 2988 2989 2990
f 2989 2992 2993
f 3017 3018 3019
f 3017 3022 3018
f 3021 3019 3018
f 3025 3018 3023
f 2987 2979 2988
f 2944 3031 2940
f 2971 2957 3032
f 3032 2957 3033
f 2964 3033 2957
f 2967 2957 2968
f 2946 2940 3036
f 3036 2940 3031
f 3022 3023 3018
f 2988 2990 2987
f 3026 3018 3025
f 3133 3134 1988
f 1988 3134 3135
f 1988 3135 3136
f 3137 3136 3133
f 1986 3136 3137
f 3133 3138 3139
f 3140 1988 3138
f 3141 3142 3139
f 3139 3138 1988
f 3141 3139 1988
f 1988 3140 3143
f 1988 3143 3133
f 3145 3146 3147
f 3147 3148 3149
f 3150 3151 3152
f 3150 3152 3149
f 3150 3149 3148
f 3150 3148 3153
f 3150 3153 3146
f 3146 3145 3150
f 2885 3154 3150
f 3150 3154 3151
f 3155 3156 3150
f 3155 3157 3158
f 3159 3150 3156
f 3159 3156 3160
f 3159 3160 3158
f 3159 3158 3157
f 3159 3157 3161
f 3159 3161 3162
f 3162 3163 3159
f 3159 3164 3165
f 3163 3162 3155
f 3150 3159 3166
f 3150 3166 2888
f 3159 3167 3166
f 3166 3167 3168
f 3166 3168 2893
f 3167 3169 3168
f 3168 3169 3170
f 3168 3170 2895
f 3169 3171 3170
f 3170 3171 3172
f 3170 3172 2897
f 3171 3173 3172
f 3172 3173 2902
f 3173 3174 2902
f 3173 3175 3174
f 3175 3176 3174
f 3174 3176 3177
f 1718 1959 3177
f 3174 3177 1959
f 3174 1959 2903
f 1691 1718 3177
f 1692 1691 3177
f 1358 1692 3177
f 1325 1326 3178
f 2904 1325 3178
f 2904 3178 3179
f 3179 3178 3180
f 3179 3180 3181
f 2907 3179 3181
f 2907 3181 3182
f 3182 3181 3183
f 3182 3183 3184
f 3185 3182 3184
f 3185 3184 3186
f 3187 3185 3186
f 3187 3186 3188
f 3189 3187 3188
f 3189 3188 3190
f 3191 3189 3190
f 3191 3190 3192
f 3191 3192 3193
f 3194 3191 3193
f 3194 3193 3195
f 3196 3194 3195
f 3196 3195 3197
f 3198 3196 3197
f 3198 3197 3199
f 3200 3198 3199
f 3200 3199 3201
f 3202 3200 3201
f 3202 3201 3203
f 3204 3202 3203
f 3204 3203 3205
f 2928 3204 3205
f 3205 3203 3206
f 3205 3206 3207
f 2930 3205 3207
f 3207 3206 3208
f 3207 3208 3209
f 2932 3207 3209
f 3209 3208 3210
f 3209 3210 3211
f 2934 3209 3211
f 3211 3210 3212
f 3211 3212 3213
f 2936 3211 3213
f 2936 3213 3214
f 3213 3215 3214
f 3214 3215 3216
f 3214 3216 2939
f 2939 3216 3217
f 3216 3218 3217
f 3217 3218 3219
f 3217 3219 3220
f 2940 3217 3220
f 3220 3219 3221
f 3220 3221 3222
f 2951 3220 3222
f 3222 3221 3223
f 3222 3223 3224
f 2957 3222 3224
f 2957 3224 3018
f 2957 3018 2959
f 3227 3228 3226
f 3226 3228 3229
f 3230 3226 3229
f 3231 3229 2130
f 2126 3231 2130
f 3229 3232 2130
f 3233 2130 3232
f 3234 3233 3232
f 3234 3232 3235
f 3236 3234 3235
f 3237 3236 3235
f 3237 3235 3238
f 3239 3237 3238
f 3240 3239 3238
f 3241 3240 3238
f 3244 3243 3241
f 3241 3238 3244
f 3247 3244 3238
f 3248 3247 3238
f 3248 3238 3228
f 3249 3248 3228
f 3250 3249 3228
f 3251 3250 3228
f 3252 3251 3228
f 3252 3228 3253
f 3260 3240 3259
f 3261 3260 3259
f 3264 3266 3260
f 3260 3266 3267
f 3267 3268 3260
f 3268 3239 3260
f 3268 3269 3239
f 3270 3269 3268
f 3271 3270 3268
f 3272 3270 3271
f 3273 3272 3271
f 3273 3271 3274
f 3275 3273 3274
f 3275 3274 2992
f 3276 3275 2992
f 3277 3276 2992
f 3003 3277 2992
f 2978 2992 2979
f 2983 2992 2978
f 3003 2992 2983
f 3277 3003 3018
f 3008 3018 3003
f 3008 3010 3018
f 3011 3018 3010
f 3005 3018 3011
f 3005 3007 3018
f 3016 3018 3007
f 3016 3013 3018
f 3015 3018 3013
f 3015 3021 3018
f 3027 3018 3026
f 3002 3018 3027
f 3030 3018 3002
f 3001 2992 3000
f 2996 2992 2998
f 3292 3274 3293
f 3274 3267 3293
f 3293 3267 3294
f 3296 3267 3297
f 3296 3294 3267
f 2998 3274 3292
f 2995 2992 2996
f 3000 2992 2995
f 3001 2993 2992
f 2988 2992 2989
f 2979 2992 2988
f 3309 3276 3277
f 3224 3309 3277
f 3309 3310 3276
f 3310 3311 3276
f 3310 3312 3311
f 3312 3313 3311
f 3311 3313 3314
f 3311 3314 3275
f 3313 3315 3314
f 3315 3316 3314
f 3314 3316 3273
f 3315 3317 3316
f 3317 3318 3316
f 3316 3318 3272
f 3318 3319 3272
f 3318 3320 3319
f 3320 3321 3319
f 3319 3321 3322
f 3319 3322 3270
f 3321 3323 3322
f 3322 3323 3324
f 3322 3324 3269
f 3269 3324 3237
f 3323 3325 3324
f 3324 3325 3236
f 3325 3326 3236
f 3325 3327 3326
f 3327 3328 3326
f 3326 3328 3329
f 3326 3329 3234
f 3328 3330 3329
f 3330 3331 3329
f 3329 3331 3233
f 3331 3332 3233
f 3331 3333 3332
f 3333 3334 3332
f 3332 3334 3335
f 3332 3335 2130
f 3336 2130 3335
f 3337 3338 3335
f 3337 3335 3339
f 3339 3334 3340
f 3341 3340 3334
f 3342 3341 3334
f 3342 3334 3343
f 3345 3344 3346
f 3348 3349 3350
f 3350 3349 3351
f 3352 3351 3349
f 3353 3352 3349
f 3353 3349 3354
f 3355 3356 3354
f 3357 3355 3358
f 3359 3358 3355
f 3359 3355 3360
f 3362 3361 3355
f 3363 3362 3355
f 3364 3363 3355
f 3365 3364 3355
f 3365 3355 3349
f 3366 3365 3349
f 3366 3349 3334
f 3334 3349 3344
f 3367 3365 3366
f 3368 3367 3366
f 3368 3366 3333
f 3369 3368 3333
f 3370 3368 3369
f 3371 3370 3369
f 3371 3369 3330
f 3372 3371 3330
f 3372 3373 3371
f 3373 3374 3371
f 3373 3375 3374
f 3375 3376 3374
f 3376 3377 3374
f 3374 3377 3370
f 3377 3378 3370
f 3377 3379 3378
f 3379 3380 3378
f 3378 3380 3367
f 3380 3381 3367
f 3380 3382 3381
f 3382 3383 3381
f 3381 3383 3364
f 3383 3384 3364
f 3385 3364 3384
f 3386 3363 3364
f 3384 3388 3387
f 3384 3389 3388
f 3390 3388 3389
f 3391 3389 3392
f 3393 3392 3394
f 3395 3394 3396
f 3396 3397 3395
f 3399 3398 3397
f 3397 3400 3399
f 3407 3406 3408
f 3409 3410 3408
f 3407 3408 3410
f 3412 3411 3409
f 3408 3412 3409
f 3408 3413 3412
f 3413 3414 3412
f 3412 3414 3415
f 3412 3415 3416
f 3412 3416 3417
f 3412 3417 3418
f 3412 3418 3419
f 3420 3417 3416
f 3416 3421 3420
f 3423 3422 3416
f 3424 3423 3416
f 3416 3425 3424
f 3427 3426 3416
f 3428 3427 3416
f 3416 3429 3428
f 3430 3431 3429
f 3432 3431 3430
f 3430 3433 3432
f 2814 2759 3523
f 3523 3524 2814
f 3524 3519 2814
f 3519 3522 3525
f 2814 3519 3525
f 3555 3549 3550
f 3555 3550 3556
f 3555 3556 3557
f 3555 3557 3552
f 1988 1987 3558
f 1988 3558 3555
f 3136 1986 1988
f 3549 3555 3558
f 1988 3555 3559
f 1988 3559 3560
f 3560 3559 3561
f 3560 3561 3562
f 3159 3560 3562
f 3562 3561 3563
f 3562 3563 3169
f 3561 3564 3563
f 3563 3564 3565
f 3563 3565 3171
f 3564 3566 3565
f 3565 3566 3175
f 3566 3567 3175
f 3566 3568 3567
f 3568 3569 3567
f 3567 3569 3570
f 3567 3570 3176
f 3176 3570 3571
f 3570 3572 3571
f 3571 3572 3573
f 3571 3573 1358
f 1965 2499 1358
f 3573 1965 1358
f 1358 1363 1359
f 1359 1363 1365
f 1359 1365 1366
f 1359 1366 1645
f 1645 1965 3573
f 1359 1645 3573
f 3573 3574 1359
f 1359 3574 3575
f 1359 3575 3576
f 3577 3578 3579
f 3579 3576 3575
f 3577 3579 3575
f 3588 3743 1344
f 3588 1344 1343
f 3588 1343 1345
f 3588 1345 3577
f 3598 1339 1338
f 3744 3603 3602
f 3744 3602 3745
f 3180 3744 3745
f 3180 3745 3746
f 3746 3745 3747
f 3746 3747 3748
f 3183 3746 3748
f 3183 3748 3749
f 3749 3748 3750
f 3749 3750 3751
f 3752 3749 3751
f 3752 3751 3753
f 3754 3752 3753
f 3754 3753 3755
f 3756 3754 3755
f 3756 3755 3757
f 3758 3756 3757
f 3758 3757 3759
f 3760 3758 3759
f 3760 3759 3761
f 3760 3761 3762
f 3763 3760 3762
f 3763 3762 3764
f 3765 3763 3764
f 3765 3764 3766
f 3767 3765 3766
f 3767 3766 3768
f 3769 3767 3768
f 3769 3768 3770
f 3771 3769 3770
f 3771 3770 3772
f 3773 3771 3772
f 3773 3772 3774
f 3206 3773 3774
f 3774 3772 3775
f 3774 3775 3776
f 3208 3774 3776
f 3776 3775 3777
f 3776 3777 3778
f 3210 3776 3778
f 3777 3779 3778
f 3778 3779 3780
f 3778 3780 3212
f 3212 3780 3781
f 3780 3782 3781
f 3781 3782 3783
f 3781 3783 3215
f 3215 3783 3784
f 3783 3785 3784
f 3784 3785 3786
f 3784 3786 3218
f 3218 3786 3787
f 3786 3788 3787
f 3787 3788 3789
f 3787 3789 3790
f 3219 3787 3790
f 3790 3789 3791
f 3790 3791 3792
f 3221 3790 3792
f 3791 3793 3792
f 3792 3793 3794
f 3792 3794 3223
f 3223 3794 3309
f 3793 3795 3794
f 3794 3795 3310
f 3793 3796 3795
f 3796 3797 3795
f 3795 3797 3312
f 3797 3798 3312
f 3797 3799 3798
f 3799 3800 3798
f 3798 3800 3801
f 3798 3801 3313
f 3800 3802 3801
f 3801 3802 3803
f 3801 3803 3315
f 3802 3804 3803
f 3804 3805 3803
f 3803 3805 3317
f 3805 3806 3317
f 3805 3807 3806
f 3807 3808 3806
f 3806 3808 3320
f 3808 3809 3320
f 3808 3810 3809
f 3810 3811 3809
f 3809 3811 3812
f 3809 3812 3321
f 3811 3813 3812
f 3812 3813 3814
f 3812 3814 3323
f 3813 3815 3814
f 3814 3815 3327
f 3815 3816 3327
f 3815 3817 3816
f 3817 3818 3816
f 3816 3818 3372
f 3816 3372 3328
f 3817 3819 3818
f 3819 3820 3818
f 3818 3820 3373
f 3819 3821 3820
f 3821 3822 3820
f 3820 3822 3375
f 3822 3823 3375
f 3822 3824 3823
f 3824 3825 3823
f 3823 3825 3826
f 3823 3826 3376
f 3826 3827 3376
f 3826 3828 3827
f 3828 3829 3827
f 3827 3829 3379
f 3829 3830 3379
f 3829 3831 3830
f 3831 3832 3830
f 3830 3832 3382
f 3832 3833 3382
f 3832 3834 3833
f 3833 3834 3835
f 3833 3835 3836
f 3833 3836 3383
f 3836 3835 3837
f 3836 3837 3396
f 3836 3396 3384
f 3396 3837 3838
f 3837 3839 3838
f 3838 3839 3413
f 3839 3840 3413
f 3839 3841 3840
f 3841 3842 3840
f 3840 3842 3843
f 3840 3843 3414
f 3414 3843 3844
f 3843 3845 3844
f 3844 3845 3846
f 3844 3846 3847
f 3415 3844 3847
f 3415 3847 3848
f 3848 3847 3849
f 3848 3849 3850
f 3430 3848 3850
f 3430 3850 3555
f 3430 3555 3851
f 3852 3430 3853
f 3851 3853 3430
f 3854 3430 3852
f 3430 3854 3855
f 3856 3430 3855
f 3859 3855 3858
f 3430 3859 3858
f 3551 3554 3552
f 3862 3555 3863
f 3555 3552 3554
f 3555 3554 3864
f 3555 3864 3865
f 3555 3865 3866
f 3866 3863 3555
f 3555 3862 3851
f 3430 3856 3859
f 2760 2759 2762
f 3555 3850 3872
f 3850 3873 3872
f 3872 3873 3874
f 3872 3874 3875
f 3559 3872 3875
f 3875 3874 3876
f 3875 3876 3564
f 3874 3877 3876
f 3876 3877 3568
f 3877 3878 3568
f 3877 3879 3878
f 3879 3880 3878
f 3878 3880 3881
f 3878 3881 3569
f 3569 3881 3882
f 3881 3611 3882
f 3882 3611 3610
f 3882 3610 3572
f 3572 3610 3735
f 3747 3605 3614
f 3747 3614 7551
f 7551 3614 3620
f 7551 3620 7552
f 3750 7551 7552
f 3750 7552 7553
f 7553 7552 7554
f 7553 7554 7555
f 7556 7553 7555
f 7556 7555 7557
f 7558 7556 7557
f 7558 7557 7559
f 7560 7558 7559
f 7560 7559 7561
f 7562 7560 7561
f 7562 7561 7563
f 7564 7562 7563
f 7564 7563 7565
f 7566 7564 7565
f 7566 7565 7567
f 7568 7566 7567
f 7568 7567 7569
f 7570 7568 7569
f 7570 7569 7571
f 7572 7570 7571
f 7572 7571 7573
f 7574 7572 7573
f 7574 7573 7575
f 7576 7574 7575
f 7576 7575 7577
f 7578 7576 7577
f 7578 7577 7579
f 3775 7578 7579
f 7577 7580 7579
f 7579 7580 7581
f 7579 7581 3777
f 7580 7582 7581
f 7581 7582 7583
f 7581 7583 3779
f 3779 7583 7584
f 7583 7585 7584
f 7584 7585 7586
f 7584 7586 3782
f 3782 7586 7587
f 7586 7588 7587
f 7587 7588 7589
f 7587 7589 3785
f 3785 7589 7590
f 7589 7591 7590
f 7590 7591 7592
f 7590 7592 3788
f 3788 7592 7593
f 7592 7594 7593
f 7593 7594 7595
f 7593 7595 7596
f 3789 7593 7596
f 7595 7597 7596
f 7596 7597 7598
f 7596 7598 3791
f 7597 7599 7598
f 7598 7599 3796
f 7599 7600 3796
f 7599 7601 7600
f 7601 7602 7600
f 7600 7602 3799
f 7602 7603 3799
f 7602 7604 7603
f 7604 7605 7603
f 7603 7605 7606
f 7603 7606 3800
f 7605 7607 7606
f 7606 7607 7608
f 7606 7608 3802
f 7607 7609 7608
f 7608 7609 7610
f 7608 7610 3804
f 7610 7611 3804
f 7610 7612 7611
f 7612 7613 7611
f 7611 7613 3807
f 7613 7614 3807
f 7613 7615 7614
f 7615 7616 7614
f 7614 7616 3810
f 7616 7617 3810
f 7616 7618 7617
f 7618 7619 7617
f 7617 7619 7620
f 7617 7620 3811
f 7619 7621 7620
f 7620 7621 7622
f 7620 7622 3813
f 7621 7623 7622
f 7622 7623 3817
f 7621 7624 7623
f 7624 7625 7623
f 7623 7625 3819
f 7624 7626 7625
f 7626 7627 7625
f 7625 7627 3821
f 7627 7628 3821
f 7627 7629 7628
f 7629 7630 7628
f 7628 7630 3824
f 7630 7631 3824
f 7630 7632 7631
f 7632 7633 7631
f 7631 7633 7634
f 7631 7634 3825
f 3825 7634 7635
f 7634 7636 7635
f 7636 7637 7635
f 7635 7637 3828
f 7637 7638 3828
f 7637 7639 7638
f 7638 7639 7640
f 7638 7640 3831
f 3831 7640 7641
f 7640 7642 7641
f 7641 7642 7643
f 7641 7643 3834
f 3834 7643 7644
f 7643 7645 7644
f 7644 7645 7646
f 7644 7646 7647
f 3835 7644 7647
f 7647 7646 3841
f 7646 7648 3841
f 7646 7649 7648
f 7649 7650 7648
f 7648 7650 7651
f 7648 7651 3842
f 3842 7651 7652
f 7651 7653 7652
f 7652 7653 7654
f 7652 7654 3845
f 3845 7654 7655
f 7654 7656 7655
f 7655 7656 7657
f 7655 7657 7658
f 3846 7655 7658
f 3846 7658 7659
f 7659 7658 7660
f 7659 7660 7661
f 3849 7659 7661
f 3849 7661 3873
f 3873 7661 7662
f 7661 7663 7662
f 7662 7663 3879
f 7663 7664 3879
f 7663 7665 7664
f 7665 3608 7664
f 7664 3608 3737
f 7664 3737 3880
f 3880 3737 3738
f 7666 3625 3596
f 7666 3596 7665
f 7660 7666 7665
f 7657 3625 7666
f 7657 3626 3625
f 7667 3627 3628
f 7667 3628 7668
f 7669 7667 7668
f 7669 7668 7670
f 7671 7669 7670
f 7671 7670 7672
f 7673 7671 7672
f 7673 7672 7674
f 7675 7673 7674
f 7675 7674 7645
f 7645 7674 7649
f 7674 7676 7649
f 7677 7673 7675
f 7642 7677 7675
f 7678 7677 7642
f 7678 7679 7677
f 7679 7680 7677
f 7679 7681 7680
f 7681 7682 7680
f 7680 7682 7671
f 7681 7683 7682
f 7683 7684 7682
f 7682 7684 7669
f 7683 7685 7684
f 7685 7686 7684
f 7684 7686 7667
f 7685 7687 7686
f 7687 3594 7686
f 7686 3594 3627
f 7687 3621 3594
f 7688 3641 3640
f 7688 3640 7689
f 7690 7688 7689
f 7690 7689 7691
f 7692 7690 7691
f 7692 7691 7693
f 7694 7692 7693
f 7694 7693 7695
f 7696 7694 7695
f 7696 7695 7697
f 7698 7696 7697
f 7698 7697 7699
f 7700 7698 7699
f 7700 7699 7701
f 7702 7700 7701
f 7702 7701 7703
f 7702 7703 7704
f 7705 7702 7704
f 7705 7704 7706
f 7707 7705 7706
f 7707 7706 7708
f 7709 7707 7708
f 7709 7708 7710
f 7711 7709 7710
f 7711 7710 7712
f 7713 7711 7712
f 7713 7712 7714
f 7715 7713 7714
f 7715 7714 7588
f 7588 7714 7716
f 7714 7717 7716
f 7716 7717 7718
f 7716 7718 7591
f 7591 7718 7719
f 7718 7720 7719
f 7719 7720 7721
f 7719 7721 7594
f 7594 7721 7722
f 7721 7723 7722
f 7723 7724 7722
f 7722 7724 7725
f 7722 7725 7595
f 7724 7726 7725
f 7725 7726 7727
f 7725 7727 7597
f 7726 7728 7727
f 7727 7728 7601
f 7728 7729 7601
f 7728 7730 7729
f 7730 7731 7729
f 7729 7731 7604
f 7731 7732 7604
f 7731 7733 7732
f 7733 7734 7732
f 7732 7734 7735
f 7732 7735 7605
f 7734 7736 7735
f 7735 7736 7737
f 7735 7737 7607
f 7736 7738 7737
f 7737 7738 7739
f 7737 7739 7609
f 7609 7739 7740
f 7739 7741 7740
f 7741 7742 7740
f 7740 7742 7612
f 7742 7743 7612
f 7742 7744 7743
f 7744 7745 7743
f 7743 7745 7615
f 7745 7746 7615
f 7745 7747 7746
f 7747 7748 7746
f 7746 7748 7618
f 7748 7749 7618
f 7748 7750 7749
f 7750 7751 7749
f 7749 7751 7752
f 7749 7752 7619
f 7751 7753 7752
f 7752 7753 7624
f 7751 7754 7753
f 7754 7755 7753
f 7753 7755 7626
f 7755 7756 7626
f 7755 7757 7756
f 7757 7758 7756
f 7756 7758 7629
f 7758 7759 7629
f 7758 7760 7759
f 7759 7760 7761
f 7759 7761 7632
f 7632 7761 7762
f 7761 7763 7762
f 7762 7763 7764
f 7762 7764 7765
f 7633 7762 7765
f 7633 7765 7766
f 7766 7765 7767
f 7766 7767 7636
f 7636 7767 7768
f 7767 7769 7768
f 7768 7769 7770
f 7768 7770 7639
f 7639 7770 7678
f 7769 7771 7770
f 7770 7771 7679
f 7769 7772 7771
f 7772 7773 7771
f 7771 7773 7681
f 7772 7774 7773
f 7774 7775 7773
f 7773 7775 7683
f 7774 7776 7775
f 7776 7777 7775
f 7775 7777 7685
f 7776 7778 7777
f 7778 7779 7777
f 7777 7779 7687
f 7778 7780 7779
f 7780 3584 7779
f 7781 7780 7778
f 7782 7781 7778
f 7783 7781 7782
f 7784 7783 7782
f 7784 7782 7785
f 7786 7784 7785
f 7786 7785 7787
f 7764 7786 7787
f 7764 7787 7788
f 7788 7787 7772
f 7787 7785 7774
f 7789 7784 7786
f 7763 7789 7786
f 7790 7789 7763
f 7790 7791 7789
f 7791 7792 7789
f 7791 7793 7792
f 7793 7794 7792
f 7792 7794 7783
f 7794 7795 7783
f 7794 7796 7795
f 7796 7797 7795
f 7795 7797 7798
f 7795 7798 7781
f 7797 3615 7798
f 7796 7799 7797
f 7799 3731 7797
f 7800 7799 7796
f 7801 7800 7796
f 7802 7800 7801
f 7803 7802 7801
f 7803 7801 7793
f 7804 7803 7793
f 7805 7803 7804
f 7806 7805 7804
f 7806 7804 7807
f 7808 7806 7807
f 7808 7807 7760
f 7760 7807 7790
f 7809 7806 7808
f 7757 7809 7808
f 7810 7809 7757
f 7810 7811 7809
f 7811 7812 7809
f 7811 7813 7812
f 7813 7814 7812
f 7812 7814 7805
f 7814 7815 7805
f 7814 7816 7815
f 7816 7817 7815
f 7815 7817 7802
f 7817 7818 7802
f 7817 7819 7818
f 7819 7820 7818
f 7818 7820 7821
f 7818 7821 7800
f 7820 3727 7821
f 7819 7822 7820
f 7822 3660 7820
f 7823 7822 7819
f 7824 7823 7819
f 7825 7823 7824
f 7826 7825 7824
f 7826 7824 7816
f 7827 7826 7816
f 7828 7826 7827
f 7829 7828 7827
f 7829 7827 7813
f 7830 7829 7813
f 7831 7829 7830
f 7832 7831 7830
f 7832 7830 7833
f 7832 7833 7834
f 7835 7832 7834
f 7835 7834 7750
f 7836 7835 7750
f 7837 7835 7836
f 7838 7837 7836
f 7838 7836 7747
f 7839 7838 7747
f 7840 7838 7839
f 7841 7840 7839
f 7841 7839 7744
f 7842 7841 7744
f 7843 7841 7842
f 7844 7843 7842
f 7844 7842 7741
f 7845 7844 7741
f 7845 7846 7844
f 7846 7847 7844
f 7846 7848 7847
f 7848 7849 7847
f 7849 7850 7847
f 7847 7850 7843
f 7850 7851 7843
f 7850 7852 7851
f 7852 7853 7851
f 7851 7853 7840
f 7853 7854 7840
f 7853 7855 7854
f 7855 7856 7854
f 7854 7856 7837
f 7856 7857 7837
f 7856 7858 7857
f 7857 7858 7831
f 7858 7859 7831
f 7858 7860 7859
f 7860 7861 7859
f 7859 7861 7828
f 7861 7862 7828
f 7861 7863 7862
f 7863 7864 7862
f 7862 7864 7825
f 7864 7865 7825
f 7864 7866 7865
f 7866 7867 7865
f 7865 7867 7868
f 7865 7868 7823
f 7867 3723 7868
f 7866 7869 7867
f 7869 3721 7867
f 7870 7869 7866
f 7871 7870 7866
f 7872 7870 7871
f 7873 7872 7871
f 7873 7871 7863
f 7874 7873 7863
f 7875 7873 7874
f 7876 7875 7874
f 7876 7874 7860
f 7877 7876 7860
f 7878 7876 7877
f 7855 7878 7877
f 7879 7878 7855
f 7879 7880 7878
f 7880 7881 7878
f 7880 7882 7881
f 7882 7883 7881
f 7881 7883 7875
f 7883 7884 7875
f 7883 7885 7884
f 7885 7886 7884
f 7884 7886 7872
f 7886 7887 7872
f 7886 7888 7887
f 7888 7889 7887
f 7887 7889 7890
f 7887 7890 7870
f 7889 3717 7890
f 7888 7891 7889
f 7891 3675 7889
f 7892 7891 7888
f 7893 7892 7888
f 7894 7892 7893
f 7895 7894 7893
f 7895 7893 7885
f 7896 7895 7885
f 7897 7895 7896
f 7898 7897 7896
f 7898 7896 7882
f 7899 7898 7882
f 7900 7898 7899
f 7901 7900 7899
f 7901 7899 7902
f 7901 7902 7903
f 7904 7901 7903
f 7904 7903 7849
f 7905 7904 7849
f 7905 7906 7904
f 7906 7907 7904
f 7906 7908 7907
f 7908 7909 7907
f 7907 7909 7900
f 7909 7910 7900
f 7909 7911 7910
f 7911 7912 7910
f 7910 7912 7897
f 7912 7913 7897
f 7912 7914 7913
f 7914 7915 7913
f 7913 7915 7894
f 7915 7916 7894
f 7915 7917 7916
f 7917 7918 7916
f 7916 7918 7919
f 7916 7919 7892
f 7918 3651 7919
f 7917 7920 7918
f 7920 3713 7918
f 7921 7920 7917
f 7922 7921 7917
f 7923 7921 7922
f 7924 7923 7922
f 7924 7922 7914
f 7925 7924 7914
f 7926 7924 7925
f 7927 7926 7925
f 7927 7925 7911
f 7928 7927 7911
f 7929 7927 7928
f 7930 7929 7928
f 7930 7928 7908
f 7931 7929 7930
f 7931 7930 7932
f 7933 7931 7932
f 7933 7932 7934
f 7935 7933 7934
f 7935 7934 7936
f 7937 7935 7936
f 7937 7936 7938
f 7939 7937 7938
f 7939 7938 7738
f 7738 7938 7845
f 7940 7937 7939
f 7941 7940 7939
f 7941 7939 7736
f 7942 7940 7941
f 7943 7942 7941
f 7943 7941 7734
f 7944 7942 7943
f 7945 7944 7943
f 7945 7943 7733
f 7946 7945 7733
f 7947 7945 7946
f 7948 7947 7946
f 7948 7946 7730
f 7949 7948 7730
f 7950 7948 7949
f 7951 7950 7949
f 7951 7949 7726
f 7952 7950 7951
f 7953 7952 7951
f 7953 7951 7724
f 7954 7952 7953
f 7955 7954 7953
f 7955 7953 7723
f 7956 7955 7723
f 7956 7957 7955
f 7957 7958 7955
f 7957 7959 7958
f 7959 7960 7958
f 7960 7961 7958
f 7958 7961 7954
f 7961 7962 7954
f 7961 7963 7962
f 7963 7964 7962
f 7962 7964 7965
f 7962 7965 7952
f 7964 7966 7965
f 7965 7966 7967
f 7965 7967 7950
f 7966 7968 7967
f 7967 7968 7947
f 7968 7969 7947
f 7968 7970 7969
f 7970 7971 7969
f 7969 7971 7944
f 7971 7972 7944
f 7971 7973 7972
f 7973 7974 7972
f 7972 7974 7975
f 7972 7975 7942
f 7974 7976 7975
f 7975 7976 7977
f 7975 7977 7940
f 7976 7978 7977
f 7977 7978 7935
f 7976 7979 7978
f 7979 7980 7978
f 7978 7980 7933
f 7979 7981 7980
f 7980 7981 7982
f 7980 7982 7931
f 7981 7983 7982
f 7982 7983 7984
f 7982 7984 7929
f 7983 7985 7984
f 7984 7985 7926
f 7985 7986 7926
f 7985 7987 7986
f 7987 7988 7986
f 7986 7988 7923
f 7988 7989 7923
f 7988 7990 7989
f 7990 7991 7989
f 7989 7991 7992
f 7989 7992 7921
f 7991 3709 7992
f 7990 7993 7991
f 7993 3644 7991
f 7994 7993 7990
f 7995 7994 7990
f 7996 7994 7995
f 7997 7996 7995
f 7997 7995 7987
f 7998 7997 7987
f 7999 7997 7998
f 8000 7999 7998
f 8000 7998 7983
f 8001 7999 8000
f 8002 8001 8000
f 8002 8000 7981
f 8003 8001 8002
f 8004 8003 8002
f 8004 8002 7979
f 8005 8003 8004
f 8005 8004 7974
f 8005 8006 8003
f 8006 8007 8003
f 8006 8008 8007
f 8008 8009 8007
f 8007 8009 8010
f 8007 8010 8001
f 8009 8011 8010
f 8010 8011 8012
f 8010 8012 7999
f 8011 8013 8012
f 8012 8013 7996
f 8013 8014 7996
f 8013 8015 8014
f 8015 8016 8014
f 8014 8016 8017
f 8014 8017 7994
f 8016 3705 8017
f 8015 8018 8016
f 8018 3703 8016
f 8019 8018 8015
f 8020 8019 8015
f 8021 8019 8020
f 8022 8021 8020
f 8022 8020 8011
f 8023 8021 8022
f 8024 8023 8022
f 8024 8022 8009
f 8025 8023 8024
f 8026 8025 8024
f 8026 8024 8008
f 8027 8026 8008
f 8028 8026 8027
f 8029 8028 8027
f 8029 8027 8030
f 8029 8030 8031
f 8032 8029 8031
f 8032 8031 7970
f 8033 8032 7970
f 8034 8032 8033
f 8035 8034 8033
f 8035 8033 7966
f 8036 8034 8035
f 8037 8036 8035
f 8037 8035 7964
f 8038 8036 8037
f 8039 8038 8037
f 8039 8037 7963
f 8040 8039 7963
f 8041 8039 8040
f 8042 8041 8040
f 8042 8040 7960
f 8043 8042 7960
f 8043 8044 8042
f 8044 8045 8042
f 8044 8046 8045
f 8046 8047 8045
f 8047 8048 8045
f 8045 8048 8041
f 8048 8049 8041
f 8048 8050 8049
f 8050 8051 8049
f 8049 8051 8038
f 8051 8052 8038
f 8051 8053 8052
f 8052 8053 8054
f 8052 8054 8055
f 8052 8055 8036
f 8055 8054 8056
f 8055 8056 8057
f 8055 8057 8034
f 8057 8056 8028
f 8056 8058 8028
f 8056 8059 8058
f 8059 8060 8058
f 8058 8060 8025
f 8060 8061 8025
f 8060 8062 8061
f 8062 8063 8061
f 8061 8063 8064
f 8061 8064 8023
f 8063 8065 8064
f 8064 8065 8066
f 8064 8066 8021
f 8065 8067 8066
f 8066 8067 8068
f 8066 8068 8019
f 8067 3701 8068
f 8065 8069 8067
f 8069 3697 8067
f 8070 8069 8065
f 8070 8071 8069
f 8071 3691 8069
f 8072 8071 8070
f 8073 8072 8070
f 8073 8070 8063
f 8074 8072 8073
f 8075 8074 8073
f 8075 8073 8062
f 8076 8075 8062
f 8077 8075 8076
f 8078 8077 8076
f 8078 8076 8059
f 8054 8078 8059
f 8079 8077 8078
f 8053 8079 8078
f 8080 8079 8053
f 8080 8081 8079
f 8081 8082 8079
f 8081 8083 8082
f 8083 8084 8082
f 8082 8084 8085
f 8082 8085 8077
f 8084 8086 8085
f 8085 8086 8074
f 8086 8087 8074
f 8086 8088 8087
f 8088 8089 8087
f 8087 8089 8090
f 8087 8090 8072
f 8089 3638 8090
f 8089 3677 3638
f 8091 3639 3678
f 8091 3678 8092
f 8093 8091 8092
f 8093 8092 8094
f 8095 8093 8094
f 8095 8094 8096
f 8097 8095 8096
f 8097 8096 8098
f 8099 8097 8098
f 8099 8098 8100
f 8101 8099 8100
f 8101 8100 8102
f 8103 8101 8102
f 8103 8102 8104
f 8105 8103 8104
f 8105 8104 8106
f 8105 8106 8107
f 8108 8105 8107
f 8108 8107 8109
f 8110 8108 8109
f 8110 8109 8111
f 8112 8110 8111
f 8112 8111 8113
f 8114 8112 8113
f 8114 8113 8115
f 8116 8114 8115
f 8116 8115 8117
f 7717 8116 8117
f 7712 8116 7717
f 8117 8115 8118
f 8117 8118 7720
f 7720 8118 7956
f 8115 8119 8118
f 8118 8119 7957
f 7710 8114 8116
f 8115 8113 8119
f 8113 8120 8119
f 8119 8120 7959
f 8120 8043 7959
f 8120 8121 8043
f 8111 8121 8120
f 7708 8112 8114
f 8113 8111 8120
f 7706 8110 8112
f 8111 8109 8121
f 8109 8122 8121
f 8121 8122 8044
f 7704 8108 8110
f 8109 8107 8122
f 8107 8123 8122
f 8122 8123 8046
f 8123 8124 8046
f 8123 8125 8124
f 8125 8126 8124
f 8124 8126 8127
f 8124 8127 8047
f 8127 8128 8047
f 8127 8129 8128
f 8128 8129 8130
f 8128 8130 8050
f 8050 8130 8080
f 8129 8131 8130
f 8130 8131 8081
f 8129 8132 8131
f 8132 8133 8131
f 8131 8133 8083
f 8133 8134 8083
f 8133 8135 8134
f 8135 8136 8134
f 8134 8136 8137
f 8134 8137 8084
f 8136 8138 8137
f 8137 8138 8088
f 8138 8139 8088
f 8138 8140 8139
f 8140 3680 8139
f 8139 3680 3677
f 8140 3682 3680
f 8141 3681 3683
f 8141 3683 8142
f 8143 8141 8142
f 8143 8142 8144
f 8145 8143 8144
f 8145 8144 8146
f 8147 8145 8146
f 8147 8146 8148
f 8149 8147 8148
f 8149 8148 8150
f 8151 8149 8150
f 8151 8150 8152
f 8153 8151 8152
f 8153 8152 8154
f 8125 8153 8154
f 8106 8153 8125
f 8154 8152 8155
f 8154 8155 8156
f 8126 8154 8156
f 8156 8155 8132
f 8155 8157 8132
f 8155 8158 8157
f 8158 8159 8157
f 8157 8159 8135
f 8159 8160 8135
f 8159 8161 8160
f 8161 8162 8160
f 8160 8162 8163
f 8160 8163 8136
f 8162 8164 8163
f 8163 8164 8140
f 8162 8165 8164
f 8165 3684 8164
f 8164 3684 3682
f 8165 3686 3684
f 8166 3685 3687
f 8166 3687 8167
f 8168 8166 8167
f 8168 8167 8169
f 8170 8168 8169
f 8170 8169 8161
f 8171 8170 8161
f 8148 8170 8171
f 8146 8168 8170
f 8169 8167 8165
f 8144 8166 8168
f 8142 3685 8166
f 8167 3687 3686
f 8167 3686 8165
f 8169 8165 8162
f 8161 8169 8162
f 8171 8161 8159
f 8158 8171 8159
f 8150 8171 8158
f 8152 8158 8155
f 8104 8151 8153
f 8152 8150 8158
f 8102 8149 8151
f 8150 8148 8171
f 8100 8147 8149
f 8148 8146 8170
f 8098 8145 8147
f 8146 8144 8168
f 8096 8143 8145
f 8144 8142 8166
f 8094 8141 8143
f 8142 3683 3685
f 8092 3681 8141
f 8164 3682 8140
f 8163 8140 8138
f 8136 8163 8138
f 8135 8160 8136
f 8157 8135 8133
f 8132 8157 8133
f 8156 8132 8129
f 8127 8156 8129
f 8126 8156 8127
f 8125 8154 8126
f 8106 8125 8123
f 7703 8105 8108
f 8107 8106 8123
f 8106 8104 8153
f 7703 8103 8105
f 8104 8102 8151
f 7701 8101 8103
f 8102 8100 8149
f 7699 8099 8101
f 8100 8098 8147
f 7697 8097 8099
f 8098 8096 8145
f 7695 8095 8097
f 8096 8094 8143
f 7693 8093 8095
f 8094 8092 8141
f 7691 8091 8093
f 8092 3678 3681
f 7689 3639 8091
f 8139 3677 8089
f 8088 8139 8089
f 8137 8088 8086
f 8084 8137 8086
f 8083 8134 8084
f 8131 8083 8081
f 8130 8081 8080
f 8079 8082 8077
f 8077 8085 8075
f 8085 8074 8075
f 8074 8087 8072
f 8072 8090 8071
f 8090 3689 8071
f 8063 8070 8065
f 8062 8073 8063
f 8076 8062 8060
f 8059 8076 8060
f 8054 8059 8056
f 8053 8078 8054
f 8051 8080 8053
f 8050 8080 8051
f 8128 8050 8048
f 8047 8128 8048
f 8046 8124 8047
f 8122 8046 8044
f 8121 8044 8043
f 8045 8041 8042
f 8041 8049 8039
f 8049 8038 8039
f 8038 8052 8036
f 8036 8055 8034
f 8034 8057 8032
f 8057 8029 8032
f 8031 8030 7973
f 8030 8005 7973
f 8030 8027 8006
f 8057 8028 8029
f 8028 8058 8026
f 8058 8025 8026
f 8025 8061 8023
f 8023 8064 8021
f 8021 8066 8019
f 8019 8068 8018
f 8068 3693 8018
f 8020 8015 8013
f 8011 8020 8013
f 8009 8022 8011
f 8008 8024 8009
f 8027 8008 8006
f 8030 8006 8005
f 8003 8007 8001
f 8001 8010 7999
f 7999 8012 7997
f 8012 7996 7997
f 7996 8014 7994
f 7994 8017 7993
f 8017 3707 7993
f 7995 7990 7988
f 7987 7995 7988
f 7998 7987 7985
f 7983 7998 7985
f 7981 8000 7983
f 7979 8002 7981
f 8004 7979 7976
f 7974 8004 7976
f 7973 8005 7974
f 8031 7973 7971
f 7970 8031 7971
f 8033 7970 7968
f 7966 8033 7968
f 7964 8035 7966
f 7963 8037 7964
f 8040 7963 7961
f 7960 8040 7961
f 7959 8043 7960
f 8119 7959 7957
f 8118 7957 7956
f 7958 7954 7955
f 7954 7962 7952
f 7952 7965 7950
f 7950 7967 7948
f 7967 7947 7948
f 7947 7969 7945
f 7969 7944 7945
f 7944 7972 7942
f 7942 7975 7940
f 7940 7977 7937
f 7938 7936 7846
f 7977 7935 7937
f 7936 7934 7848
f 7934 7905 7848
f 7978 7933 7935
f 7934 7932 7905
f 7980 7931 7933
f 7932 7930 7906
f 7931 7982 7929
f 7929 7984 7927
f 7984 7926 7927
f 7926 7986 7924
f 7986 7923 7924
f 7923 7989 7921
f 7921 7992 7920
f 7992 3711 7920
f 7922 7917 7915
f 7914 7922 7915
f 7925 7914 7912
f 7911 7925 7912
f 7928 7911 7909
f 7908 7928 7909
f 7930 7908 7906
f 7932 7906 7905
f 7907 7901 7904
f 7903 7902 7852
f 7902 7879 7852
f 7902 7899 7880
f 7907 7900 7901
f 7900 7910 7898
f 7910 7897 7898
f 7897 7913 7895
f 7913 7894 7895
f 7894 7916 7892
f 7892 7919 7891
f 7919 3653 7891
f 7893 7888 7886
f 7885 7893 7886
f 7896 7885 7883
f 7882 7896 7883
f 7899 7882 7880
f 7902 7880 7879
f 7878 7881 7876
f 7881 7875 7876
f 7875 7884 7873
f 7884 7872 7873
f 7872 7887 7870
f 7870 7890 7869
f 7890 3719 7869
f 7871 7866 7864
f 7863 7871 7864
f 7874 7863 7861
f 7860 7874 7861
f 7877 7860 7858
f 7856 7877 7858
f 7855 7877 7856
f 7879 7855 7853
f 7852 7879 7853
f 7903 7852 7850
f 7849 7903 7850
f 7848 7905 7849
f 7936 7848 7846
f 7938 7846 7845
f 7847 7843 7844
f 7843 7851 7841
f 7851 7840 7841
f 7840 7854 7838
f 7854 7837 7838
f 7837 7857 7835
f 7857 7832 7835
f 7834 7833 7754
f 7833 7810 7754
f 7833 7830 7811
f 7857 7831 7832
f 7831 7859 7829
f 7859 7828 7829
f 7828 7862 7826
f 7862 7825 7826
f 7825 7865 7823
f 7823 7868 7822
f 7868 3658 7822
f 7824 7819 7817
f 7816 7824 7817
f 7827 7816 7814
f 7813 7827 7814
f 7830 7813 7811
f 7833 7811 7810
f 7809 7812 7806
f 7807 7804 7791
f 7812 7805 7806
f 7805 7815 7803
f 7815 7802 7803
f 7802 7818 7800
f 7800 7821 7799
f 7821 3729 7799
f 7801 7796 7794
f 7793 7801 7794
f 7804 7793 7791
f 7807 7791 7790
f 7789 7792 7784
f 7785 7782 7776
f 7792 7783 7784
f 7783 7795 7781
f 7781 7798 7780
f 7798 3733 7780
f 7782 7778 7776
f 7785 7776 7774
f 7787 7774 7772
f 7788 7772 7769
f 7767 7788 7769
f 7765 7788 7767
f 7765 7764 7788
f 7763 7786 7764
f 7761 7790 7763
f 7760 7790 7761
f 7758 7808 7760
f 7757 7808 7758
f 7810 7757 7755
f 7754 7810 7755
f 7834 7754 7751
f 7750 7834 7751
f 7836 7750 7748
f 7747 7836 7748
f 7839 7747 7745
f 7744 7839 7745
f 7842 7744 7742
f 7741 7842 7742
f 7739 7845 7741
f 7738 7845 7739
f 7736 7939 7738
f 7734 7941 7736
f 7733 7943 7734
f 7946 7733 7731
f 7730 7946 7731
f 7949 7730 7728
f 7726 7949 7728
f 7724 7951 7726
f 7723 7953 7724
f 7721 7956 7723
f 7720 7956 7721
f 7718 8117 7720
f 7717 8117 7718
f 8172 7713 7715
f 7585 8172 7715
f 8173 8172 7585
f 8173 8174 8172
f 8174 8175 8172
f 8174 8176 8175
f 8176 8177 8175
f 8175 8177 7711
f 8176 8178 8177
f 8178 8179 8177
f 8177 8179 7709
f 8178 8180 8179
f 8180 8181 8179
f 8179 8181 7707
f 8180 8182 8181
f 8182 8183 8181
f 8181 8183 7705
f 8182 8184 8183
f 8183 8184 7700
f 8182 8185 8184
f 8185 8186 8184
f 8184 8186 7698
f 8185 8187 8186
f 8187 8188 8186
f 8186 8188 7696
f 8187 8189 8188
f 8189 8190 8188
f 8188 8190 7694
f 8189 8191 8190
f 8191 8192 8190
f 8190 8192 7692
f 8191 8193 8192
f 8193 8194 8192
f 8192 8194 7690
f 8193 8195 8194
f 8195 8196 8194
f 8194 8196 7688
f 8195 8197 8196
f 8197 3635 8196
f 8196 3635 3641
f 8198 3656 3655
f 8198 3655 8197
f 8199 8198 8197
f 8200 8198 8199
f 8201 8200 8199
f 8201 8199 8202
f 8203 8201 8202
f 8203 8202 8204
f 8205 8203 8204
f 8205 8204 8206
f 8207 8205 8206
f 8207 8206 8208
f 8209 8207 8208
f 8209 8208 8210
f 8211 8209 8210
f 8211 8210 8212
f 8211 8212 8213
f 8214 8211 8213
f 8214 8213 8215
f 8216 8214 8215
f 8216 8215 8217
f 8218 8216 8217
f 8218 8217 8219
f 8220 8218 8219
f 8220 8219 7582
f 7582 8219 8173
f 8221 8218 8220
f 8222 8221 8220
f 8222 8220 7580
f 8223 8221 8222
f 7575 8223 8222
f 8223 8224 8221
f 8224 8225 8221
f 8224 8226 8225
f 8226 8227 8225
f 8225 8227 8216
f 8226 8228 8227
f 8228 8229 8227
f 8227 8229 8214
f 8228 8230 8229
f 8229 8230 8209
f 8228 8231 8230
f 8231 8232 8230
f 8230 8232 8207
f 8231 8233 8232
f 8233 8234 8232
f 8232 8234 8205
f 8233 8235 8234
f 8235 8236 8234
f 8234 8236 8203
f 8235 8237 8236
f 8237 8238 8236
f 8236 8238 8201
f 8237 8239 8238
f 8239 8240 8238
f 8238 8240 8200
f 8240 8241 8200
f 8240 8242 8241
f 8242 3647 8241
f 8241 3647 3656
f 8243 3661 3667
f 8243 3667 8242
f 8244 8243 8242
f 8245 8243 8244
f 8246 8245 8244
f 8246 8244 8239
f 8247 8246 8239
f 8248 8246 8247
f 8249 8248 8247
f 8249 8247 8250
f 8251 8249 8250
f 8251 8250 8252
f 8253 8251 8252
f 8253 8252 8254
f 8255 8253 8254
f 8255 8254 8256
f 8255 8256 8257
f 8258 8255 8257
f 8258 8257 8259
f 7571 8258 8259
f 8259 8257 8224
f 8260 8255 8258
f 7569 8260 8258
f 8257 8256 8226
f 8256 8254 8231
f 8260 8253 8255
f 8260 8261 8253
f 7567 8261 8260
f 8254 8252 8233
f 8261 8251 8253
f 8261 8262 8251
f 7565 8262 8261
f 8252 8250 8235
f 8262 8249 8251
f 8262 8263 8249
f 7563 8263 8262
f 8250 8247 8237
f 8263 8248 8249
f 8263 8264 8248
f 8264 8265 8248
f 8264 8266 8265
f 8266 8267 8265
f 8265 8267 8245
f 8267 8268 8245
f 8267 8269 8268
f 8269 3672 8268
f 8268 3672 3661
f 8270 3668 3670
f 8270 3670 8269
f 8271 8270 8269
f 7555 8270 8271
f 7554 3668 8270
f 7554 3664 3668
f 8269 3670 3672
f 8271 8269 8267
f 8266 8271 8267
f 7557 8271 8266
f 7559 8266 8264
f 7561 8264 8263
f 8248 8265 8246
f 8265 8245 8246
f 8245 8268 8243
f 8268 3661 8243
f 8242 3667 3647
f 8244 8242 8240
f 8239 8244 8240
f 8247 8239 8237
f 8250 8237 8235
f 8252 8235 8233
f 8254 8233 8231
f 8256 8231 8228
f 8256 8228 8226
f 8257 8226 8224
f 8259 8224 8223
f 7573 8259 8223
f 8221 8225 8218
f 8219 8217 8174
f 8225 8216 8218
f 8217 8215 8176
f 8227 8214 8216
f 8215 8213 8178
f 8229 8211 8214
f 8213 8212 8180
f 8212 8210 8185
f 8229 8209 8211
f 8210 8208 8187
f 8230 8207 8209
f 8208 8206 8189
f 8232 8205 8207
f 8206 8204 8191
f 8234 8203 8205
f 8204 8202 8193
f 8236 8201 8203
f 8202 8199 8195
f 8238 8200 8201
f 8200 8241 8198
f 8241 3656 8198
f 8197 3655 3635
f 8199 8197 8195
f 8202 8195 8193
f 8204 8193 8191
f 8206 8191 8189
f 8208 8189 8187
f 8210 8187 8185
f 8212 8185 8182
f 8212 8182 8180
f 8213 8180 8178
f 8215 8178 8176
f 8217 8176 8174
f 8219 8174 8173
f 8172 8175 7713
f 7714 7712 7717
f 8175 7711 7713
f 7712 7710 8116
f 8177 7709 7711
f 7710 7708 8114
f 8179 7707 7709
f 7708 7706 8112
f 8181 7705 7707
f 7706 7704 8110
f 8183 7702 7705
f 7704 7703 8108
f 7703 7701 8103
f 8183 7700 7702
f 7701 7699 8101
f 8184 7698 7700
f 7699 7697 8099
f 8186 7696 7698
f 7697 7695 8097
f 8188 7694 7696
f 7695 7693 8095
f 8190 7692 7694
f 7693 7691 8093
f 8192 7690 7692
f 7691 7689 8091
f 8194 7688 7690
f 7689 3640 3639
f 8196 3641 7688
f 8090 3638 3689
f 8071 3689 3691
f 8069 3691 3697
f 8067 3697 3701
f 8068 3701 3693
f 8018 3693 3703
f 8016 3703 3705
f 8017 3705 3707
f 7993 3707 3644
f 7991 3644 3709
f 7992 3709 3711
f 7920 3711 3713
f 7918 3713 3651
f 7919 3651 3653
f 7891 3653 3675
f 7889 3675 3717
f 7890 3717 3719
f 7869 3719 3721
f 7867 3721 3723
f 7868 3723 3658
f 7822 3658 3660
f 7820 3660 3727
f 7821 3727 3729
f 7799 3729 3731
f 7797 3731 3615
f 7798 3615 3733
f 7780 3733 3584
f 7779 3584 3621
f 7779 3621 7687
f 7777 7687 7685
f 7775 7685 7683
f 7773 7683 7681
f 7771 7681 7679
f 7770 7679 7678
f 7677 7680 7673
f 7674 7672 7676
f 7672 8272 7676
f 7676 8272 8273
f 7676 8273 7650
f 7650 8273 8274
f 8273 8275 8274
f 8274 8275 8276
f 8274 8276 7653
f 7653 8276 8277
f 8276 3630 8277
f 8277 3630 3629
f 8277 3629 7656
f 7656 3629 3626
f 8278 3633 3632
f 8278 3632 8279
f 8272 8278 8279
f 7670 8278 8272
f 8279 3632 3634
f 8279 3634 8275
f 8275 3634 3631
f 7668 3633 8278
f 8276 3631 3630
f 8275 3631 8276
f 8273 8279 8275
f 8272 8279 8273
f 7680 7671 7673
f 7672 7670 8272
f 7682 7669 7671
f 7670 7668 8278
f 7684 7667 7669
f 7668 3628 3633
f 7686 3627 7667
f 7665 3596 3608
f 7660 7665 7663
f 7661 7660 7663
f 7658 7666 7660
f 7658 7657 7666
f 7656 3626 7657
f 7654 8277 7656
f 7653 8277 7654
f 7651 8274 7653
f 7650 8274 7651
f 7649 7676 7650
f 7645 7649 7646
f 7643 7675 7645
f 7642 7675 7643
f 7640 7678 7642
f 7639 7678 7640
f 7637 7768 7639
f 7636 7768 7637
f 7634 7766 7636
f 7633 7766 7634
f 7632 7762 7633
f 7759 7632 7630
f 7629 7759 7630
f 7756 7629 7627
f 7626 7756 7627
f 7753 7626 7624
f 7752 7624 7621
f 7619 7752 7621
f 7618 7749 7619
f 7746 7618 7616
f 7615 7746 7616
f 7743 7615 7613
f 7612 7743 7613
f 7740 7612 7610
f 7609 7740 7610
f 7607 7737 7609
f 7605 7735 7607
f 7604 7732 7605
f 7729 7604 7602
f 7601 7729 7602
f 7727 7601 7599
f 7597 7727 7599
f 7595 7725 7597
f 7594 7722 7595
f 7592 7719 7594
f 7591 7719 7592
f 7589 7716 7591
f 7588 7716 7589
f 7586 7715 7588
f 7585 7715 7586
f 7583 8173 7585
f 7582 8173 7583
f 7580 8220 7582
f 7577 8222 7580
f 3770 7576 7578
f 7575 8222 7577
f 3768 7574 7576
f 7573 8223 7575
f 3766 7572 7574
f 7571 8259 7573
f 3764 7570 7572
f 7569 8258 7571
f 3762 7568 7570
f 7567 8260 7569
f 3761 7566 7568
f 7567 7565 8261
f 3761 7564 7566
f 7565 7563 8262
f 3759 7562 7564
f 7563 7561 8263
f 3757 7560 7562
f 7561 7559 8264
f 3755 7558 7560
f 7559 7557 8266
f 3753 7556 7558
f 7557 7555 8271
f 3751 7553 7556
f 7555 7554 8270
f 7552 3664 7554
f 7552 3620 3664
f 3881 3738 3611
f 3880 3738 3881
f 3879 7664 3880
f 7662 3879 3877
f 3874 7662 3877
f 3873 7662 3874
f 3416 3848 3430
f 3850 3849 3873
f 3847 7659 3849
f 3847 3846 7659
f 3845 7655 3846
f 3843 7652 3845
f 3842 7652 3843
f 3841 7648 3842
f 7647 3841 3839
f 3837 7647 3839
f 3835 7647 3837
f 3834 7644 3835
f 3832 7641 3834
f 3831 7641 3832
f 7638 3831 3829
f 3828 7638 3829
f 7635 3828 3826
f 3825 7635 3826
f 3824 7631 3825
f 7628 3824 3822
f 3821 7628 3822
f 7625 3821 3819
f 7623 3819 3817
f 7622 3817 3815
f 3813 7622 3815
f 3811 7620 3813
f 3810 7617 3811
f 7614 3810 3808
f 3807 7614 3808
f 7611 3807 3805
f 3804 7611 3805
f 3802 7608 3804
f 3800 7606 3802
f 3799 7603 3800
f 7600 3799 3797
f 3796 7600 3797
f 7598 3796 3793
f 3791 7598 3793
f 3789 7596 3791
f 3788 7593 3789
f 3786 7590 3788
f 3785 7590 3786
f 3783 7587 3785
f 3782 7587 3783
f 3780 7584 3782
f 3779 7584 3780
f 3777 7581 3779
f 3775 7579 3777
f 3772 7578 3775
f 3201 3771 3773
f 3772 3770 7578
f 3199 3769 3771
f 3770 3768 7576
f 3197 3767 3769
f 3768 3766 7574
f 3195 3765 3767
f 3766 3764 7572
f 3193 3763 3765
f 3764 3762 7570
f 3192 3760 3763
f 3762 3761 7568
f 3761 3759 7564
f 3192 3758 3760
f 3759 3757 7562
f 3190 3756 3758
f 3757 3755 7560
f 3188 3754 3756
f 3755 3753 7558
f 3186 3752 3754
f 3753 3751 7556
f 3184 3749 3752
f 3751 3750 7553
f 3748 7551 3750
f 3748 3747 7551
f 3745 3605 3747
f 3745 3602 3605
f 1326 3603 3744
f 2775 2777 2779
f 3603 1326 1330
f 3598 1338 3588
f 3573 3735 3574
f 3572 3735 3573
f 3570 3882 3572
f 3569 3882 3570
f 3568 3878 3569
f 3876 3568 3566
f 3564 3876 3566
f 3561 3875 3564
f 3559 3875 3561
f 3555 3872 3559
f 3858 3433 3430
f 3416 3430 3429
f 3425 3416 3426
f 3416 3422 3421
f 3416 3415 3848
f 3414 3844 3415
f 3413 3840 3414
f 3838 3413 3408
f 3397 3838 3408
f 3397 3408 10873
f 10873 10874 3397
f 10874 10875 3397
f 10876 3397 10875
f 10876 10877 3397
f 3397 10877 10878
f 3397 10878 3401
f 10880 10879 3408
f 3408 10881 10880
f 10882 10881 3408
f 10882 3408 10883
f 10884 10883 3408
f 3402 10884 3408
f 3408 10879 10873
f 3419 3411 3412
f 3408 3406 3405
f 3405 3404 3408
f 3408 3404 3403
f 3408 3403 3402
f 3401 3400 3397
f 3397 3398 3395
f 3396 3838 3397
f 3384 3396 3394
f 3384 3394 3392
f 3384 3392 3389
f 3387 3385 3384
f 3386 3364 3385
f 3383 3836 3384
f 3382 3833 3383
f 3830 3382 3380
f 3379 3830 3380
f 3827 3379 3377
f 3376 3827 3377
f 3375 3823 3376
f 3820 3375 3373
f 3818 3373 3372
f 3374 3370 3371
f 3370 3378 3368
f 3378 3367 3368
f 3367 3381 3365
f 3381 3364 3365
f 3360 3355 3361
f 3357 3356 3355
f 3349 3355 3354
f 3346 3349 3348
f 3347 3346 3348
f 3344 3349 3346
f 3343 3334 3344
f 3335 3334 3339
f 3333 3366 3334
f 3369 3333 3331
f 3330 3369 3331
f 3328 3372 3330
f 3327 3816 3328
f 3814 3327 3325
f 3323 3814 3325
f 3321 3812 3323
f 3320 3809 3321
f 3806 3320 3318
f 3317 3806 3318
f 3803 3317 3315
f 3313 3801 3315
f 3312 3798 3313
f 3795 3312 3310
f 3794 3310 3309
f 3276 3311 3275
f 2992 3274 2998
f 3314 3273 3275
f 3274 3271 3267
f 3316 3272 3273
f 3272 3319 3270
f 3270 3322 3269
f 3271 3268 3267
f 3267 3266 3297
f 3264 3260 3261
f 3240 3260 3239
f 3269 3237 3239
f 3235 3228 3238
f 3324 3236 3237
f 3236 3326 3234
f 3235 3232 3228
f 3329 3233 3234
f 3233 3332 2130
f 3228 3232 3229
f 3227 3253 3228
f 3226 3254 3227
f 3028 3018 3030
f 2959 3018 3028
f 3224 3277 3018
f 3223 3309 3224
f 3221 3792 3223
f 3219 3790 3221
f 3218 3787 3219
f 3216 3784 3218
f 3215 3784 3216
f 3213 3781 3215
f 3212 3781 3213
f 3210 3778 3212
f 3208 3776 3210
f 3206 3774 3208
f 3203 3773 3206
f 2923 3202 3204
f 3203 3201 3773
f 2921 3200 3202
f 3201 3199 3771
f 2919 3198 3200
f 3199 3197 3769
f 2917 3196 3198
f 3197 3195 3767
f 2915 3194 3196
f 3195 3193 3765
f 2914 3191 3194
f 3193 3192 3763
f 3192 3190 3758
f 2914 3189 3191
f 3190 3188 3756
f 2912 3187 3189
f 3188 3186 3754
f 2910 3185 3187
f 3186 3184 3752
f 2908 3182 3185
f 3184 3183 3749
f 3181 3746 3183
f 3181 3180 3746
f 3178 3744 3180
f 3178 1326 3744
f 1338 1341 3588
f 3588 1341 3743
f 3577 1346 3578
f 1346 3577 1345
f 3177 3571 1358
f 3176 3571 3177
f 3175 3567 3176
f 3565 3175 3173
f 3171 3565 3173
f 3169 3563 3171
f 3167 3562 3169
f 3159 3562 3167
f 3560 3165 3434
f 3560 3434 3871
f 3165 3560 3159
f 3560 3871 3870
f 3870 3155 3868
f 3560 3870 3868
f 3560 3868 3867
f 3560 3867 3860
f 3560 3860 3861
f 3560 3861 3141
f 3560 3141 1988
f 2951 3222 2957
f 2940 3220 2951
f 2950 3038 2938
f 2939 3217 2940
f 2937 3214 2939
f 2937 2936 3214
f 2934 3211 2936
f 2932 3209 2934
f 2930 3207 2932
f 2928 3205 2930
f 2925 3204 2928
f 2829 2924 2926
f 2925 2923 3204
f 2827 2922 2924
f 2923 2921 3202
f 2825 2920 2922
f 2921 2919 3200
f 2823 2918 2920
f 2919 2917 3198
f 2821 2916 2918
f 2917 2915 3196
f 2820 2913 2916
f 2915 2914 3194
f 2914 2912 3189
f 2820 2911 2913
f 2912 2910 3187
f 2818 2909 2911
f 2910 2908 3185
f 2816 2906 2909
f 2908 2907 3182
f 2905 3179 2907
f 2905 2904 3179
f 2904 2738 2737
f 2904 2737 1325
f 1325 2737 2735
f 2902 3174 2903
f 3172 2902 2899
f 2897 3172 2899
f 2895 3170 2897
f 3168 2895 2893
f 2888 3166 2893
f 3539 3150 3454
f 2888 2891 3458
f 2888 3458 3459
f 2888 3459 3066
f 2888 3066 3454
f 2888 3454 3150
f 3150 3539 2885
f 2869 3038 2870
f 2869 2938 3038
f 2862 2935 2869
f 2857 2933 2862
f 2850 2931 2857
f 2843 2929 2850
f 2837 2927 2843
f 2831 2926 2837
f 2772 2830 2832
f 2831 2829 2926
f 2770 2828 2830
f 2829 2827 2924
f 2768 2826 2828
f 2827 2825 2922
f 2766 2824 2826
f 2825 2823 2920
f 2764 2822 2824
f 2823 2821 2918
f 2763 2819 2822
f 2821 2820 2916
f 2820 2818 2911
f 2763 2817 2819
f 2818 2816 2909
f 2759 2814 2817
f 2816 2815 2906
f 2744 2741 2815
f 1558 1679 2898
f 2900 1558 2898
f 1679 1630 2898
f 1662 2799 1593
f 2896 1593 2799
f 2894 2799 2797
f 2892 2797 2793
f 2886 3470 3472
f 2886 3485 3470
f 2886 2793 3485
f 2789 2886 3472
f 2789 3485 2793
f 2861 3071 2851
f 2861 2853 3071
f 2856 2851 3071
f 3081 2844 2873
f 2156 2844 3081
f 2849 2844 2156
f 2853 2873 2844
f 2853 2846 2873
f 2846 3087 2838
f 2846 2840 3087
f 3088 2838 3087
f 3091 2838 3088
f 2842 2838 3091
f 2836 2833 3102
f 2840 3102 2833
f 2840 3101 3102
f 2835 2186 2832
f 2774 3103 2784
f 2774 3111 3103
f 2774 2186 3111
f 2774 2832 2186
f 2778 2788 2773
f 2775 2788 2778
f 2774 2772 2832
f 2792 2771 2773
f 2772 2770 2830
f 2796 2769 2771
f 2770 2768 2828
f 2798 2767 2769
f 2768 2766 2826
f 2767 1772 2801
f 2767 2800 1772
f 2801 2765 2767
f 2766 2764 2824
f 2805 2761 2765
f 2764 2763 2822
f 2763 2759 2817
f 2805 2762 2761
f 3523 2759 2758
f 3521 3520 10889
f 2747 2814 3520
f 10889 3520 2814
f 3525 10889 2814
f 3854 3856 3855
f 3856 3854 3852
f 3164 3163 3155
f 3522 3524 3525
f 3163 3164 3159
f 2131 2130 3336
f 2126 2130 2127
f 3145 3155 3150
f 3155 3145 3147
f 1987 1986 3137
f 3137 3551 1987
f 3551 3137 3133
f 2859 2860 2857
f 2802 1772 1946

usemtl Green_0
f 2510 2511 2512
f 2511 2510 2515
f 2516 2517 2518
f 2522 2523 2524
f 2528 2529 2520
f 2529 2530 2520
f 2532 2528 2520
f 2520 2534 2532
f 2535 2536 2537
f 2544 2545 2546
f 2524 2549 2522
f 2535 2524 2523
f 2546 2536 2535
f 2544 2546 2523
f 2554 2555 2556
f 2556 2557 2558
f 2557 2516 2518
f 2556 2558 2554
f 2557 2518 2558
f 2565 2534 2520
f 2535 2523 2546
f 9185 2589 9186
f 9187 2589 9185
f 2589 9187 2577
f 2716 2521 10931
f 10929 10928 2573
f 2574 2716 10931
f 2573 2574 10931
f 10931 10929 2573
f 2521 2577 10932
f 2521 10932 10931
f 9187 10933 2577
f 10932 2577 10933
f 2573 10930 2717
f 2573 10928 10930
f 9186 2589 10934
f 2589 2717 10930
f 10930 10934 2589

usemtl Green_0
f 2519 2520 2521
f 2531 2532 2533
f 2538 2539 2540
f 2541 2542 2543
f 2550 2551 2552
f 2559 2560 2561
f 2560 2562 2563
f 2510 2512 2564
f 2538 2571 2572
f 2573 2572 2574
f 2563 2556 2560
f 2575 2576 2535
f 2519 2544 2520
f 2577 2520 2578
f 2587 2588 2589
f 2590 2587 2589
f 2595 2565 2520
f 2598 2599 2574
f 2600 2601 2602
f 2603 2604 2605
f 2601 2600 2521
f 2602 2606 2604
f 2601 2574 2599
f 2555 2560 2556
f 2606 2605 2604
f 2604 2607 2602
f 2561 2603 2559
f 2605 2559 2603
f 2537 2575 2535
f 2554 2609 2610
f 2538 2611 2571
f 2554 2610 2612
f 2538 2540 2613
f 2614 2615 2612
f 2539 2616 2540
f 2617 2618 2614
f 2618 2617 2619
f 2618 2619 2620
f 2618 2621 2622
f 2618 2620 2621
f 2623 2624 2551
f 2538 2625 2626
f 2627 2628 2629
f 2587 2630 2631
f 2538 2626 2539
f 2625 2627 2552
f 2632 2633 2634
f 2635 2636 2637
f 2632 2616 2633
f 2634 2638 2632
f 2638 2635 2639
f 2616 2632 2540
f 2635 2640 2636
f 2635 2637 2639
f 2640 2641 2642
f 2640 2642 2636
f 2638 2639 2632
f 2538 2613 2611
f 2587 2590 2643
f 2644 2598 2574
f 2627 2629 2550
f 2550 2552 2627
f 2577 2578 2645
f 2631 2646 2587
f 2647 2648 2649
f 2650 2651 2532
f 2587 2643 2630
f 2646 2631 2650
f 2652 2653 2595
f 2654 2655 2656
f 2651 2533 2532
f 2532 2531 2528
f 2530 2657 2658
f 2588 2628 2589
f 2660 2649 2661
f 2662 2663 2660
f 2664 2665 2666
f 2661 2664 2662
f 2648 2661 2649
f 2664 2666 2662
f 2661 2662 2660
f 2648 2667 2661
f 2565 2595 2653
f 2646 2650 2532
f 2658 2578 2520
f 2530 2658 2520
f 2564 2595 2520
f 2541 2668 2669
f 2654 2656 2510
f 2656 2515 2510
f 2670 2671 2672
f 2541 2543 2668
f 2541 2669 2673
f 2541 2673 2674
f 2654 2675 2676
f 2541 2674 2677
f 2541 2677 2678
f 2677 2679 2678
f 2680 2678 2679
f 2654 2681 2655
f 2654 2676 2681
f 2654 2672 2628
f 2588 2654 2628
f 2654 2588 2675
f 2682 2683 2670
f 2600 2602 2607
f 2684 2564 2520
f 2670 2685 2682
f 2682 2686 2683
f 2555 2554 2687
f 2688 2689 2686
f 2535 2690 2686
f 2687 2612 2615
f 2690 2691 2688
f 2544 2692 2545
f 2576 2693 2535
f 2693 2694 2535
f 2690 2535 2694
f 2690 2688 2686
f 2612 2687 2554
f 2689 2695 2686
f 2618 2696 2614
f 2695 2697 2686
f 2698 2699 2700
f 2686 2701 2683
f 2701 2686 2697
f 2670 2702 2671
f 2671 2703 2672
f 2702 2670 2683
f 2628 2672 2703
f 2551 2550 2623
f 2550 2704 2623
f 2698 2704 2705
f 2698 2700 2623
f 2706 2705 2707
f 2707 2708 2706
f 2707 2709 2710
f 2705 2706 2698
f 2707 2710 2708
f 2699 2711 2700
f 2704 2698 2623
f 2696 2618 2623
f 2622 2623 2618
f 2615 2614 2696
f 2712 2561 2560
f 2555 2712 2560
f 2713 2537 2536
f 2714 2713 2536
f 2536 2715 2714
f 2684 2520 2544
f 2692 2544 2519
f 2564 2684 2510
f 2521 2716 2601
f 2577 2645 2589
f 2625 2538 2573
f 2627 2625 2573
f 2717 2589 2627
f 2573 2717 2627
f 2573 2538 2572
f 2645 2590 2589
f 2628 2627 2589
f 2572 2644 2574
f 2574 2601 2716
f 2521 2600 2519
f 2577 2521 2520
f 2623 2622 2624
f 8302 2601 8303
f 2599 8303 2601
f 8304 2602 8302
f 2601 8302 2602
f 8305 2606 8304
f 2602 8304 2606
f 8306 2605 2606
f 2606 8305 8306
f 8307 2559 8306
f 2605 8306 2559
f 2560 2559 8307
f 8307 8308 2560
f 2562 8308 8309
f 8308 2562 2560
f 2563 8309 8310
f 8309 2563 2562
f 2556 2563 8311
f 8310 8311 2563
f 2557 2556 8312
f 8311 8312 2556
f 2516 2557 8313
f 8312 8313 2557
f 8313 8314 2517
f 2517 2516 8313
f 2518 2517 8315
f 8314 8315 2517
f 2558 2518 8316
f 8315 8316 2518
f 2558 8316 2554
f 2554 8316 8317
f 2609 2554 8317
f 8318 2610 8317
f 2609 8317 2610
f 8319 2612 2610
f 2610 8318 8319
f 8320 2614 8319
f 2612 8319 2614
f 2617 2614 8320
f 8320 8321 2617
f 8321 8322 2617
f 2619 2617 8322
f 8322 8323 2619
f 2620 2619 8323
f 8323 8324 2620
f 2621 2620 8324
f 2622 2621 8324
f 8324 8325 2622
f 2624 2622 8325
f 8325 8326 2624
f 2551 2624 8326
f 2551 8326 8327
f 2552 2551 8327
f 2552 8327 8328
f 2625 2552 8329
f 8328 8329 2552
f 2626 8329 8330
f 8329 2626 2625
f 2539 8330 8331
f 8330 2539 2626
f 2539 8332 2616
f 8332 2539 8331
f 8333 2633 2616
f 2616 8332 8333
f 8334 2634 2633
f 2633 8333 8334
f 8335 2638 2634
f 2634 8334 8335
f 8336 2635 8335
f 2638 8335 2635
f 2635 8337 2640
f 8337 2635 8336
f 2640 8338 2641
f 8338 2640 8337
f 2641 8339 2642
f 8339 2641 8338
f 2642 8340 2636
f 8340 2642 8339
f 2637 2636 8341
f 8340 8341 2636
f 2639 8341 8342
f 8341 2639 2637
f 2632 2639 8343
f 8342 8343 2639
f 2540 2632 8344
f 8343 8344 2632
f 2613 8344 8345
f 8344 2613 2540
f 2613 8346 2611
f 8346 2613 8345
f 2611 8347 2571
f 8347 2611 8346
f 2571 8348 2572
f 8348 2571 8347
f 2572 8349 2644
f 8349 2572 8348
f 2644 8350 2598
f 8350 2644 8349
f 2598 8350 8351
f 2598 8351 8303
f 8306 8305 8303
f 8304 8303 8305
f 8352 8353 8354
f 8355 8356 8357
f 8303 8304 8302
f 8350 8349 8315
f 8311 8310 8351
f 8307 8306 8303
f 8314 8313 8351
f 8307 8310 8309
f 8307 8309 8308
f 8358 8359 8360
f 8312 8311 8351
f 8361 8362 8363
f 8313 8312 8351
f 8310 8307 8351
f 8315 8314 8350
f 8316 8315 8349
f 8364 8318 8317
f 8345 8316 8347
f 8345 8317 8316
f 8319 8364 8320
f 8364 8319 8318
f 8322 8321 8364
f 8321 8320 8364
f 8365 8366 8367
f 8323 8322 8364
f 8324 8323 8364
f 8368 8365 8369
f 8325 8324 8364
f 8356 8355 8370
f 8326 8325 8364
f 8327 8326 8338
f 8371 8372 8373
f 8369 8374 8375
f 8329 8328 8327
f 8335 8334 8330
f 8329 8327 8330
f 8334 8331 8330
f 8331 8334 8333
f 8335 8330 8327
f 8339 8376 8340
f 8331 8333 8332
f 8336 8335 8327
f 8337 8336 8327
f 8338 8337 8327
f 8376 8339 8338
f 8364 8376 8326
f 8341 8340 8376
f 8376 8338 8326
f 8364 8342 8341
f 8364 8341 8376
f 8364 8343 8342
f 8364 8344 8343
f 8317 8345 8344
f 8344 8364 8317
f 8347 8346 8345
f 8349 8347 8316
f 8349 8348 8347
f 8377 8378 8369
f 8379 8380 8381
f 8382 8383 8384
f 8373 8385 8380
f 8381 8386 8379
f 8387 8388 8389
f 8390 8391 8392
f 8383 8367 8366
f 8366 8384 8383
f 8393 8394 8395
f 8389 8382 8387
f 8384 8387 8382
f 8396 8397 8398
f 8399 8400 8360
f 8401 8402 8389
f 8400 8403 8395
f 8395 8403 8393
f 8397 8404 8401
f 8405 8370 8355
f 8398 8406 8396
f 8407 8396 8375
f 8365 8368 8366
f 8408 8398 8389
f 8409 8377 8375
f 8377 8369 8375
f 8396 8409 8375
f 8369 8378 8368
f 8388 8408 8389
f 8406 8409 8396
f 8397 8401 8389
f 8397 8389 8398
f 8405 8410 8411
f 8412 8413 8414
f 8415 8416 8417
f 8407 8418 8396
f 8400 8395 8360
f 8395 8419 8360
f 8359 8420 8421
f 8360 8359 8421
f 8421 8422 8423
f 8419 8424 8425
f 8419 8426 8424
f 8427 8358 8360
f 8428 8425 8424
f 8427 8360 8419
f 8425 8429 8419
f 8429 8427 8419
f 8428 8430 8391
f 8430 8428 8424
f 8391 8431 8428
f 8392 8421 8420
f 8391 8432 8431
f 8391 8390 8432
f 8420 8433 8392
f 8392 8433 8390
f 8421 8392 8422
f 8434 8423 8422
f 8399 8435 8400
f 8436 8411 8410
f 8416 8381 8380
f 8362 8437 8438
f 8354 8439 8410
f 8385 8417 8416
f 8373 8372 8385
f 8385 8416 8380
f 8440 8441 8442
f 8373 8443 8371
f 8410 8444 8354
f 8439 8436 8410
f 8352 8354 8444
f 8353 8352 8445
f 8411 8446 8447
f 8448 8449 8352
f 8449 8445 8352
f 8450 8451 8452
f 8453 8414 8413
f 8352 8454 8448
f 8453 8448 8454
f 8414 8453 8454
f 8452 8412 8414
f 8412 8452 8451
f 8452 8455 8450
f 8440 8450 8455
f 8455 8456 8440
f 8441 8440 8456
f 8457 8458 8442
f 8458 8457 8459
f 8362 8361 8437
f 8459 8438 8458
f 8460 8461 8462
f 8442 8463 8457
f 8464 8460 8362
f 8465 8363 8362
f 8464 8466 8460
f 8460 8466 8461
f 8438 8459 8464
f 8438 8464 8362
f 8442 8467 8463
f 8442 8468 8469
f 8442 8469 8467
f 8468 8442 8441
f 8411 8436 8446
f 8410 8405 8355
f 8470 8375 8374
f 8351 8350 8314
f 8303 8351 8307
f 8407 8375 2578
f 2645 2578 8375
f 2590 2645 8470
f 8375 8470 2645
f 2588 2587 8434
f 8423 8434 2587
f 2672 8380 8379
f 8380 2672 2654
f 2643 2590 8374
f 8470 8374 2590
f 2630 2643 8369
f 8374 8369 2643
f 8365 2631 8369
f 2630 8369 2631
f 8367 2650 8365
f 2631 8365 2650
f 2650 8383 2651
f 8383 2650 8367
f 2651 8382 2533
f 8382 2651 8383
f 2533 8382 8389
f 2533 8389 8402
f 2531 2533 8402
f 8401 2528 2531
f 2531 8402 8401
f 8404 2529 2528
f 2528 8401 8404
f 8397 2530 2529
f 2529 8404 8397
f 8396 2657 2530
f 2530 8397 8396
f 8418 2658 8396
f 2657 8396 2658
f 2565 8435 8399
f 8399 2534 2565
f 8393 2595 2564
f 2564 8394 8393
f 8373 2684 2544
f 2544 8443 8373
f 8407 2578 2658
f 2658 8418 8407
f 2510 2684 8373
f 8373 8380 2510
f 2654 2510 8380
f 8443 2523 8371
f 2523 8443 2544
f 2686 8417 2535
f 2672 8386 2670
f 8417 2686 8415
f 8386 2672 8379
f 8381 2685 2670
f 2670 8386 8381
f 2549 8372 2522
f 8372 2549 8385
f 2685 8416 2682
f 8416 2685 8381
f 2686 2682 8415
f 8416 8415 2682
f 8385 2549 2524
f 8385 2524 8417
f 2535 8417 2524
f 2523 2522 8371
f 8372 8371 2522
f 2519 8356 8370
f 8370 2692 2519
f 8405 2545 2692
f 2692 8370 8405
f 2545 8405 8411
f 8411 2546 2545
f 2715 2536 8446
f 8447 8446 2536
f 8439 8354 2713
f 2537 2713 8354
f 2575 2537 8354
f 8354 8353 2575
f 8353 8445 2575
f 2576 2575 8445
f 8445 8449 2576
f 2693 2576 8449
f 8449 8448 2693
f 2694 2693 8448
f 8453 2690 2694
f 2694 8448 8453
f 8413 2691 2690
f 2690 8453 8413
f 8412 2688 2691
f 2691 8413 8412
f 8451 2689 2688
f 2688 8412 8451
f 8451 8450 2689
f 2695 2689 8450
f 8450 8440 2695
f 2697 2695 8440
f 2697 8440 8442
f 2697 8442 8458
f 2701 2697 8458
f 2683 2701 8458
f 8458 8438 2683
f 8438 8437 2683
f 2702 2683 8437
f 2671 2702 8437
f 8437 8361 2671
f 2703 2671 8363
f 8361 8363 2671
f 2628 2703 8465
f 8363 8465 2703
f 2629 2628 8362
f 8465 8362 2628
f 2550 2629 8460
f 8362 8460 2629
f 2550 8462 2704
f 8462 2550 8460
f 8461 2705 2704
f 2704 8462 8461
f 8466 2707 2705
f 2705 8461 8466
f 8464 2709 2707
f 2707 8466 8464
f 8459 2710 2709
f 2709 8464 8459
f 2710 8457 2708
f 8457 2710 8459
f 8463 2706 8457
f 2708 8457 2706
f 2706 8467 2698
f 8467 2706 8463
f 2698 8469 2699
f 8469 2698 8467
f 2711 2699 8468
f 8469 8468 2699
f 2700 2711 8441
f 8468 8441 2711
f 2623 2700 8456
f 8441 8456 2700
f 2696 8456 8455
f 8456 2696 2623
f 2615 2696 8452
f 8455 8452 2696
f 2615 8414 2687
f 8414 2615 8452
f 2555 2687 8414
f 2555 8414 8454
f 2712 2555 8454
f 2712 8352 2561
f 8352 2712 8454
f 8444 2603 8352
f 2561 8352 2603
f 8410 2604 8444
f 2603 8444 2604
f 8436 8439 2714
f 2713 2714 8439
f 8446 8436 2715
f 2714 2715 8436
f 2536 2546 8411
f 8411 8447 2536
f 8355 2607 2604
f 2604 8410 8355
f 8357 2600 8355
f 2607 8355 2600
f 8356 2519 2600
f 2600 8357 8356
f 8424 2655 8430
f 2655 8424 2656
f 8426 2515 8424
f 2656 8424 2515
f 2515 8419 2511
f 8419 2515 8426
f 8395 2512 2511
f 2511 8419 8395
f 2512 8394 2564
f 8394 2512 8395
f 8400 2653 2652
f 2652 8403 8400
f 2653 8435 2565
f 8435 2653 8400
f 2587 2646 8421
f 8360 8421 2532
f 8421 8423 2587
f 2646 2532 8421
f 2532 2534 8360
f 8399 8360 2534
f 2675 8434 8422
f 8434 2675 2588
f 2676 2675 8392
f 8422 8392 2675
f 2676 8392 2681
f 8391 2681 8392
f 2681 8391 2655
f 8430 2655 8391
f 2543 2542 8427
f 8358 8427 2542
f 8359 8358 2541
f 2542 2541 8358
f 8359 2678 8420
f 2678 8359 2541
f 2680 8433 8420
f 8420 2678 2680
f 2679 8390 8433
f 8433 2680 2679
f 2677 8432 8390
f 8390 2679 2677
f 2674 2673 8431
f 8428 8431 2673
f 2673 2669 8428
f 8425 8428 2669
f 8427 8429 2543
f 2668 2543 8429
f 2669 2668 8425
f 8429 8425 2668
f 8431 8432 2677
f 2677 2674 8431
f 2652 2595 8393
f 8393 8403 2652
f 2648 8409 8406
f 8409 2648 2647
f 8409 2649 8377
f 2649 8409 2647
f 2660 8378 8377
f 8377 2649 2660
f 2663 8368 8378
f 8378 2660 2663
f 2662 8366 8368
f 8368 2663 2662
f 2662 2666 8366
f 8384 8366 2666
f 2666 2665 8384
f 8387 8384 2665
f 2665 2664 8387
f 8388 8387 2664
f 2664 2661 8408
f 8408 8388 2664
f 2661 8398 8408
f 8398 2661 2667
f 8406 8398 2648
f 2667 2648 8398
f 2599 2598 8303

usemtl Green_0
f 2846 2853 2872
f 2872 2873 2846
f 2874 2846 2845
f 2846 2874 2840
f 2973 2953 2974
f 2955 2982 2966
f 2965 2966 2982
f 2955 2954 2982
f 2974 2953 3035
f 2976 2972 2975
f 2976 2953 2972
f 3029 2953 2976
f 3029 3035 2953
f 2952 2953 2973
f 3056 2364 2775
f 2779 3056 2775
f 2782 2776 2775
f 3068 3071 2853
f 2861 3061 3068
f 2858 3061 2861
f 2859 2858 2861
f 2839 3092 2840
f 2840 3092 3093
f 3097 3100 3101
f 3100 3102 3101
f 3093 3097 3101
f 2778 2777 2364
f 2778 3123 2775
f 2775 3123 2368
f 2368 2788 2775
f 3155 3162 3164
f 2885 3451 3154
f 3460 2891 2885
f 3464 2885 2884
f 2884 3465 3464
f 3477 3479 2789
f 2789 3479 3480
f 2789 3480 3465
f 3465 2884 2789
f 2789 3471 3477
f 2789 3472 3471
f 2789 3484 3485
f 3484 2789 2794
f 2788 3496 3499
f 2788 3499 3500
f 3500 3501 2788
f 2788 3501 3502
f 2788 3502 3503
f 2788 3503 2791
f 2788 2790 3504
f 2788 3504 2789
f 2788 3493 3496
f 3504 2795 2789
f 2885 3464 2433
f 2885 2433 3528
f 3528 2887 2885
f 2890 3460 2885
f 3539 3451 2885
f 3147 3149 3545
f 3147 3545 3148
f 3147 3146 3155
f 3133 3139 3548
f 3133 3548 3138
f 3133 3143 3134
f 3551 3552 3553
f 3551 3553 3554
f 3857 3858 3855
f 3155 3870 3869
f 3869 3868 3155
f 3855 3859 3857
f 2777 2775 2364
f 3551 3136 1987
f 3155 3146 3156
f 3155 3158 3435
f 3155 3435 3157
f 3136 3551 3133
f 2368 3493 2788
f 2364 3491 2778
f 3101 2840 3093
f 2874 3087 2840
f 2872 2853 2852
f 2853 2861 3068

usemtl Green_0
f 3580 3575 3574
f 3575 3580 3581
f 3575 3581 3582
f 3574 3583 3580
f 3584 3585 3586
f 3587 3588 3577
f 3589 3590 3591
f 3591 3592 3589
f 3591 3593 3592
f 3594 3595 3596
f 3589 3597 3598
f 3589 3599 3597
f 3591 3600 3593
f 3591 3517 3600
f 3601 3602 3603
f 1330 3517 3591
f 3602 3601 3604
f 3602 3604 3605
f 3606 3607 3608
f 3609 3610 3611
f 3610 3609 3612
f 3613 3614 3605
f 3615 3616 3617
f 3594 3618 3595
f 3614 3613 3619
f 3619 3620 3614
f 3621 3622 3623
f 3621 3624 3622
f 3595 3608 3596
f 3625 3626 3627
f 3626 3628 3627
f 3626 3629 3628
f 3625 3627 3594
f 3596 3625 3594
f 3630 3631 3632
f 3630 3632 3633
f 3629 3633 3628
f 3631 3634 3632
f 3635 3636 3637
f 3629 3630 3633
f 3638 3639 3640
f 3641 3642 3643
f 3644 3645 3646
f 3647 3648 3649
f 3643 3640 3641
f 3640 3643 3650
f 3651 3652 3653
f 3654 3655 3656
f 3655 3654 3636
f 3656 3657 3654
f 3658 3659 3660
f 3661 3662 3663
f 3664 3665 3666
f 3667 3663 3648
f 3663 3667 3661
f 3620 3619 3665
f 3668 3666 3669
f 3670 3669 3671
f 3669 3670 3668
f 3665 3664 3620
f 3666 3668 3664
f 3672 3671 3673
f 3671 3672 3670
f 3672 3673 3662
f 3662 3661 3672
f 3648 3647 3667
f 3656 3649 3657
f 3649 3656 3647
f 3653 3674 3675
f 3641 3676 3642
f 3636 3635 3655
f 3677 3678 3639
f 3635 3637 3679
f 3679 3641 3635
f 3641 3679 3676
f 3677 3680 3678
f 3680 3681 3678
f 3682 3683 3681
f 3682 3684 3683
f 3638 3677 3639
f 3684 3685 3683
f 3684 3686 3685
f 3686 3687 3685
f 3680 3682 3681
f 3640 3650 3638
f 3650 3688 3638
f 3688 3689 3638
f 3688 3690 3689
f 3690 3691 3689
f 3690 3692 3691
f 3693 3694 3695
f 3692 3696 3691
f 3697 3698 3699
f 3696 3700 3691
f 3700 3697 3691
f 3700 3698 3697
f 3701 3699 3694
f 3699 3701 3697
f 3694 3693 3701
f 3693 3695 3702
f 3702 3703 3693
f 3703 3702 3704
f 3704 3705 3703
f 3705 3704 3706
f 3706 3707 3705
f 3707 3706 3645
f 3645 3644 3707
f 3644 3646 3708
f 3708 3709 3644
f 3709 3708 3710
f 3710 3711 3709
f 3711 3710 3712
f 3712 3713 3711
f 3713 3712 3714
f 3714 3651 3713
f 3651 3714 3652
f 3715 3675 3674
f 3716 3717 3675
f 3674 3653 3652
f 3675 3715 3716
f 3717 3716 3718
f 3718 3719 3717
f 3719 3718 3720
f 3720 3721 3719
f 3721 3720 3722
f 3722 3723 3721
f 3723 3722 3724
f 3724 3658 3723
f 3658 3724 3659
f 3725 3660 3659
f 3726 3727 3660
f 3660 3725 3726
f 3727 3726 3728
f 3728 3729 3727
f 3729 3728 3730
f 3730 3731 3729
f 3731 3730 3616
f 3732 3733 3615
f 3615 3617 3732
f 3616 3615 3731
f 3605 3734 3613
f 3733 3732 3585
f 3584 3586 3624
f 3585 3584 3733
f 3603 3591 3601
f 3624 3621 3584
f 3735 3612 3583
f 3590 3589 3588
f 3618 3594 3621
f 3577 3582 3587
f 3621 3623 3618
f 3595 3606 3608
f 3607 3736 3608
f 3736 3737 3608
f 3738 3739 3740
f 3736 3741 3737
f 3741 3739 3737
f 3611 3742 3609
f 3611 3740 3742
f 3740 3611 3738
f 3739 3738 3737
f 3734 3605 3604
f 3583 3574 3735
f 3612 3735 3610
f 3589 3598 3588
f 3591 3603 1330
f 3588 3587 3590
f 3582 3577 3575
f 3883 3580 3583
f 3884 3883 3583
f 3885 3883 3884
f 3886 3885 3884
f 3886 3884 3887
f 3888 3886 3887
f 3888 3887 3889
f 3890 3888 3889
f 3890 3889 3891
f 3892 3890 3891
f 3892 3891 3893
f 3894 3892 3893
f 3894 3893 3895
f 3896 3894 3895
f 3896 3895 3897
f 3898 3896 3897
f 3898 3897 3899
f 3900 3898 3899
f 3900 3899 3901
f 3902 3900 3901
f 3902 3901 3903
f 3904 3902 3903
f 3904 3903 3905
f 3906 3904 3905
f 3906 3905 3907
f 3908 3906 3907
f 3908 3907 3909
f 3910 3908 3909
f 3910 3909 3911
f 3912 3910 3911
f 3912 3911 3913
f 3914 3912 3913
f 3914 3913 3915
f 3916 3914 3915
f 3916 3915 3917
f 3918 3916 3917
f 3918 3917 3919
f 3920 3918 3919
f 3920 3919 3921
f 3922 3920 3921
f 3922 3921 3923
f 3924 3922 3923
f 3924 3923 3925
f 3926 3924 3925
f 3926 3925 3927
f 3928 3926 3927
f 3928 3927 3929
f 3930 3928 3929
f 3930 3929 3931
f 3932 3930 3931
f 3932 3931 3933
f 3934 3932 3933
f 3934 3933 3935
f 3936 3934 3935
f 3936 3935 3937
f 3938 3936 3937
f 3938 3937 3939
f 3940 3938 3939
f 3940 3939 3941
f 3942 3940 3941
f 3942 3941 3943
f 3944 3942 3943
f 3944 3943 3945
f 3946 3944 3945
f 3946 3945 3947
f 3948 3946 3947
f 3948 3947 3949
f 3950 3948 3949
f 3950 3949 3951
f 3952 3950 3951
f 3952 3951 3953
f 3954 3952 3953
f 3954 3953 3955
f 3956 3954 3955
f 3956 3955 3957
f 3958 3956 3957
f 3958 3957 3959
f 3960 3958 3959
f 3960 3959 3961
f 3962 3960 3961
f 3962 3961 3963
f 3964 3962 3963
f 3964 3963 3965
f 3966 3964 3965
f 3966 3965 3967
f 3968 3966 3967
f 3968 3967 3969
f 3970 3968 3969
f 3970 3969 3971
f 3972 3970 3971
f 3972 3971 3973
f 3974 3972 3973
f 3974 3973 3975
f 3976 3974 3975
f 3976 3975 3977
f 3978 3976 3977
f 3978 3977 3979
f 3980 3978 3979
f 3980 3979 3981
f 3982 3980 3981
f 3982 3981 3983
f 3984 3982 3983
f 3984 3983 3985
f 3986 3984 3985
f 3986 3985 3987
f 3988 3986 3987
f 3988 3987 3989
f 3990 3988 3989
f 3990 3989 3991
f 3992 3990 3991
f 3992 3991 3993
f 3994 3992 3993
f 3994 3993 3995
f 3996 3994 3995
f 3996 3995 3997
f 3998 3996 3997
f 3998 3997 3999
f 4000 3998 3999
f 4000 3999 4001
f 4002 4000 4001
f 4002 4001 4003
f 4004 4002 4003
f 4004 4003 4005
f 4006 4004 4005
f 4006 4005 4007
f 4008 4006 4007
f 4008 4007 4009
f 4010 4008 4009
f 4010 4009 4011
f 4012 4010 4011
f 4012 4011 4013
f 4014 4012 4013
f 4014 4013 4015
f 4016 4014 4015
f 4016 4015 4017
f 4018 4016 4017
f 4018 4017 4019
f 4020 4018 4019
f 4020 4019 4021
f 4022 4020 4021
f 4022 4021 4023
f 4024 4022 4023
f 4024 4023 4025
f 4026 4024 4025
f 4026 4025 4027
f 4028 4026 4027
f 4028 4027 4029
f 4030 4028 4029
f 4030 4029 4031
f 4032 4030 4031
f 4032 4031 4033
f 4034 4032 4033
f 4034 4033 4035
f 4036 4034 4035
f 4036 4035 4037
f 4038 4036 4037
f 4038 4037 4039
f 4040 4038 4039
f 4040 4039 4041
f 4042 4040 4041
f 4042 4041 3883
f 4043 4040 4042
f 4044 4043 4042
f 4044 4042 3885
f 4045 4044 3885
f 4046 4044 4045
f 4047 4046 4045
f 4047 4045 4048
f 4049 4047 4048
f 4049 4048 4050
f 4051 4049 4050
f 4051 4050 4052
f 4053 4051 4052
f 4053 4052 4054
f 4055 4053 4054
f 4055 4054 4056
f 4057 4055 4056
f 4057 4056 4058
f 4059 4057 4058
f 4059 4058 4060
f 4061 4059 4060
f 4061 4060 4062
f 4063 4061 4062
f 4063 4062 4064
f 4065 4063 4064
f 4065 4064 4066
f 4067 4065 4066
f 4067 4066 4068
f 4069 4067 4068
f 4069 4068 4070
f 4071 4069 4070
f 4071 4070 4072
f 4073 4071 4072
f 4073 4072 4074
f 4075 4073 4074
f 4075 4074 4076
f 4077 4075 4076
f 4077 4076 4078
f 4079 4077 4078
f 4079 4078 4080
f 4081 4079 4080
f 4081 4080 4082
f 4083 4081 4082
f 4083 4082 4084
f 4085 4083 4084
f 4085 4084 4086
f 4087 4085 4086
f 4087 4086 4088
f 4089 4087 4088
f 4089 4088 4090
f 4091 4089 4090
f 4091 4090 4092
f 4093 4091 4092
f 4093 4092 4094
f 4095 4093 4094
f 4095 4094 4096
f 4097 4095 4096
f 4097 4096 4098
f 4099 4097 4098
f 4099 4098 4100
f 4101 4099 4100
f 4101 4100 4102
f 4103 4101 4102
f 4103 4102 4104
f 4105 4103 4104
f 4105 4104 4106
f 4107 4105 4106
f 4107 4106 4108
f 4109 4107 4108
f 4109 4108 4110
f 4111 4109 4110
f 4111 4110 4112
f 4113 4111 4112
f 4113 4112 4114
f 4115 4113 4114
f 4115 4114 4116
f 4117 4115 4116
f 4117 4116 4118
f 4119 4117 4118
f 4119 4118 4120
f 4121 4119 4120
f 4121 4120 4122
f 4123 4121 4122
f 4123 4122 4124
f 4125 4123 4124
f 4125 4124 4126
f 4127 4125 4126
f 4127 4126 4128
f 4129 4127 4128
f 4129 4128 4130
f 4131 4129 4130
f 4131 4130 4132
f 4133 4131 4132
f 4133 4132 4134
f 4135 4133 4134
f 4135 4134 4136
f 4137 4135 4136
f 4137 4136 4138
f 4139 4137 4138
f 4139 4138 4140
f 4141 4139 4140
f 4141 4140 4142
f 4143 4141 4142
f 4143 4142 4144
f 4145 4143 4144
f 4145 4144 4146
f 4147 4145 4146
f 4147 4146 4148
f 4149 4147 4148
f 4149 4148 4150
f 4151 4149 4150
f 4151 4150 4152
f 4153 4151 4152
f 4153 4152 4154
f 4155 4153 4154
f 4155 4154 4156
f 4157 4155 4156
f 4157 4156 4158
f 4159 4157 4158
f 4159 4158 4160
f 4161 4159 4160
f 4161 4160 4162
f 4163 4161 4162
f 4163 4162 4164
f 4165 4163 4164
f 4165 4164 4166
f 4167 4165 4166
f 4167 4166 4168
f 4169 4167 4168
f 4169 4168 4170
f 4171 4169 4170
f 4171 4170 4172
f 4173 4171 4172
f 4173 4172 4174
f 4175 4173 4174
f 4175 4174 4176
f 4177 4175 4176
f 4177 4176 4178
f 4179 4177 4178
f 4179 4178 4180
f 4181 4179 4180
f 4181 4180 4182
f 4183 4181 4182
f 4183 4182 4184
f 4185 4183 4184
f 4185 4184 4186
f 4187 4185 4186
f 4187 4186 4188
f 4189 4187 4188
f 4189 4188 4190
f 4191 4189 4190
f 4191 4190 4192
f 4193 4191 4192
f 4193 4192 4194
f 4195 4193 4194
f 4195 4194 4196
f 4197 4195 4196
f 4197 4196 4198
f 4199 4197 4198
f 4199 4198 4200
f 4201 4199 4200
f 4201 4200 4043
f 4202 4201 4043
f 4203 4201 4202
f 4204 4203 4202
f 4204 4202 4046
f 4205 4204 4046
f 4206 4204 4205
f 4207 4206 4205
f 4207 4205 4208
f 4209 4207 4208
f 4209 4208 4210
f 4211 4209 4210
f 4211 4210 4212
f 4213 4211 4212
f 4213 4212 4214
f 4215 4213 4214
f 4215 4214 4216
f 4217 4215 4216
f 4217 4216 4218
f 4219 4217 4218
f 4219 4218 4220
f 4221 4219 4220
f 4221 4220 4222
f 4223 4221 4222
f 4223 4222 4224
f 4225 4223 4224
f 4225 4224 4226
f 4227 4225 4226
f 4227 4226 4228
f 4229 4227 4228
f 4229 4228 4230
f 4231 4229 4230
f 4231 4230 4232
f 4233 4231 4232
f 4233 4232 4234
f 4235 4233 4234
f 4235 4234 4236
f 4237 4235 4236
f 4237 4236 4238
f 4239 4237 4238
f 4239 4238 4240
f 4241 4239 4240
f 4241 4240 4242
f 4243 4241 4242
f 4243 4242 4244
f 4245 4243 4244
f 4245 4244 4246
f 4247 4245 4246
f 4247 4246 4248
f 4249 4247 4248
f 4249 4248 4250
f 4251 4249 4250
f 4251 4250 4252
f 4253 4251 4252
f 4253 4252 4254
f 4255 4253 4254
f 4255 4254 4256
f 4257 4255 4256
f 4257 4256 4258
f 4259 4257 4258
f 4259 4258 4260
f 4261 4259 4260
f 4261 4260 4262
f 4263 4261 4262
f 4263 4262 4264
f 4265 4263 4264
f 4265 4264 4266
f 4267 4265 4266
f 4267 4266 4268
f 4269 4267 4268
f 4269 4268 4270
f 4271 4269 4270
f 4271 4270 4272
f 4273 4271 4272
f 4273 4272 4274
f 4275 4273 4274
f 4275 4274 4276
f 4277 4275 4276
f 4277 4276 4278
f 4279 4277 4278
f 4279 4278 4280
f 4281 4279 4280
f 4281 4280 4282
f 4283 4281 4282
f 4283 4282 4284
f 4285 4283 4284
f 4285 4284 4286
f 4287 4285 4286
f 4287 4286 4288
f 4289 4287 4288
f 4289 4288 4290
f 4291 4289 4290
f 4291 4290 4292
f 4293 4291 4292
f 4293 4292 4294
f 4295 4293 4294
f 4295 4294 4296
f 4297 4295 4296
f 4297 4296 4298
f 4299 4297 4298
f 4299 4298 4300
f 4301 4299 4300
f 4301 4300 4302
f 4303 4301 4302
f 4303 4302 4304
f 4305 4303 4304
f 4305 4304 4306
f 4307 4305 4306
f 4307 4306 4308
f 4309 4307 4308
f 4309 4308 4310
f 4311 4309 4310
f 4311 4310 4312
f 4313 4311 4312
f 4313 4312 4314
f 4315 4313 4314
f 4315 4314 4316
f 4317 4315 4316
f 4317 4316 4318
f 4319 4317 4318
f 4319 4318 4320
f 4321 4319 4320
f 4321 4320 4322
f 4323 4321 4322
f 4323 4322 4324
f 4325 4323 4324
f 4325 4324 4326
f 4327 4325 4326
f 4327 4326 4328
f 4329 4327 4328
f 4329 4328 4330
f 4331 4329 4330
f 4331 4330 4332
f 4333 4331 4332
f 4333 4332 4334
f 4335 4333 4334
f 4335 4334 4336
f 4337 4335 4336
f 4337 4336 4338
f 4339 4337 4338
f 4339 4338 4340
f 4341 4339 4340
f 4341 4340 4342
f 4343 4341 4342
f 4343 4342 4344
f 4345 4343 4344
f 4345 4344 4346
f 4347 4345 4346
f 4347 4346 4348
f 4349 4347 4348
f 4349 4348 4350
f 4351 4349 4350
f 4351 4350 4352
f 4353 4351 4352
f 4353 4352 4354
f 4355 4353 4354
f 4355 4354 4356
f 4357 4355 4356
f 4357 4356 4358
f 4359 4357 4358
f 4359 4358 4360
f 4361 4359 4360
f 4361 4360 4203
f 4362 4361 4203
f 4363 4361 4362
f 4364 4363 4362
f 4364 4362 4206
f 4365 4364 4206
f 4366 4364 4365
f 4367 4366 4365
f 4367 4365 4368
f 4369 4367 4368
f 4369 4368 4370
f 4371 4369 4370
f 4371 4370 4372
f 4373 4371 4372
f 4373 4372 4374
f 4375 4373 4374
f 4375 4374 4376
f 4377 4375 4376
f 4377 4376 4378
f 4379 4377 4378
f 4379 4378 4380
f 4381 4379 4380
f 4381 4380 4382
f 4383 4381 4382
f 4383 4382 4384
f 4385 4383 4384
f 4385 4384 4386
f 4387 4385 4386
f 4387 4386 4388
f 4389 4387 4388
f 4389 4388 4390
f 4391 4389 4390
f 4391 4390 4392
f 4393 4391 4392
f 4393 4392 4394
f 4395 4393 4394
f 4395 4394 4396
f 4397 4395 4396
f 4397 4396 4398
f 4399 4397 4398
f 4399 4398 4400
f 4401 4399 4400
f 4401 4400 4402
f 4403 4401 4402
f 4403 4402 4404
f 4405 4403 4404
f 4405 4404 4406
f 4407 4405 4406
f 4407 4406 4408
f 4409 4407 4408
f 4409 4408 4410
f 4411 4409 4410
f 4411 4410 4412
f 4413 4411 4412
f 4413 4412 4414
f 4415 4413 4414
f 4415 4414 4416
f 4417 4415 4416
f 4417 4416 4418
f 4419 4417 4418
f 4419 4418 4420
f 4421 4419 4420
f 4421 4420 4422
f 4423 4421 4422
f 4423 4422 4424
f 4425 4423 4424
f 4425 4424 4426
f 4427 4425 4426
f 4427 4426 4428
f 4429 4427 4428
f 4429 4428 4430
f 4431 4429 4430
f 4431 4430 4432
f 4433 4431 4432
f 4433 4432 4434
f 4435 4433 4434
f 4435 4434 4436
f 4437 4435 4436
f 4437 4436 4438
f 4439 4437 4438
f 4439 4438 4440
f 4441 4439 4440
f 4441 4440 4442
f 4443 4441 4442
f 4443 4442 4444
f 4445 4443 4444
f 4445 4444 4446
f 4447 4445 4446
f 4447 4446 4448
f 4449 4447 4448
f 4449 4448 4450
f 4451 4449 4450
f 4451 4450 4452
f 4453 4451 4452
f 4453 4452 4454
f 4455 4453 4454
f 4455 4454 4456
f 4457 4455 4456
f 4457 4456 4458
f 4459 4457 4458
f 4459 4458 4460
f 4461 4459 4460
f 4461 4460 4462
f 4463 4461 4462
f 4463 4462 4464
f 4465 4463 4464
f 4465 4464 4466
f 4467 4465 4466
f 4467 4466 4468
f 4469 4467 4468
f 4469 4468 4470
f 4471 4469 4470
f 4471 4470 4472
f 4473 4471 4472
f 4473 4472 4474
f 4475 4473 4474
f 4475 4474 4476
f 4477 4475 4476
f 4477 4476 4478
f 4479 4477 4478
f 4479 4478 4480
f 4481 4479 4480
f 4481 4480 4482
f 4483 4481 4482
f 4483 4482 4484
f 4485 4483 4484
f 4485 4484 4486
f 4487 4485 4486
f 4487 4486 4488
f 4489 4487 4488
f 4489 4488 4490
f 4491 4489 4490
f 4491 4490 4492
f 4493 4491 4492
f 4493 4492 4494
f 4495 4493 4494
f 4495 4494 4496
f 4497 4495 4496
f 4497 4496 4498
f 4499 4497 4498
f 4499 4498 4500
f 4501 4499 4500
f 4501 4500 4502
f 4503 4501 4502
f 4503 4502 4504
f 4505 4503 4504
f 4505 4504 4506
f 4507 4505 4506
f 4507 4506 4508
f 4509 4507 4508
f 4509 4508 4510
f 4511 4509 4510
f 4511 4510 4512
f 4513 4511 4512
f 4513 4512 4514
f 4515 4513 4514
f 4515 4514 4516
f 4517 4515 4516
f 4517 4516 4518
f 4519 4517 4518
f 4519 4518 4520
f 4521 4519 4520
f 4521 4520 4363
f 4522 4521 4363
f 4522 4523 4521
f 4523 4524 4521
f 4523 4525 4524
f 4525 4526 4524
f 4524 4526 4527
f 4524 4527 4519
f 4526 4528 4527
f 4527 4528 4529
f 4527 4529 4517
f 4528 4530 4529
f 4529 4530 4531
f 4529 4531 4515
f 4530 4532 4531
f 4531 4532 4533
f 4531 4533 4513
f 4532 4534 4533
f 4533 4534 4535
f 4533 4535 4511
f 4534 4536 4535
f 4535 4536 4537
f 4535 4537 4509
f 4536 4538 4537
f 4537 4538 4539
f 4537 4539 4507
f 4538 4540 4539
f 4539 4540 4541
f 4539 4541 4505
f 4540 4542 4541
f 4541 4542 4543
f 4541 4543 4503
f 4542 4544 4543
f 4543 4544 4545
f 4543 4545 4501
f 4544 4546 4545
f 4545 4546 4547
f 4545 4547 4499
f 4546 4548 4547
f 4547 4548 4549
f 4547 4549 4497
f 4548 4550 4549
f 4549 4550 4493
f 4548 4551 4550
f 4550 4551 4552
f 4550 4552 4491
f 4551 4553 4552
f 4552 4553 4554
f 4552 4554 4489
f 4553 4555 4554
f 4554 4555 4556
f 4554 4556 4487
f 4555 4557 4556
f 4556 4557 4558
f 4556 4558 4485
f 4557 4559 4558
f 4558 4559 4560
f 4558 4560 4483
f 4559 4561 4560
f 4560 4561 4562
f 4560 4562 4481
f 4561 4563 4562
f 4562 4563 4564
f 4562 4564 4479
f 4563 4565 4564
f 4564 4565 4566
f 4564 4566 4477
f 4565 4567 4566
f 4566 4567 4568
f 4566 4568 4475
f 4567 4569 4568
f 4568 4569 4570
f 4568 4570 4473
f 4569 4571 4570
f 4570 4571 4572
f 4570 4572 4471
f 4571 4573 4572
f 4572 4573 4574
f 4572 4574 4469
f 4573 4575 4574
f 4574 4575 4576
f 4574 4576 4467
f 4575 4577 4576
f 4576 4577 4578
f 4576 4578 4465
f 4577 4579 4578
f 4578 4579 4461
f 4577 4580 4579
f 4579 4580 4581
f 4579 4581 4459
f 4580 4582 4581
f 4581 4582 4583
f 4581 4583 4457
f 4582 4584 4583
f 4583 4584 4585
f 4583 4585 4455
f 4584 4586 4585
f 4585 4586 4587
f 4585 4587 4453
f 4586 4588 4587
f 4587 4588 4589
f 4587 4589 4451
f 4588 4590 4589
f 4589 4590 4591
f 4589 4591 4449
f 4590 4592 4591
f 4591 4592 4593
f 4591 4593 4447
f 4592 4594 4593
f 4593 4594 4595
f 4593 4595 4445
f 4594 4596 4595
f 4595 4596 4597
f 4595 4597 4443
f 4596 4598 4597
f 4597 4598 4599
f 4597 4599 4441
f 4598 4600 4599
f 4599 4600 4601
f 4599 4601 4439
f 4600 4602 4601
f 4601 4602 4603
f 4601 4603 4437
f 4602 4604 4603
f 4603 4604 4605
f 4603 4605 4435
f 4604 4606 4605
f 4605 4606 4607
f 4605 4607 4433
f 4606 4608 4607
f 4607 4608 4429
f 4606 4609 4608
f 4608 4609 4610
f 4608 4610 4427
f 4609 4611 4610
f 4610 4611 4612
f 4610 4612 4425
f 4611 4613 4612
f 4612 4613 4614
f 4612 4614 4423
f 4613 4615 4614
f 4614 4615 4616
f 4614 4616 4421
f 4615 4617 4616
f 4616 4617 4618
f 4616 4618 4419
f 4617 4619 4618
f 4618 4619 4620
f 4618 4620 4417
f 4619 4621 4620
f 4620 4621 4622
f 4620 4622 4415
f 4621 4623 4622
f 4622 4623 4624
f 4622 4624 4413
f 4623 4625 4624
f 4624 4625 4626
f 4624 4626 4411
f 4625 4627 4626
f 4626 4627 4628
f 4626 4628 4409
f 4627 4629 4628
f 4628 4629 4630
f 4628 4630 4407
f 4629 4631 4630
f 4630 4631 4632
f 4630 4632 4405
f 4631 4633 4632
f 4632 4633 4634
f 4632 4634 4403
f 4633 4635 4634
f 4634 4635 4636
f 4634 4636 4401
f 4635 4637 4636
f 4636 4637 4397
f 4635 4638 4637
f 4637 4638 4639
f 4637 4639 4395
f 4638 4640 4639
f 4639 4640 4641
f 4639 4641 4393
f 4640 4642 4641
f 4641 4642 4643
f 4641 4643 4391
f 4642 4644 4643
f 4643 4644 4645
f 4643 4645 4389
f 4644 4646 4645
f 4645 4646 4647
f 4645 4647 4387
f 4646 4648 4647
f 4647 4648 4649
f 4647 4649 4385
f 4648 4650 4649
f 4649 4650 4651
f 4649 4651 4383
f 4650 4652 4651
f 4651 4652 4653
f 4651 4653 4381
f 4652 4654 4653
f 4653 4654 4655
f 4653 4655 4379
f 4654 4656 4655
f 4655 4656 4657
f 4655 4657 4377
f 4656 4658 4657
f 4657 4658 4659
f 4657 4659 4375
f 4658 4660 4659
f 4659 4660 4661
f 4659 4661 4373
f 4660 4662 4661
f 4661 4662 4663
f 4661 4663 4371
f 4662 4664 4663
f 4663 4664 4665
f 4663 4665 4369
f 4664 4666 4665
f 4665 4666 4366
f 4366 4666 4522
f 4664 4667 4666
f 4666 4667 4523
f 4668 4667 4664
f 4668 4669 4667
f 4667 4669 4525
f 4669 4670 4525
f 4669 4671 4670
f 4671 4672 4670
f 4670 4672 4673
f 4670 4673 4526
f 4672 4674 4673
f 4673 4674 4675
f 4673 4675 4528
f 4674 4676 4675
f 4675 4676 4677
f 4675 4677 4530
f 4676 4678 4677
f 4677 4678 4679
f 4677 4679 4532
f 4678 4680 4679
f 4679 4680 4681
f 4679 4681 4534
f 4680 4682 4681
f 4681 4682 4683
f 4681 4683 4536
f 4682 4684 4683
f 4683 4684 4685
f 4683 4685 4538
f 4684 4686 4685
f 4685 4686 4687
f 4685 4687 4540
f 4686 4688 4687
f 4687 4688 4689
f 4687 4689 4542
f 4688 4690 4689
f 4689 4690 4691
f 4689 4691 4544
f 4690 4692 4691
f 4691 4692 4693
f 4691 4693 4546
f 4692 4694 4693
f 4693 4694 4551
f 4692 4695 4694
f 4694 4695 4696
f 4694 4696 4553
f 4695 4697 4696
f 4696 4697 4698
f 4696 4698 4555
f 4697 4699 4698
f 4698 4699 4700
f 4698 4700 4557
f 4699 4701 4700
f 4700 4701 4702
f 4700 4702 4559
f 4701 4703 4702
f 4702 4703 4704
f 4702 4704 4561
f 4703 4705 4704
f 4704 4705 4706
f 4704 4706 4563
f 4705 4707 4706
f 4706 4707 4708
f 4706 4708 4565
f 4707 4709 4708
f 4708 4709 4710
f 4708 4710 4567
f 4709 4711 4710
f 4710 4711 4712
f 4710 4712 4569
f 4711 4713 4712
f 4712 4713 4714
f 4712 4714 4571
f 4713 4715 4714
f 4714 4715 4716
f 4714 4716 4573
f 4715 4717 4716
f 4716 4717 4718
f 4716 4718 4575
f 4717 4719 4718
f 4718 4719 4580
f 4717 4720 4719
f 4719 4720 4721
f 4719 4721 4582
f 4720 4722 4721
f 4721 4722 4723
f 4721 4723 4584
f 4722 4724 4723
f 4723 4724 4725
f 4723 4725 4586
f 4724 4726 4725
f 4725 4726 4727
f 4725 4727 4588
f 4726 4728 4727
f 4727 4728 4729
f 4727 4729 4590
f 4728 4730 4729
f 4729 4730 4731
f 4729 4731 4592
f 4730 4732 4731
f 4731 4732 4733
f 4731 4733 4594
f 4732 4734 4733
f 4733 4734 4735
f 4733 4735 4596
f 4734 4736 4735
f 4735 4736 4737
f 4735 4737 4598
f 4736 4738 4737
f 4737 4738 4739
f 4737 4739 4600
f 4738 4740 4739
f 4739 4740 4741
f 4739 4741 4602
f 4740 4742 4741
f 4741 4742 4743
f 4741 4743 4604
f 4742 4744 4743
f 4743 4744 4609
f 4742 4745 4744
f 4744 4745 4746
f 4744 4746 4611
f 4745 4747 4746
f 4746 4747 4748
f 4746 4748 4613
f 4747 4749 4748
f 4748 4749 4750
f 4748 4750 4615
f 4749 4751 4750
f 4750 4751 4752
f 4750 4752 4617
f 4751 4753 4752
f 4752 4753 4754
f 4752 4754 4619
f 4753 4755 4754
f 4754 4755 4756
f 4754 4756 4621
f 4755 4757 4756
f 4756 4757 4758
f 4756 4758 4623
f 4757 4759 4758
f 4758 4759 4760
f 4758 4760 4625
f 4759 4761 4760
f 4760 4761 4762
f 4760 4762 4627
f 4761 4763 4762
f 4762 4763 4764
f 4762 4764 4629
f 4763 4765 4764
f 4764 4765 4766
f 4764 4766 4631
f 4765 4767 4766
f 4766 4767 4768
f 4766 4768 4633
f 4767 4769 4768
f 4768 4769 4638
f 4767 4770 4769
f 4769 4770 4771
f 4769 4771 4640
f 4770 4772 4771
f 4771 4772 4773
f 4771 4773 4642
f 4772 4774 4773
f 4773 4774 4775
f 4773 4775 4644
f 4774 4776 4775
f 4775 4776 4777
f 4775 4777 4646
f 4776 4778 4777
f 4777 4778 4779
f 4777 4779 4648
f 4778 4780 4779
f 4779 4780 4781
f 4779 4781 4650
f 4780 4782 4781
f 4781 4782 4783
f 4781 4783 4652
f 4782 4784 4783
f 4783 4784 4785
f 4783 4785 4654
f 4784 4786 4785
f 4785 4786 4787
f 4785 4787 4656
f 4786 4788 4787
f 4787 4788 4789
f 4787 4789 4658
f 4788 4790 4789
f 4789 4790 4791
f 4789 4791 4660
f 4790 4792 4791
f 4791 4792 4668
f 4791 4668 4662
f 4790 4793 4792
f 4793 4671 4792
f 4793 4794 4671
f 4795 4794 4793
f 4796 4795 4793
f 4797 4795 4796
f 4798 4797 4796
f 4798 4796 4788
f 4799 4797 4798
f 4800 4799 4798
f 4800 4798 4786
f 4801 4799 4800
f 4802 4801 4800
f 4802 4800 4784
f 4803 4801 4802
f 4804 4803 4802
f 4804 4802 4782
f 4805 4803 4804
f 4806 4805 4804
f 4806 4804 4780
f 4807 4805 4806
f 4808 4807 4806
f 4808 4806 4778
f 4809 4807 4808
f 4810 4809 4808
f 4810 4808 4776
f 4811 4809 4810
f 4812 4811 4810
f 4812 4810 4774
f 4813 4811 4812
f 4814 4813 4812
f 4814 4812 4772
f 4815 4813 4814
f 4815 4814 4816
f 4817 4815 4816
f 4817 4816 4765
f 4818 4815 4817
f 4819 4818 4817
f 4819 4817 4763
f 4820 4818 4819
f 4821 4820 4819
f 4821 4819 4761
f 4822 4820 4821
f 4823 4822 4821
f 4823 4821 4759
f 4824 4822 4823
f 4825 4824 4823
f 4825 4823 4757
f 4826 4824 4825
f 4827 4826 4825
f 4827 4825 4755
f 4828 4826 4827
f 4829 4828 4827
f 4829 4827 4753
f 4830 4828 4829
f 4831 4830 4829
f 4831 4829 4751
f 4832 4830 4831
f 4833 4832 4831
f 4833 4831 4749
f 4834 4832 4833
f 4835 4834 4833
f 4835 4833 4747
f 4836 4834 4835
f 4836 4835 4837
f 4838 4836 4837
f 4838 4837 4740
f 4839 4836 4838
f 4840 4839 4838
f 4840 4838 4738
f 4841 4839 4840
f 4842 4841 4840
f 4842 4840 4736
f 4843 4841 4842
f 4844 4843 4842
f 4844 4842 4734
f 4845 4843 4844
f 4846 4845 4844
f 4846 4844 4732
f 4847 4845 4846
f 4848 4847 4846
f 4848 4846 4730
f 4849 4847 4848
f 4850 4849 4848
f 4850 4848 4728
f 4851 4849 4850
f 4852 4851 4850
f 4852 4850 4726
f 4853 4851 4852
f 4854 4853 4852
f 4854 4852 4724
f 4855 4853 4854
f 4856 4855 4854
f 4856 4854 4722
f 4857 4855 4856
f 4857 4856 4858
f 4859 4857 4858
f 4859 4858 4715
f 4860 4857 4859
f 4861 4860 4859
f 4861 4859 4713
f 4862 4860 4861
f 4863 4862 4861
f 4863 4861 4711
f 4864 4862 4863
f 4865 4864 4863
f 4865 4863 4709
f 4866 4864 4865
f 4867 4866 4865
f 4867 4865 4707
f 4868 4866 4867
f 4869 4868 4867
f 4869 4867 4705
f 4870 4868 4869
f 4871 4870 4869
f 4871 4869 4703
f 4872 4870 4871
f 4873 4872 4871
f 4873 4871 4701
f 4874 4872 4873
f 4875 4874 4873
f 4875 4873 4699
f 4876 4874 4875
f 4877 4876 4875
f 4877 4875 4697
f 4878 4876 4877
f 4878 4877 4879
f 4880 4878 4879
f 4880 4879 4690
f 4881 4878 4880
f 4882 4881 4880
f 4882 4880 4688
f 4883 4881 4882
f 4884 4883 4882
f 4884 4882 4686
f 4885 4883 4884
f 4886 4885 4884
f 4886 4884 4684
f 4887 4885 4886
f 4888 4887 4886
f 4888 4886 4682
f 4889 4887 4888
f 4890 4889 4888
f 4890 4888 4680
f 4891 4889 4890
f 4892 4891 4890
f 4892 4890 4678
f 4893 4891 4892
f 4894 4893 4892
f 4894 4892 4676
f 4895 4893 4894
f 4896 4895 4894
f 4896 4894 4674
f 4897 4895 4896
f 4794 4897 4896
f 4794 4896 4672
f 4897 4898 4895
f 4898 4899 4895
f 4898 4900 4899
f 4900 4901 4899
f 4899 4901 4902
f 4899 4902 4893
f 4901 4903 4902
f 4902 4903 4904
f 4902 4904 4891
f 4903 4905 4904
f 4904 4905 4906
f 4904 4906 4889
f 4905 4907 4906
f 4906 4907 4908
f 4906 4908 4887
f 4907 4909 4908
f 4908 4909 4910
f 4908 4910 4885
f 4909 4911 4910
f 4910 4911 4912
f 4910 4912 4883
f 4911 4913 4912
f 4912 4913 4914
f 4912 4914 4881
f 4913 4915 4914
f 4914 4915 4876
f 4913 4916 4915
f 4915 4916 4917
f 4915 4917 4874
f 4916 4918 4917
f 4917 4918 4919
f 4917 4919 4872
f 4918 4920 4919
f 4919 4920 4921
f 4919 4921 4870
f 4920 4922 4921
f 4921 4922 4923
f 4921 4923 4868
f 4922 4924 4923
f 4923 4924 4925
f 4923 4925 4866
f 4924 4926 4925
f 4925 4926 4927
f 4925 4927 4864
f 4926 4928 4927
f 4927 4928 4929
f 4927 4929 4862
f 4928 4930 4929
f 4929 4930 4931
f 4929 4931 4860
f 4930 4932 4931
f 4931 4932 4855
f 4930 4933 4932
f 4932 4933 4934
f 4932 4934 4853
f 4933 4935 4934
f 4934 4935 4936
f 4934 4936 4851
f 4935 4937 4936
f 4936 4937 4938
f 4936 4938 4849
f 4937 4939 4938
f 4938 4939 4940
f 4938 4940 4847
f 4939 4941 4940
f 4940 4941 4942
f 4940 4942 4845
f 4941 4943 4942
f 4942 4943 4944
f 4942 4944 4843
f 4943 4945 4944
f 4944 4945 4946
f 4944 4946 4841
f 4945 4947 4946
f 4946 4947 4948
f 4946 4948 4839
f 4947 4949 4948
f 4948 4949 4834
f 4947 4950 4949
f 4949 4950 4951
f 4949 4951 4832
f 4950 4952 4951
f 4951 4952 4953
f 4951 4953 4830
f 4952 4954 4953
f 4953 4954 4955
f 4953 4955 4828
f 4954 4956 4955
f 4955 4956 4957
f 4955 4957 4826
f 4956 4958 4957
f 4957 4958 4959
f 4957 4959 4824
f 4958 4960 4959
f 4959 4960 4961
f 4959 4961 4822
f 4960 4962 4961
f 4961 4962 4963
f 4961 4963 4820
f 4962 4964 4963
f 4963 4964 4965
f 4963 4965 4818
f 4964 4966 4965
f 4965 4966 4813
f 4964 4967 4966
f 4966 4967 4968
f 4966 4968 4811
f 4967 4969 4968
f 4968 4969 4970
f 4968 4970 4809
f 4969 4971 4970
f 4970 4971 4972
f 4970 4972 4807
f 4971 4973 4972
f 4972 4973 4974
f 4972 4974 4805
f 4973 4975 4974
f 4974 4975 4976
f 4974 4976 4803
f 4975 4977 4976
f 4976 4977 4978
f 4976 4978 4801
f 4977 4979 4978
f 4978 4979 4980
f 4978 4980 4799
f 4979 4981 4980
f 4980 4981 4982
f 4980 4982 4797
f 4981 4898 4982
f 4979 4983 4981
f 4983 4900 4981
f 4983 4984 4900
f 4985 4984 4983
f 4986 4985 4983
f 4987 4985 4986
f 4988 4987 4986
f 4988 4986 4977
f 4989 4987 4988
f 4990 4989 4988
f 4990 4988 4975
f 4991 4989 4990
f 4992 4991 4990
f 4992 4990 4973
f 4993 4991 4992
f 4994 4993 4992
f 4994 4992 4971
f 4995 4993 4994
f 4996 4995 4994
f 4996 4994 4969
f 4997 4995 4996
f 4997 4996 4998
f 4999 4997 4998
f 4999 4998 4962
f 5000 4997 4999
f 5001 5000 4999
f 5001 4999 4960
f 5002 5000 5001
f 5003 5002 5001
f 5003 5001 4958
f 5004 5002 5003
f 5005 5004 5003
f 5005 5003 4956
f 5006 5004 5005
f 5007 5006 5005
f 5007 5005 4954
f 5008 5006 5007
f 5009 5008 5007
f 5009 5007 4952
f 5010 5008 5009
f 5010 5009 5011
f 5012 5010 5011
f 5012 5011 4945
f 5013 5010 5012
f 5014 5013 5012
f 5014 5012 4943
f 5015 5013 5014
f 5016 5015 5014
f 5016 5014 4941
f 5017 5015 5016
f 5018 5017 5016
f 5018 5016 4939
f 5019 5017 5018
f 5020 5019 5018
f 5020 5018 4937
f 5021 5019 5020
f 5022 5021 5020
f 5022 5020 4935
f 5023 5021 5022
f 5023 5022 5024
f 5025 5023 5024
f 5025 5024 4928
f 5026 5023 5025
f 5027 5026 5025
f 5027 5025 4926
f 5028 5026 5027
f 5029 5028 5027
f 5029 5027 4924
f 5030 5028 5029
f 5031 5030 5029
f 5031 5029 4922
f 5032 5030 5031
f 5033 5032 5031
f 5033 5031 4920
f 5034 5032 5033
f 5035 5034 5033
f 5035 5033 4918
f 5036 5034 5035
f 5036 5035 5037
f 5038 5036 5037
f 5038 5037 4911
f 5039 5036 5038
f 5040 5039 5038
f 5040 5038 4909
f 5041 5039 5040
f 5042 5041 5040
f 5042 5040 4907
f 5043 5041 5042
f 5044 5043 5042
f 5044 5042 4905
f 5045 5043 5044
f 5046 5045 5044
f 5046 5044 4903
f 5047 5045 5046
f 4984 5047 5046
f 4984 5046 4901
f 5047 5048 5045
f 5048 5049 5045
f 5048 5050 5049
f 5050 5051 5049
f 5049 5051 5052
f 5049 5052 5043
f 5051 5053 5052
f 5052 5053 5054
f 5052 5054 5041
f 5053 5055 5054
f 5054 5055 5056
f 5054 5056 5039
f 5055 5057 5056
f 5056 5057 5034
f 5055 5058 5057
f 5057 5058 5059
f 5057 5059 5032
f 5058 5060 5059
f 5059 5060 5061
f 5059 5061 5030
f 5060 5062 5061
f 5061 5062 5063
f 5061 5063 5028
f 5062 5064 5063
f 5063 5064 5065
f 5063 5065 5026
f 5064 5066 5065
f 5065 5066 5021
f 5064 5067 5066
f 5066 5067 5068
f 5066 5068 5019
f 5067 5069 5068
f 5068 5069 5070
f 5068 5070 5017
f 5069 5071 5070
f 5070 5071 5072
f 5070 5072 5015
f 5071 5073 5072
f 5072 5073 5074
f 5072 5074 5013
f 5073 5075 5074
f 5074 5075 5008
f 5073 5076 5075
f 5075 5076 5077
f 5075 5077 5006
f 5076 5078 5077
f 5077 5078 5079
f 5077 5079 5004
f 5078 5080 5079
f 5079 5080 5081
f 5079 5081 5002
f 5080 5082 5081
f 5081 5082 5083
f 5081 5083 5000
f 5082 5084 5083
f 5083 5084 4995
f 5082 5085 5084
f 5084 5085 5086
f 5084 5086 4993
f 5085 5087 5086
f 5086 5087 5088
f 5086 5088 4991
f 5087 5089 5088
f 5088 5089 5090
f 5088 5090 4989
f 5089 5091 5090
f 5090 5091 5092
f 5090 5092 4987
f 5091 5048 5092
f 5089 5093 5091
f 5093 5050 5091
f 5093 5094 5050
f 5094 5093 5095
f 5096 5094 5095
f 5100 5094 5099
f 5094 5100 5101
f 5102 5094 5101
f 5094 5103 5104
f 5105 5094 5104
f 5108 5109 5105
f 5109 5094 5105
f 5094 5109 5051
f 5110 5109 5108
f 5111 5109 5110
f 5116 5109 5111
f 5117 5109 5116
f 5120 5109 5119
f 5121 5109 5120
f 5109 5121 5122
f 5123 5109 5122
f 5134 5132 5133
f 5135 5134 5133
f 5134 5135 5136
f 5134 5136 5137
f 5138 5134 5137
f 5134 5140 5142
f 5134 5142 5143
f 5134 5143 5144
f 5134 5144 5145
f 5146 5134 5145
f 5146 5145 5147
f 5148 5146 5147
f 5153 5146 5154
f 5146 5155 5154
f 5146 5153 5156
f 5146 5156 5157
f 5146 5157 5158
f 5159 5146 5158
f 5160 5159 5158
f 5159 5163 5164
f 5159 5164 5165
f 5159 5165 5166
f 5159 5166 5167
f 5159 5167 5168
f 5169 5159 5168
f 5169 5168 5170
f 5169 5170 5171
f 5172 5169 5171
f 5169 5176 5177
f 5169 5177 5178
f 5169 5178 5179
f 5169 5179 5180
f 5181 5169 5180
f 5181 5180 5182
f 5181 5182 5183
f 5184 5181 5183
f 5185 5181 5184
f 5181 5191 5190
f 5181 5190 5192
f 5181 5192 5193
f 5181 5193 5194
f 5181 5194 5195
f 5196 5181 5195
f 5196 5195 5197
f 5196 5197 5198
f 5196 5198 5199
f 5196 5199 5200
f 5196 5200 5201
f 5202 5196 5201
f 5202 5201 5203
f 5202 5203 5204
f 5202 5204 5205
f 5202 5205 5206
f 5202 5206 5207
f 5202 5207 5208
f 5202 5208 5209
f 5210 5211 5209
f 5202 5209 5211
f 5202 5211 5078
f 5212 5211 5210
f 5220 5211 5221
f 5222 5221 5211
f 5222 5211 5223
f 5224 5211 5220
f 5225 5226 5224
f 5227 5226 5225
f 5231 5226 5229
f 5232 5226 5231
f 5237 5238 5235
f 5239 5238 5237
f 5240 5238 5239
f 5238 5246 5245
f 5238 5245 5247
f 5247 5244 5238
f 5248 5238 5244
f 5254 5255 5253
f 5253 5255 5248
f 5256 5255 5254
f 5257 5255 5256
f 5264 5255 5263
f 5255 5264 5265
f 5266 5255 5265
f 5269 5093 5268
f 5093 5255 5268
f 5270 5093 5269
f 5271 5093 5270
f 5278 5093 5277
f 5279 5093 5278
f 5277 5093 5271
f 5268 5255 5266
f 5263 5255 5257
f 5255 5238 5248
f 5238 5255 5087
f 5240 5246 5238
f 5235 5238 5233
f 5233 5238 5232
f 5232 5238 5226
f 5226 5238 5085
f 5229 5226 5227
f 5226 5211 5224
f 5211 5226 5080
f 5223 5211 5212
f 5196 5202 5076
f 5181 5196 5071
f 5181 5185 5191
f 5169 5181 5069
f 5169 5174 5176
f 5169 5172 5174
f 5159 5169 5067
f 5160 5163 5159
f 5146 5159 5062
f 5146 5148 5155
f 5134 5146 5060
f 5134 5138 5140
f 5134 7547 5132
f 5130 5132 7547
f 7547 7548 5130
f 7547 7549 7548
f 7549 7547 7550
f 7550 7547 5125
f 5109 5123 7547
f 5109 7547 5053
f 7547 5134 5058
f 5125 7547 5123
f 5109 5117 5119
f 5103 5094 5102
f 5099 5094 5096
f 5093 5279 5095
f 5255 5093 5089
f 5087 5255 5089
f 5085 5238 5087
f 5226 5085 5082
f 5080 5226 5082
f 5078 5211 5080
f 5076 5202 5078
f 5196 5076 5073
f 5071 5196 5073
f 5069 5181 5071
f 5067 5169 5069
f 5159 5067 5064
f 5062 5159 5064
f 5060 5146 5062
f 5058 5134 5060
f 7547 5058 5055
f 5053 7547 5055
f 5051 5109 5053
f 5050 5094 5051
f 5091 5050 5048
f 5092 5048 5047
f 5092 5047 4985
f 5045 5049 5043
f 5043 5052 5041
f 5041 5054 5039
f 5039 5056 5036
f 5037 5035 4916
f 5056 5034 5036
f 5034 5057 5032
f 5032 5059 5030
f 5030 5061 5028
f 5028 5063 5026
f 5026 5065 5023
f 5024 5022 4933
f 5065 5021 5023
f 5021 5066 5019
f 5019 5068 5017
f 5017 5070 5015
f 5015 5072 5013
f 5013 5074 5010
f 5011 5009 4950
f 5074 5008 5010
f 5008 5075 5006
f 5006 5077 5004
f 5004 5079 5002
f 5002 5081 5000
f 5000 5083 4997
f 4998 4996 4967
f 5083 4995 4997
f 4995 5084 4993
f 4993 5086 4991
f 4991 5088 4989
f 4989 5090 4987
f 4987 5092 4985
f 4985 5047 4984
f 4986 4983 4979
f 4977 4986 4979
f 4975 4988 4977
f 4973 4990 4975
f 4971 4992 4973
f 4969 4994 4971
f 4967 4996 4969
f 4998 4967 4964
f 4962 4998 4964
f 4960 4999 4962
f 4958 5001 4960
f 4956 5003 4958
f 4954 5005 4956
f 4952 5007 4954
f 4950 5009 4952
f 5011 4950 4947
f 4945 5011 4947
f 4943 5012 4945
f 4941 5014 4943
f 4939 5016 4941
f 4937 5018 4939
f 4935 5020 4937
f 4933 5022 4935
f 5024 4933 4930
f 4928 5024 4930
f 4926 5025 4928
f 4924 5027 4926
f 4922 5029 4924
f 4920 5031 4922
f 4918 5033 4920
f 4916 5035 4918
f 5037 4916 4913
f 4911 5037 4913
f 4909 5038 4911
f 4907 5040 4909
f 4905 5042 4907
f 4903 5044 4905
f 4901 5046 4903
f 4900 4984 4901
f 4981 4900 4898
f 4982 4898 4897
f 4982 4897 4795
f 4895 4899 4893
f 4893 4902 4891
f 4891 4904 4889
f 4889 4906 4887
f 4887 4908 4885
f 4885 4910 4883
f 4883 4912 4881
f 4881 4914 4878
f 4879 4877 4695
f 4914 4876 4878
f 4876 4915 4874
f 4874 4917 4872
f 4872 4919 4870
f 4870 4921 4868
f 4868 4923 4866
f 4866 4925 4864
f 4864 4927 4862
f 4862 4929 4860
f 4860 4931 4857
f 4858 4856 4720
f 4931 4855 4857
f 4855 4932 4853
f 4853 4934 4851
f 4851 4936 4849
f 4849 4938 4847
f 4847 4940 4845
f 4845 4942 4843
f 4843 4944 4841
f 4841 4946 4839
f 4839 4948 4836
f 4837 4835 4745
f 4948 4834 4836
f 4834 4949 4832
f 4832 4951 4830
f 4830 4953 4828
f 4828 4955 4826
f 4826 4957 4824
f 4824 4959 4822
f 4822 4961 4820
f 4820 4963 4818
f 4818 4965 4815
f 4816 4814 4770
f 4965 4813 4815
f 4813 4966 4811
f 4811 4968 4809
f 4809 4970 4807
f 4807 4972 4805
f 4805 4974 4803
f 4803 4976 4801
f 4801 4978 4799
f 4799 4980 4797
f 4797 4982 4795
f 4795 4897 4794
f 4796 4793 4790
f 4788 4796 4790
f 4786 4798 4788
f 4784 4800 4786
f 4782 4802 4784
f 4780 4804 4782
f 4778 4806 4780
f 4776 4808 4778
f 4774 4810 4776
f 4772 4812 4774
f 4770 4814 4772
f 4816 4770 4767
f 4765 4816 4767
f 4763 4817 4765
f 4761 4819 4763
f 4759 4821 4761
f 4757 4823 4759
f 4755 4825 4757
f 4753 4827 4755
f 4751 4829 4753
f 4749 4831 4751
f 4747 4833 4749
f 4745 4835 4747
f 4837 4745 4742
f 4740 4837 4742
f 4738 4838 4740
f 4736 4840 4738
f 4734 4842 4736
f 4732 4844 4734
f 4730 4846 4732
f 4728 4848 4730
f 4726 4850 4728
f 4724 4852 4726
f 4722 4854 4724
f 4720 4856 4722
f 4858 4720 4717
f 4715 4858 4717
f 4713 4859 4715
f 4711 4861 4713
f 4709 4863 4711
f 4707 4865 4709
f 4705 4867 4707
f 4703 4869 4705
f 4701 4871 4703
f 4699 4873 4701
f 4697 4875 4699
f 4695 4877 4697
f 4879 4695 4692
f 4690 4879 4692
f 4688 4880 4690
f 4686 4882 4688
f 4684 4884 4686
f 4682 4886 4684
f 4680 4888 4682
f 4678 4890 4680
f 4676 4892 4678
f 4674 4894 4676
f 4672 4896 4674
f 4671 4794 4672
f 4792 4671 4669
f 4792 4669 4668
f 4662 4668 4664
f 4660 4791 4662
f 4658 4789 4660
f 4656 4787 4658
f 4654 4785 4656
f 4652 4783 4654
f 4650 4781 4652
f 4648 4779 4650
f 4646 4777 4648
f 4644 4775 4646
f 4642 4773 4644
f 4640 4771 4642
f 4638 4769 4640
f 4768 4638 4635
f 4633 4768 4635
f 4631 4766 4633
f 4629 4764 4631
f 4627 4762 4629
f 4625 4760 4627
f 4623 4758 4625
f 4621 4756 4623
f 4619 4754 4621
f 4617 4752 4619
f 4615 4750 4617
f 4613 4748 4615
f 4611 4746 4613
f 4609 4744 4611
f 4743 4609 4606
f 4604 4743 4606
f 4602 4741 4604
f 4600 4739 4602
f 4598 4737 4600
f 4596 4735 4598
f 4594 4733 4596
f 4592 4731 4594
f 4590 4729 4592
f 4588 4727 4590
f 4586 4725 4588
f 4584 4723 4586
f 4582 4721 4584
f 4580 4719 4582
f 4718 4580 4577
f 4575 4718 4577
f 4573 4716 4575
f 4571 4714 4573
f 4569 4712 4571
f 4567 4710 4569
f 4565 4708 4567
f 4563 4706 4565
f 4561 4704 4563
f 4559 4702 4561
f 4557 4700 4559
f 4555 4698 4557
f 4553 4696 4555
f 4551 4694 4553
f 4693 4551 4548
f 4546 4693 4548
f 4544 4691 4546
f 4542 4689 4544
f 4540 4687 4542
f 4538 4685 4540
f 4536 4683 4538
f 4534 4681 4536
f 4532 4679 4534
f 4530 4677 4532
f 4528 4675 4530
f 4526 4673 4528
f 4525 4670 4526
f 4667 4525 4523
f 4666 4523 4522
f 4521 4524 4519
f 4520 4518 4359
f 4519 4527 4517
f 4518 4516 4357
f 4517 4529 4515
f 4516 4514 4355
f 4515 4531 4513
f 4514 4512 4353
f 4513 4533 4511
f 4512 4510 4351
f 4511 4535 4509
f 4510 4508 4349
f 4509 4537 4507
f 4508 4506 4347
f 4507 4539 4505
f 4506 4504 4345
f 4505 4541 4503
f 4504 4502 4343
f 4503 4543 4501
f 4502 4500 4341
f 4501 4545 4499
f 4500 4498 4339
f 4499 4547 4497
f 4498 4496 4337
f 4497 4549 4495
f 4496 4494 4335
f 4549 4493 4495
f 4494 4492 4333
f 4493 4550 4491
f 4492 4490 4331
f 4491 4552 4489
f 4490 4488 4329
f 4489 4554 4487
f 4488 4486 4327
f 4487 4556 4485
f 4486 4484 4325
f 4485 4558 4483
f 4484 4482 4323
f 4483 4560 4481
f 4482 4480 4321
f 4481 4562 4479
f 4480 4478 4319
f 4479 4564 4477
f 4478 4476 4317
f 4477 4566 4475
f 4476 4474 4315
f 4475 4568 4473
f 4474 4472 4313
f 4473 4570 4471
f 4472 4470 4311
f 4471 4572 4469
f 4470 4468 4309
f 4469 4574 4467
f 4468 4466 4307
f 4467 4576 4465
f 4466 4464 4305
f 4465 4578 4463
f 4464 4462 4303
f 4578 4461 4463
f 4462 4460 4301
f 4461 4579 4459
f 4460 4458 4299
f 4459 4581 4457
f 4458 4456 4297
f 4457 4583 4455
f 4456 4454 4295
f 4455 4585 4453
f 4454 4452 4293
f 4453 4587 4451
f 4452 4450 4291
f 4451 4589 4449
f 4450 4448 4289
f 4449 4591 4447
f 4448 4446 4287
f 4447 4593 4445
f 4446 4444 4285
f 4445 4595 4443
f 4444 4442 4283
f 4443 4597 4441
f 4442 4440 4281
f 4441 4599 4439
f 4440 4438 4279
f 4439 4601 4437
f 4438 4436 4277
f 4437 4603 4435
f 4436 4434 4275
f 4435 4605 4433
f 4434 4432 4273
f 4433 4607 4431
f 4432 4430 4271
f 4607 4429 4431
f 4430 4428 4269
f 4429 4608 4427
f 4428 4426 4267
f 4427 4610 4425
f 4426 4424 4265
f 4425 4612 4423
f 4424 4422 4263
f 4423 4614 4421
f 4422 4420 4261
f 4421 4616 4419
f 4420 4418 4259
f 4419 4618 4417
f 4418 4416 4257
f 4417 4620 4415
f 4416 4414 4255
f 4415 4622 4413
f 4414 4412 4253
f 4413 4624 4411
f 4412 4410 4251
f 4411 4626 4409
f 4410 4408 4249
f 4409 4628 4407
f 4408 4406 4247
f 4407 4630 4405
f 4406 4404 4245
f 4405 4632 4403
f 4404 4402 4243
f 4403 4634 4401
f 4402 4400 4241
f 4401 4636 4399
f 4400 4398 4239
f 4636 4397 4399
f 4398 4396 4237
f 4397 4637 4395
f 4396 4394 4235
f 4395 4639 4393
f 4394 4392 4233
f 4393 4641 4391
f 4392 4390 4231
f 4391 4643 4389
f 4390 4388 4229
f 4389 4645 4387
f 4388 4386 4227
f 4387 4647 4385
f 4386 4384 4225
f 4385 4649 4383
f 4384 4382 4223
f 4383 4651 4381
f 4382 4380 4221
f 4381 4653 4379
f 4380 4378 4219
f 4379 4655 4377
f 4378 4376 4217
f 4377 4657 4375
f 4376 4374 4215
f 4375 4659 4373
f 4374 4372 4213
f 4373 4661 4371
f 4372 4370 4211
f 4371 4663 4369
f 4370 4368 4209
f 4369 4665 4367
f 4368 4365 4207
f 4665 4366 4367
f 4366 4522 4364
f 4522 4363 4364
f 4363 4520 4361
f 4520 4359 4361
f 4360 4358 4199
f 4518 4357 4359
f 4358 4356 4197
f 4516 4355 4357
f 4356 4354 4195
f 4514 4353 4355
f 4354 4352 4193
f 4512 4351 4353
f 4352 4350 4191
f 4510 4349 4351
f 4350 4348 4189
f 4508 4347 4349
f 4348 4346 4187
f 4506 4345 4347
f 4346 4344 4185
f 4504 4343 4345
f 4344 4342 4183
f 4502 4341 4343
f 4342 4340 4181
f 4500 4339 4341
f 4340 4338 4179
f 4498 4337 4339
f 4338 4336 4177
f 4496 4335 4337
f 4336 4334 4175
f 4494 4333 4335
f 4334 4332 4173
f 4492 4331 4333
f 4332 4330 4171
f 4490 4329 4331
f 4330 4328 4169
f 4488 4327 4329
f 4328 4326 4167
f 4486 4325 4327
f 4326 4324 4165
f 4484 4323 4325
f 4324 4322 4163
f 4482 4321 4323
f 4322 4320 4161
f 4480 4319 4321
f 4320 4318 4159
f 4478 4317 4319
f 4318 4316 4157
f 4476 4315 4317
f 4316 4314 4155
f 4474 4313 4315
f 4314 4312 4153
f 4472 4311 4313
f 4312 4310 4151
f 4470 4309 4311
f 4310 4308 4149
f 4468 4307 4309
f 4308 4306 4147
f 4466 4305 4307
f 4306 4304 4145
f 4464 4303 4305
f 4304 4302 4143
f 4462 4301 4303
f 4302 4300 4141
f 4460 4299 4301
f 4300 4298 4139
f 4458 4297 4299
f 4298 4296 4137
f 4456 4295 4297
f 4296 4294 4135
f 4454 4293 4295
f 4294 4292 4133
f 4452 4291 4293
f 4292 4290 4131
f 4450 4289 4291
f 4290 4288 4129
f 4448 4287 4289
f 4288 4286 4127
f 4446 4285 4287
f 4286 4284 4125
f 4444 4283 4285
f 4284 4282 4123
f 4442 4281 4283
f 4282 4280 4121
f 4440 4279 4281
f 4280 4278 4119
f 4438 4277 4279
f 4278 4276 4117
f 4436 4275 4277
f 4276 4274 4115
f 4434 4273 4275
f 4274 4272 4113
f 4432 4271 4273
f 4272 4270 4111
f 4430 4269 4271
f 4270 4268 4109
f 4428 4267 4269
f 4268 4266 4107
f 4426 4265 4267
f 4266 4264 4105
f 4424 4263 4265
f 4264 4262 4103
f 4422 4261 4263
f 4262 4260 4101
f 4420 4259 4261
f 4260 4258 4099
f 4418 4257 4259
f 4258 4256 4097
f 4416 4255 4257
f 4256 4254 4095
f 4414 4253 4255
f 4254 4252 4093
f 4412 4251 4253
f 4252 4250 4091
f 4410 4249 4251
f 4250 4248 4089
f 4408 4247 4249
f 4248 4246 4087
f 4406 4245 4247
f 4246 4244 4085
f 4404 4243 4245
f 4244 4242 4083
f 4402 4241 4243
f 4242 4240 4081
f 4400 4239 4241
f 4240 4238 4079
f 4398 4237 4239
f 4238 4236 4077
f 4396 4235 4237
f 4236 4234 4075
f 4394 4233 4235
f 4234 4232 4073
f 4392 4231 4233
f 4232 4230 4071
f 4390 4229 4231
f 4230 4228 4069
f 4388 4227 4229
f 4228 4226 4067
f 4386 4225 4227
f 4226 4224 4065
f 4384 4223 4225
f 4224 4222 4063
f 4382 4221 4223
f 4222 4220 4061
f 4380 4219 4221
f 4220 4218 4059
f 4378 4217 4219
f 4218 4216 4057
f 4376 4215 4217
f 4216 4214 4055
f 4374 4213 4215
f 4214 4212 4053
f 4372 4211 4213
f 4212 4210 4051
f 4370 4209 4211
f 4210 4208 4049
f 4368 4207 4209
f 4208 4205 4047
f 4365 4206 4207
f 4206 4362 4204
f 4362 4203 4204
f 4203 4360 4201
f 4360 4199 4201
f 4200 4198 4038
f 4358 4197 4199
f 4198 4196 4036
f 4356 4195 4197
f 4196 4194 4034
f 4354 4193 4195
f 4194 4192 4032
f 4352 4191 4193
f 4192 4190 4030
f 4350 4189 4191
f 4190 4188 4028
f 4348 4187 4189
f 4188 4186 4026
f 4346 4185 4187
f 4186 4184 4024
f 4344 4183 4185
f 4184 4182 4022
f 4342 4181 4183
f 4182 4180 4020
f 4340 4179 4181
f 4180 4178 4018
f 4338 4177 4179
f 4178 4176 4016
f 4336 4175 4177
f 4176 4174 4014
f 4334 4173 4175
f 4174 4172 4012
f 4332 4171 4173
f 4172 4170 4010
f 4330 4169 4171
f 4170 4168 4008
f 4328 4167 4169
f 4168 4166 4006
f 4326 4165 4167
f 4166 4164 4004
f 4324 4163 4165
f 4164 4162 4002
f 4322 4161 4163
f 4162 4160 4000
f 4320 4159 4161
f 4160 4158 3998
f 4318 4157 4159
f 4158 4156 3996
f 4316 4155 4157
f 4156 4154 3994
f 4314 4153 4155
f 4154 4152 3992
f 4312 4151 4153
f 4152 4150 3990
f 4310 4149 4151
f 4150 4148 3988
f 4308 4147 4149
f 4148 4146 3986
f 4306 4145 4147
f 4146 4144 3984
f 4304 4143 4145
f 4144 4142 3982
f 4302 4141 4143
f 4142 4140 3980
f 4300 4139 4141
f 4140 4138 3978
f 4298 4137 4139
f 4138 4136 3976
f 4296 4135 4137
f 4136 4134 3974
f 4294 4133 4135
f 4134 4132 3972
f 4292 4131 4133
f 4132 4130 3970
f 4290 4129 4131
f 4130 4128 3968
f 4288 4127 4129
f 4128 4126 3966
f 4286 4125 4127
f 4126 4124 3964
f 4284 4123 4125
f 4124 4122 3962
f 4282 4121 4123
f 4122 4120 3960
f 4280 4119 4121
f 4120 4118 3958
f 4278 4117 4119
f 4118 4116 3956
f 4276 4115 4117
f 4116 4114 3954
f 4274 4113 4115
f 4114 4112 3952
f 4272 4111 4113
f 4112 4110 3950
f 4270 4109 4111
f 4110 4108 3948
f 4268 4107 4109
f 4108 4106 3946
f 4266 4105 4107
f 4106 4104 3944
f 4264 4103 4105
f 4104 4102 3942
f 4262 4101 4103
f 4102 4100 3940
f 4260 4099 4101
f 4100 4098 3938
f 4258 4097 4099
f 4098 4096 3936
f 4256 4095 4097
f 4096 4094 3934
f 4254 4093 4095
f 4094 4092 3932
f 4252 4091 4093
f 4092 4090 3930
f 4250 4089 4091
f 4090 4088 3928
f 4248 4087 4089
f 4088 4086 3926
f 4246 4085 4087
f 4086 4084 3924
f 4244 4083 4085
f 4084 4082 3922
f 4242 4081 4083
f 4082 4080 3920
f 4240 4079 4081
f 4080 4078 3918
f 4238 4077 4079
f 4078 4076 3916
f 4236 4075 4077
f 4076 4074 3914
f 4234 4073 4075
f 4074 4072 3912
f 4232 4071 4073
f 4072 4070 3910
f 4230 4069 4071
f 4070 4068 3908
f 4228 4067 4069
f 4068 4066 3906
f 4226 4065 4067
f 4066 4064 3904
f 4224 4063 4065
f 4064 4062 3902
f 4222 4061 4063
f 4062 4060 3900
f 4220 4059 4061
f 4060 4058 3898
f 4218 4057 4059
f 4058 4056 3896
f 4216 4055 4057
f 4056 4054 3894
f 4214 4053 4055
f 4054 4052 3892
f 4212 4051 4053
f 4052 4050 3890
f 4210 4049 4051
f 4050 4048 3888
f 4208 4047 4049
f 4048 4045 3886
f 4205 4046 4047
f 4046 4202 4044
f 4202 4043 4044
f 4043 4200 4040
f 4041 4039 3581
f 4041 3581 3580
f 4039 3582 3581
f 4200 4038 4040
f 4039 4037 3582
f 4198 4036 4038
f 4037 4035 3587
f 4196 4034 4036
f 4035 4033 3590
f 4033 3591 3590
f 4194 4032 4034
f 4033 4031 3591
f 4192 4030 4032
f 4031 4029 3601
f 4029 3604 3601
f 4190 4028 4030
f 4029 4027 3604
f 4027 3734 3604
f 4025 3613 3734
f 3889 3609 3742
f 3891 3742 3740
f 3893 3740 3739
f 3895 3739 3741
f 3897 3741 3736
f 3899 3736 3607
f 3901 3607 3606
f 3903 3606 3595
f 3907 3618 3623
f 3909 3623 3622
f 3911 3622 3624
f 3913 3624 3586
f 3915 3586 3585
f 3917 3585 3732
f 3919 3732 3617
f 3921 3617 3616
f 3923 3616 3730
f 3925 3730 3728
f 3927 3728 3726
f 3929 3726 3725
f 3931 3725 3659
f 3933 3659 3724
f 3935 3724 3722
f 3937 3722 3720
f 3939 3720 3718
f 3941 3718 3716
f 3943 3716 3715
f 3945 3715 3674
f 3947 3674 3652
f 3949 3652 3714
f 3951 3714 3712
f 3953 3712 3710
f 3955 3710 3708
f 3957 3708 3646
f 3959 3646 3645
f 3961 3645 3706
f 3963 3706 3704
f 3965 3704 3702
f 3967 3702 3695
f 3969 3695 3694
f 3971 3694 3699
f 3973 3699 3698
f 3975 3698 3700
f 3977 3700 3696
f 3979 3696 3692
f 3981 3692 3690
f 3983 3690 3688
f 3987 3650 3643
f 3991 3642 3676
f 3993 3676 3679
f 3995 3679 3637
f 3997 3637 3636
f 3999 3636 3654
f 4003 3657 3649
f 4005 3649 3648
f 4007 3648 3663
f 4011 3662 3673
f 4013 3673 3671
f 4015 3671 3669
f 4019 3666 3665
f 4021 3665 3619
f 4017 3669 3666
f 4009 3663 3662
f 4001 3654 3657
f 3989 3643 3642
f 3985 3688 3650
f 3905 3595 3618
f 4023 3619 3613
f 4188 4026 4028
f 4027 4025 3734
f 4186 4024 4026
f 4025 4023 3613
f 4184 4022 4024
f 4023 4021 3619
f 4182 4020 4022
f 4021 4019 3665
f 4180 4018 4020
f 4019 4017 3666
f 4178 4016 4018
f 4017 4015 3669
f 4176 4014 4016
f 4015 4013 3671
f 4174 4012 4014
f 4013 4011 3673
f 4172 4010 4012
f 4011 4009 3662
f 4170 4008 4010
f 4009 4007 3663
f 4168 4006 4008
f 4007 4005 3648
f 4166 4004 4006
f 4005 4003 3649
f 4164 4002 4004
f 4003 4001 3657
f 4162 4000 4002
f 4001 3999 3654
f 4160 3998 4000
f 3999 3997 3636
f 4158 3996 3998
f 3997 3995 3637
f 4156 3994 3996
f 3995 3993 3679
f 4154 3992 3994
f 3993 3991 3676
f 4152 3990 3992
f 3991 3989 3642
f 4150 3988 3990
f 3989 3987 3643
f 4148 3986 3988
f 3987 3985 3650
f 4146 3984 3986
f 3985 3983 3688
f 4144 3982 3984
f 3983 3981 3690
f 4142 3980 3982
f 3981 3979 3692
f 4140 3978 3980
f 3979 3977 3696
f 4138 3976 3978
f 3977 3975 3700
f 4136 3974 3976
f 3975 3973 3698
f 4134 3972 3974
f 3973 3971 3699
f 4132 3970 3972
f 3971 3969 3694
f 4130 3968 3970
f 3969 3967 3695
f 4128 3966 3968
f 3967 3965 3702
f 4126 3964 3966
f 3965 3963 3704
f 4124 3962 3964
f 3963 3961 3706
f 4122 3960 3962
f 3961 3959 3645
f 4120 3958 3960
f 3959 3957 3646
f 4118 3956 3958
f 3957 3955 3708
f 4116 3954 3956
f 3955 3953 3710
f 4114 3952 3954
f 3953 3951 3712
f 4112 3950 3952
f 3951 3949 3714
f 4110 3948 3950
f 3949 3947 3652
f 4108 3946 3948
f 3947 3945 3674
f 4106 3944 3946
f 3945 3943 3715
f 4104 3942 3944
f 3943 3941 3716
f 4102 3940 3942
f 3941 3939 3718
f 4100 3938 3940
f 3939 3937 3720
f 4098 3936 3938
f 3937 3935 3722
f 4096 3934 3936
f 3935 3933 3724
f 4094 3932 3934
f 3933 3931 3659
f 4092 3930 3932
f 3931 3929 3725
f 4090 3928 3930
f 3929 3927 3726
f 4088 3926 3928
f 3927 3925 3728
f 4086 3924 3926
f 3925 3923 3730
f 4084 3922 3924
f 3923 3921 3616
f 4082 3920 3922
f 3921 3919 3617
f 4080 3918 3920
f 3919 3917 3732
f 4078 3916 3918
f 3917 3915 3585
f 4076 3914 3916
f 3915 3913 3586
f 4074 3912 3914
f 3913 3911 3624
f 4072 3910 3912
f 3911 3909 3622
f 4070 3908 3910
f 3909 3907 3623
f 4068 3906 3908
f 3907 3905 3618
f 4066 3904 3906
f 3905 3903 3595
f 4064 3902 3904
f 3903 3901 3606
f 4062 3900 3902
f 3901 3899 3607
f 4060 3898 3900
f 3899 3897 3736
f 4058 3896 3898
f 3897 3895 3741
f 4056 3894 3896
f 3895 3893 3739
f 4054 3892 3894
f 3893 3891 3740
f 4052 3890 3892
f 3891 3889 3742
f 4050 3888 3890
f 3889 3887 3609
f 3887 3612 3609
f 4048 3886 3888
f 3887 3884 3612
f 4045 3885 3886
f 3885 4042 3883
f 3883 4041 3580
f 3884 3583 3612
f 4031 3601 3591
f 4035 3590 3587
f 4037 3587 3582

usemtl Green_0
f 5095 5097 5096
f 5096 5097 5098
f 5096 5098 5099
f 5099 5098 5100
f 5103 5102 5104
f 5106 5105 5104
f 5105 5106 5107
f 5107 5108 5105
f 5112 5111 5110
f 5110 5107 5112
f 5107 5113 5112
f 5113 5114 5112
f 5112 5114 5115
f 5111 5112 5115
f 5111 5115 5116
f 5116 5118 5117
f 5118 5119 5117
f 5118 5120 5119
f 5122 5124 5123
f 5125 5123 5124
f 5125 5124 5126
f 5127 5125 5126
f 5126 5128 5127
f 5127 5128 5129
f 5130 5127 5129
f 5130 5129 5131
f 5132 5130 5131
f 5131 5133 5132
f 5137 5139 5138
f 5139 5140 5138
f 5139 5141 5140
f 5141 5142 5140
f 5149 5148 5147
f 5150 5149 5147
f 5150 5151 5149
f 5149 5151 5152
f 5149 5152 5153
f 5154 5149 5153
f 5158 5161 5160
f 5161 5162 5160
f 5162 5163 5160
f 5163 5162 5164
f 5171 5173 5172
f 5173 5174 5172
f 5173 5175 5174
f 5176 5174 5175
f 5176 5175 5177
f 5186 5185 5184
f 5182 5186 5184
f 5182 5187 5186
f 5187 5188 5186
f 5186 5188 5189
f 5186 5189 5190
f 5191 5186 5190
f 5213 5212 5210
f 5214 5213 5210
f 5214 5215 5213
f 5215 5216 5213
f 5213 5216 5217
f 5213 5217 5218
f 5218 5217 5219
f 5218 5219 5220
f 5221 5218 5220
f 5223 5218 5222
f 5212 5213 5223
f 5225 5224 5220
f 5219 5227 5225
f 5219 5228 5227
f 5227 5228 5229
f 5228 5230 5229
f 5230 5231 5229
f 5230 5233 5232
f 5230 5234 5233
f 5235 5233 5234
f 5234 5236 5235
f 5236 5237 5235
f 5241 5240 5239
f 5236 5241 5239
f 5236 5242 5241
f 5242 5243 5241
f 5241 5243 5244
f 5241 5244 5245
f 5241 5245 5246
f 5243 5249 5248
f 5243 5250 5249
f 5250 5251 5249
f 5249 5251 5252
f 5249 5252 5253
f 5252 5254 5253
f 5258 5257 5256
f 5252 5258 5256
f 5252 5259 5258
f 5259 5260 5258
f 5258 5260 5261
f 5258 5261 5262
f 5263 5258 5262
f 5263 5262 5264
f 5262 5266 5265
f 5262 5267 5266
f 5267 5268 5266
f 5267 5269 5268
f 5272 5271 5270
f 5267 5272 5270
f 5267 5273 5272
f 5273 5274 5272
f 5272 5274 5275
f 5272 5275 5276
f 5277 5272 5276
f 5277 5276 5278
f 5276 5279 5278
f 5276 5097 5279
f 5276 5275 5097
f 5275 5280 5097
f 5280 5281 5097
f 5280 5282 5281
f 5282 5283 5281
f 5281 5283 5284
f 5281 5284 5098
f 5098 5284 5102
f 5284 5106 5102
f 5284 5285 5106
f 5285 5286 5106
f 5285 5287 5286
f 5287 5288 5286
f 5286 5288 5113
f 5288 5289 5113
f 5288 5290 5289
f 5290 5291 5289
f 5289 5291 5292
f 5289 5292 5114
f 5114 5292 5293
f 5292 5294 5293
f 5293 5294 5295
f 5293 5295 5296
f 5115 5293 5296
f 5115 5296 5118
f 5118 5296 5124
f 5121 5120 5124
f 5296 5297 5124
f 5296 5295 5297
f 5295 5298 5297
f 5297 5298 5299
f 5297 5299 5126
f 5298 5300 5299
f 5299 5300 5301
f 5299 5301 5128
f 5128 5301 5302
f 5301 5303 5302
f 5303 5304 5302
f 5302 5304 5305
f 5302 5305 5129
f 5304 5306 5305
f 5305 5306 5307
f 5305 5307 5131
f 5131 5307 5139
f 5139 5136 5131
f 5306 5308 5307
f 5307 5308 5141
f 5308 5309 5141
f 5141 5309 5310
f 5309 5311 5310
f 5310 5311 5312
f 5143 5310 5312
f 5311 5313 5312
f 5312 5313 5150
f 5145 5312 5150
f 5313 5314 5150
f 5313 5315 5314
f 5315 5316 5314
f 5314 5316 5317
f 5314 5317 5151
f 5151 5317 5318
f 5317 5319 5318
f 5318 5319 5320
f 5318 5320 5161
f 5152 5318 5161
f 5161 5157 5152
f 5161 5320 5321
f 5320 5322 5321
f 5321 5322 5323
f 5321 5323 5324
f 5162 5321 5324
f 5323 5325 5324
f 5324 5325 5326
f 5166 5324 5326
f 5325 5327 5326
f 5326 5327 5173
f 5326 5173 5170
f 5325 5328 5327
f 5328 5329 5327
f 5327 5329 5175
f 5329 5330 5175
f 5175 5330 5331
f 5330 5332 5331
f 5331 5332 5333
f 5331 5333 5179
f 5332 5334 5333
f 5333 5334 5187
f 5333 5187 5180
f 5334 5335 5187
f 5334 5336 5335
f 5336 5337 5335
f 5335 5337 5338
f 5335 5338 5188
f 5188 5338 5339
f 5338 5340 5339
f 5339 5340 5341
f 5339 5341 5342
f 5189 5339 5342
f 5189 5342 5193
f 5342 5341 5343
f 5342 5343 5344
f 5342 5344 5194
f 5344 5343 5345
f 5344 5345 5198
f 5343 5346 5345
f 5346 5347 5345
f 5345 5347 5348
f 5345 5348 5199
f 5347 5349 5348
f 5348 5349 5350
f 5348 5350 5203
f 5200 5348 5203
f 5349 5351 5350
f 5207 5206 5351
f 5349 5352 5351
f 5352 5353 5351
f 5351 5353 5354
f 5207 5351 5354
f 5353 5355 5354
f 5354 5355 5214
f 5208 5214 5209
f 5214 5208 5354
f 5353 5356 5355
f 5356 5357 5355
f 5355 5357 5215
f 5357 5358 5215
f 5357 5359 5358
f 5359 5360 5358
f 5358 5360 5361
f 5358 5361 5216
f 5216 5361 5362
f 5361 5363 5362
f 5362 5363 5364
f 5362 5364 5365
f 5217 5362 5365
f 5365 5364 5366
f 5365 5366 5228
f 5228 5366 5367
f 5366 5368 5367
f 5367 5368 5369
f 5367 5369 5234
f 5369 5370 5234
f 5369 5371 5370
f 5371 5372 5370
f 5370 5372 5242
f 5372 5373 5242
f 5372 5374 5373
f 5374 5375 5373
f 5373 5375 5250
f 5375 5376 5250
f 5375 5377 5376
f 5377 5378 5376
f 5376 5378 5379
f 5376 5379 5251
f 5251 5379 5259
f 5379 5380 5259
f 5379 5381 5380
f 5381 5382 5380
f 5380 5382 5383
f 5380 5383 5260
f 5260 5383 5384
f 5383 5385 5384
f 5384 5385 5386
f 5384 5386 5273
f 5261 5384 5273
f 5385 5387 5386
f 5386 5387 5388
f 5386 5388 5274
f 5274 5388 5389
f 5388 5390 5389
f 5389 5390 5391
f 5389 5391 5280
f 5390 5392 5391
f 5392 5393 5391
f 5391 5393 5282
f 5393 5394 5282
f 5393 5395 5394
f 5395 5396 5394
f 5394 5396 5397
f 5394 5397 5283
f 5283 5397 5285
f 5396 5398 5397
f 5397 5398 5287
f 5398 5399 5287
f 5398 5400 5399
f 5400 5401 5399
f 5399 5401 5290
f 5401 5402 5290
f 5401 5403 5402
f 5403 5404 5402
f 5402 5404 5405
f 5402 5405 5291
f 5291 5405 5406
f 5405 5407 5406
f 5406 5407 5408
f 5406 5408 5294
f 5294 5408 5409
f 5408 5410 5409
f 5409 5410 5411
f 5409 5411 5298
f 5410 5412 5411
f 5411 5412 5413
f 5411 5413 5300
f 5300 5413 5414
f 5413 5415 5414
f 5414 5415 5416
f 5414 5416 5303
f 5416 5417 5303
f 5416 5418 5417
f 5418 5419 5417
f 5417 5419 5420
f 5417 5420 5304
f 5419 5421 5420
f 5420 5421 5422
f 5420 5422 5306
f 5421 5423 5422
f 5422 5423 5424
f 5422 5424 5308
f 5423 5425 5424
f 5424 5425 5426
f 5424 5426 5309
f 5425 5427 5426
f 5426 5427 5428
f 5426 5428 5311
f 5427 5429 5428
f 5428 5429 5315
f 5429 5430 5315
f 5429 5431 5430
f 5431 5432 5430
f 5430 5432 5433
f 5430 5433 5316
f 5316 5433 5434
f 5433 5435 5434
f 5434 5435 5436
f 5434 5436 5319
f 5319 5436 5437
f 5436 5438 5437
f 5437 5438 5439
f 5437 5439 5322
f 5322 5439 5440
f 5439 5441 5440
f 5441 5442 5440
f 5440 5442 5443
f 5440 5443 5323
f 5442 5444 5443
f 5443 5444 5328
f 5444 5445 5328
f 5444 5446 5445
f 5446 5447 5445
f 5445 5447 5448
f 5445 5448 5329
f 5447 5449 5448
f 5448 5449 5450
f 5448 5450 5330
f 5449 5451 5450
f 5450 5451 5452
f 5450 5452 5332
f 5451 5453 5452
f 5452 5453 5336
f 5453 5454 5336
f 5453 5455 5454
f 5455 5456 5454
f 5454 5456 5457
f 5454 5457 5337
f 5337 5457 5458
f 5457 5459 5458
f 5458 5459 5460
f 5458 5460 5340
f 5340 5460 5461
f 5460 5462 5461
f 5461 5462 5463
f 5461 5463 5464
f 5341 5461 5464
f 5464 5463 5465
f 5464 5465 5346
f 5465 5466 5346
f 5465 5467 5466
f 5467 5468 5466
f 5466 5468 5469
f 5466 5469 5347
f 5468 5470 5469
f 5469 5470 5352
f 5470 5471 5352
f 5470 5472 5471
f 5472 5473 5471
f 5471 5473 5356
f 5473 5474 5356
f 5473 5475 5474
f 5475 5476 5474
f 5474 5476 5359
f 5476 5477 5359
f 5476 5478 5477
f 5478 5479 5477
f 5477 5479 5480
f 5477 5480 5360
f 5360 5480 5481
f 5480 5482 5481
f 5481 5482 5483
f 5481 5483 5363
f 5363 5483 5484
f 5483 5485 5484
f 5484 5485 5486
f 5484 5486 5487
f 5364 5484 5487
f 5487 5486 5488
f 5487 5488 5368
f 5368 5488 5489
f 5488 5490 5489
f 5490 5491 5489
f 5489 5491 5371
f 5491 5492 5371
f 5491 5493 5492
f 5493 5494 5492
f 5492 5494 5374
f 5494 5495 5374
f 5494 5496 5495
f 5496 5497 5495
f 5495 5497 5377
f 5497 5498 5377
f 5497 5499 5498
f 5499 5500 5498
f 5498 5500 5501
f 5498 5501 5378
f 5378 5501 5381
f 5501 5502 5381
f 5501 5503 5502
f 5503 5504 5502
f 5502 5504 5505
f 5502 5505 5382
f 5382 5505 5506
f 5505 5507 5506
f 5506 5507 5508
f 5506 5508 5385
f 5507 5509 5508
f 5508 5509 5510
f 5508 5510 5387
f 5387 5510 5511
f 5510 5512 5511
f 5511 5512 5513
f 5511 5513 5390
f 5512 5514 5513
f 5513 5514 5515
f 5513 5515 5392
f 5515 5516 5392
f 5515 5517 5516
f 5517 5518 5516
f 5516 5518 5395
f 5518 5519 5395
f 5518 5520 5519
f 5520 5521 5519
f 5519 5521 5522
f 5519 5522 5396
f 5521 5523 5522
f 5522 5523 5400
f 5523 5524 5400
f 5523 5525 5524
f 5524 5525 5526
f 5524 5526 5403
f 5403 5526 5527
f 5526 5528 5527
f 5527 5528 5529
f 5527 5529 5530
f 5404 5527 5530
f 5404 5530 5531
f 5531 5530 5532
f 5531 5532 5533
f 5531 5533 5407
f 5407 5533 5534
f 5533 5535 5534
f 5534 5535 5536
f 5534 5536 5410
f 5535 5537 5536
f 5536 5537 5538
f 5536 5538 5412
f 5412 5538 5539
f 5538 5540 5539
f 5539 5540 5541
f 5539 5541 5415
f 5415 5541 5542
f 5541 5543 5542
f 5543 5544 5542
f 5542 5544 5418
f 5544 5545 5418
f 5544 5546 5545
f 5546 5547 5545
f 5545 5547 5548
f 5545 5548 5419
f 5547 5549 5548
f 5548 5549 5550
f 5548 5550 5421
f 5549 5551 5550
f 5550 5551 5552
f 5550 5552 5423
f 5551 5553 5552
f 5552 5553 5554
f 5552 5554 5425
f 5553 5555 5554
f 5554 5555 5556
f 5554 5556 5427
f 5555 5557 5556
f 5556 5557 5431
f 5557 5558 5431
f 5557 5559 5558
f 5558 5559 5560
f 5558 5560 5561
f 5558 5561 5432
f 5432 5561 5562
f 5561 5563 5562
f 5562 5563 5564
f 5562 5564 5435
f 5435 5564 5565
f 5564 5566 5565
f 5565 5566 5567
f 5565 5567 5438
f 5438 5567 5568
f 5567 5569 5568
f 5568 5569 5570
f 5568 5570 5441
f 5570 5571 5441
f 5570 5572 5571
f 5572 5573 5571
f 5571 5573 5574
f 5571 5574 5442
f 5573 5575 5574
f 5574 5575 5446
f 5575 5576 5446
f 5575 5577 5576
f 5577 5578 5576
f 5576 5578 5579
f 5576 5579 5447
f 5578 5580 5579
f 5579 5580 5581
f 5579 5581 5449
f 5580 5582 5581
f 5581 5582 5583
f 5581 5583 5451
f 5582 5584 5583
f 5583 5584 5455
f 5584 5585 5455
f 5584 5586 5585
f 5585 5586 5587
f 5585 5587 5588
f 5585 5588 5456
f 5456 5588 5589
f 5588 5590 5589
f 5589 5590 5591
f 5589 5591 5459
f 5459 5591 5592
f 5591 5593 5592
f 5592 5593 5594
f 5592 5594 5462
f 5462 5594 5595
f 5594 5596 5595
f 5595 5596 5597
f 5595 5597 5598
f 5463 5595 5598
f 5597 5599 5598
f 5598 5599 5467
f 5599 5600 5467
f 5599 5601 5600
f 5601 5602 5600
f 5600 5602 5603
f 5600 5603 5468
f 5602 5604 5603
f 5603 5604 5472
f 5604 5605 5472
f 5604 5606 5605
f 5606 5607 5605
f 5605 5607 5475
f 5607 5608 5475
f 5607 5609 5608
f 5608 5609 5610
f 5608 5610 5478
f 5478 5610 5611
f 5610 5612 5611
f 5611 5612 5613
f 5611 5613 5614
f 5479 5611 5614
f 5479 5614 5615
f 5615 5614 5616
f 5615 5616 5617
f 5615 5617 5482
f 5482 5617 5618
f 5617 5619 5618
f 5618 5619 5620
f 5618 5620 5485
f 5485 5620 5621
f 5620 5622 5621
f 5621 5622 5623
f 5621 5623 5624
f 5486 5621 5624
f 5624 5623 5625
f 5624 5625 5490
f 5625 5626 5490
f 5625 5627 5626
f 5627 5628 5626
f 5626 5628 5493
f 5628 5629 5493
f 5628 5630 5629
f 5630 5631 5629
f 5629 5631 5496
f 5631 5632 5496
f 5631 5633 5632
f 5632 5633 5634
f 5632 5634 5499
f 5499 5634 5635
f 5634 5636 5635
f 5635 5636 5637
f 5635 5637 5638
f 5500 5635 5638
f 5500 5638 5503
f 5503 5638 5639
f 5638 5640 5639
f 5639 5640 5641
f 5639 5641 5642
f 5504 5639 5642
f 5504 5642 5643
f 5643 5642 5644
f 5643 5644 5645
f 5643 5645 5507
f 5645 5644 5646
f 5645 5646 5647
f 5645 5647 5509
f 5509 5647 5648
f 5647 5649 5648
f 5648 5649 5650
f 5648 5650 5512
f 5649 5651 5650
f 5650 5651 5652
f 5650 5652 5514
f 5514 5652 5653
f 5652 5654 5653
f 5654 5655 5653
f 5653 5655 5517
f 5655 5656 5517
f 5655 5657 5656
f 5656 5657 5658
f 5656 5658 5520
f 5520 5658 5659
f 5658 5660 5659
f 5659 5660 5661
f 5659 5661 5662
f 5521 5659 5662
f 5662 5661 5663
f 5662 5663 5525
f 5525 5663 5664
f 5663 5665 5664
f 5664 5665 5666
f 5664 5666 5528
f 5528 5666 5667
f 5666 5668 5667
f 5667 5668 5669
f 5667 5669 5670
f 5529 5667 5670
f 5529 5670 5671
f 5671 5670 5672
f 5671 5672 5673
f 5532 5671 5673
f 5532 5673 5674
f 5674 5673 5675
f 5674 5675 5676
f 5535 5674 5676
f 5676 5675 5677
f 5676 5677 5678
f 5537 5676 5678
f 5537 5678 5679
f 5679 5678 5680
f 5679 5680 5681
f 5679 5681 5540
f 5540 5681 5682
f 5681 5683 5682
f 5682 5683 5684
f 5682 5684 5543
f 5684 5685 5543
f 5684 5686 5685
f 5685 5686 5687
f 5685 5687 5546
f 5546 5687 5688
f 5687 5689 5688
f 5688 5689 5690
f 5688 5690 5691
f 5547 5688 5691
f 5691 5690 5692
f 5691 5692 5693
f 5549 5691 5693
f 5693 5692 5694
f 5693 5694 5695
f 5551 5693 5695
f 5695 5694 5696
f 5695 5696 5697
f 5553 5695 5697
f 5697 5696 5698
f 5697 5698 5699
f 5555 5697 5699
f 5699 5698 5700
f 5699 5700 5559
f 5559 5700 5701
f 5700 5702 5701
f 5701 5702 5703
f 5701 5703 5704
f 5560 5701 5704
f 5560 5704 5705
f 5705 5704 5706
f 5705 5706 5707
f 5563 5705 5707
f 5563 5707 5708
f 5708 5707 5709
f 5708 5709 5710
f 5708 5710 5566
f 5566 5710 5711
f 5710 5712 5711
f 5711 5712 5713
f 5711 5713 5569
f 5569 5713 5714
f 5713 5715 5714
f 5715 5716 5714
f 5714 5716 5572
f 5716 5717 5572
f 5716 5718 5717
f 5717 5718 5719
f 5717 5719 5720
f 5717 5720 5573
f 5720 5719 5721
f 5720 5721 5577
f 5577 5721 5722
f 5721 5723 5722
f 5722 5723 5724
f 5722 5724 5725
f 5578 5722 5725
f 5725 5724 5726
f 5725 5726 5727
f 5580 5725 5727
f 5727 5726 5728
f 5727 5728 5729
f 5582 5727 5729
f 5729 5728 5730
f 5729 5730 5586
f 5586 5730 5731
f 5730 5732 5731
f 5731 5732 5733
f 5731 5733 5734
f 5587 5731 5734
f 5587 5734 5735
f 5735 5734 5736
f 5735 5736 5737
f 5590 5735 5737
f 5590 5737 5738
f 5738 5737 5739
f 5738 5739 5740
f 5738 5740 5593
f 5593 5740 5741
f 5740 5742 5741
f 5741 5742 5743
f 5741 5743 5596
f 5596 5743 5744
f 5743 5745 5744
f 5745 5746 5744
f 5744 5746 5747
f 5744 5747 5597
f 5746 5748 5747
f 5747 5748 5601
f 5748 5749 5601
f 5748 5750 5749
f 5749 5750 5751
f 5749 5751 5752
f 5749 5752 5602
f 5752 5751 5753
f 5752 5753 5606
f 5606 5753 5754
f 5753 5755 5754
f 5754 5755 5756
f 5754 5756 5609
f 5609 5756 5757
f 5756 5758 5757
f 5757 5758 5759
f 5757 5759 5612
f 5612 5759 5760
f 5759 5761 5760
f 5760 5761 5762
f 5760 5762 5763
f 5613 5760 5763
f 5613 5763 5764
f 5764 5763 5765
f 5764 5765 5766
f 5616 5764 5766
f 5616 5766 5767
f 5767 5766 5768
f 5767 5768 5769
f 5619 5767 5769
f 5619 5769 5770
f 5770 5769 5771
f 5770 5771 5772
f 5770 5772 5622
f 5622 5772 5773
f 5772 5774 5773
f 5773 5774 5775
f 5773 5775 5776
f 5623 5773 5776
f 5775 5777 5776
f 5776 5777 5627
f 5777 5778 5627
f 5777 5779 5778
f 5778 5779 5780
f 5778 5780 5630
f 5630 5780 5781
f 5780 5782 5781
f 5781 5782 5783
f 5781 5783 5633
f 5633 5783 5784
f 5783 5785 5784
f 5784 5785 5786
f 5784 5786 5636
f 5636 5786 5787
f 5786 5788 5787
f 5787 5788 5789
f 5787 5789 5790
f 5637 5787 5790
f 5637 5790 5640
f 5640 5790 5791
f 5790 5792 5791
f 5791 5792 5793
f 5791 5793 5794
f 5641 5791 5794
f 5641 5794 5795
f 5795 5794 5796
f 5795 5796 5797
f 5644 5795 5797
f 5797 5796 5798
f 5797 5798 5799
f 5646 5797 5799
f 5646 5799 5800
f 5800 5799 5801
f 5800 5801 5802
f 5649 5800 5802
f 5802 5801 5803
f 5802 5803 5804
f 5651 5802 5804
f 5651 5804 5805
f 5805 5804 5806
f 5805 5806 5654
f 5654 5806 5807
f 5806 5808 5807
f 5807 5808 5809
f 5807 5809 5657
f 5657 5809 5810
f 5809 5811 5810
f 5810 5811 5812
f 5810 5812 5660
f 5660 5812 5813
f 5812 5814 5813
f 5813 5814 5815
f 5813 5815 5816
f 5661 5813 5816
f 5816 5815 5817
f 5816 5817 5665
f 5665 5817 5818
f 5817 5819 5818
f 5818 5819 5820
f 5818 5820 5668
f 5668 5820 5821
f 5820 5822 5821
f 5821 5822 5823
f 5821 5823 5824
f 5669 5821 5824
f 5669 5824 5825
f 5825 5824 5826
f 5825 5826 5827
f 5672 5825 5827
f 5672 5827 5828
f 5828 5827 5829
f 5828 5829 5830
f 5675 5828 5830
f 5830 5829 5831
f 5830 5831 5832
f 5677 5830 5832
f 5677 5832 5833
f 5833 5832 5834
f 5833 5834 5835
f 5680 5833 5835
f 5680 5835 5836
f 5836 5835 5837
f 5836 5837 5838
f 5683 5836 5838
f 5838 5837 5839
f 5838 5839 5686
f 5686 5839 5840
f 5839 5841 5840
f 5840 5841 5842
f 5840 5842 5689
f 5689 5842 5843
f 5842 5844 5843
f 5843 5844 5845
f 5843 5845 5846
f 5690 5843 5846
f 5846 5845 5847
f 5846 5847 5848
f 5692 5846 5848
f 5848 5847 5849
f 5848 5849 5850
f 5694 5848 5850
f 5850 5849 5851
f 5850 5851 5852
f 5696 5850 5852
f 5852 5851 5853
f 5852 5853 5854
f 5698 5852 5854
f 5854 5853 5855
f 5854 5855 5702
f 5702 5855 5856
f 5855 5857 5856
f 5856 5857 5858
f 5856 5858 5859
f 5703 5856 5859
f 5703 5859 5860
f 5860 5859 5861
f 5860 5861 5862
f 5706 5860 5862
f 5706 5862 5863
f 5863 5862 5864
f 5863 5864 5865
f 5709 5863 5865
f 5709 5865 5866
f 5866 5865 5867
f 5866 5867 5868
f 5712 5866 5868
f 5712 5868 5869
f 5869 5868 5870
f 5869 5870 5715
f 5715 5870 5871
f 5870 5872 5871
f 5871 5872 5873
f 5871 5873 5718
f 5718 5873 5874
f 5873 5875 5874
f 5874 5875 5876
f 5874 5876 5877
f 5719 5874 5877
f 5877 5876 5878
f 5877 5878 5723
f 5723 5878 5879
f 5878 5880 5879
f 5879 5880 5881
f 5879 5881 5882
f 5724 5879 5882
f 5882 5881 5883
f 5882 5883 5884
f 5726 5882 5884
f 5884 5883 5885
f 5884 5885 5886
f 5728 5884 5886
f 5886 5885 5887
f 5886 5887 5732
f 5732 5887 5888
f 5887 5889 5888
f 5888 5889 5890
f 5888 5890 5891
f 5733 5888 5891
f 5733 5891 5892
f 5892 5891 5893
f 5892 5893 5894
f 5736 5892 5894
f 5736 5894 5895
f 5895 5894 5896
f 5895 5896 5897
f 5739 5895 5897
f 5739 5897 5898
f 5898 5897 5899
f 5898 5899 5900
f 5742 5898 5900
f 5742 5900 5901
f 5901 5900 5902
f 5901 5902 5745
f 5745 5902 5903
f 5902 5904 5903
f 5903 5904 5905
f 5903 5905 5906
f 5746 5903 5906
f 5906 5905 5907
f 5906 5907 5750
f 5750 5907 5908
f 5907 5909 5908
f 5908 5909 5910
f 5908 5910 5911
f 5751 5908 5911
f 5911 5910 5912
f 5911 5912 5755
f 5755 5912 5913
f 5912 5914 5913
f 5913 5914 5915
f 5913 5915 5758
f 5758 5915 5916
f 5915 5917 5916
f 5916 5917 5918
f 5916 5918 5761
f 5761 5918 5919
f 5918 5920 5919
f 5919 5920 5921
f 5919 5921 5922
f 5762 5919 5922
f 5762 5922 5923
f 5923 5922 5924
f 5923 5924 5925
f 5765 5923 5925
f 5765 5925 5926
f 5926 5925 5927
f 5926 5927 5928
f 5768 5926 5928
f 5768 5928 5929
f 5929 5928 5930
f 5929 5930 5931
f 5771 5929 5931
f 5771 5931 5932
f 5932 5931 5933
f 5932 5933 5934
f 5774 5932 5934
f 5934 5933 5935
f 5934 5935 5936
f 5775 5934 5936
f 5936 5935 5937
f 5936 5937 5779
f 5779 5937 5938
f 5937 5939 5938
f 5938 5939 5940
f 5938 5940 5782
f 5782 5940 5941
f 5940 5942 5941
f 5941 5942 5943
f 5941 5943 5785
f 5785 5943 5944
f 5943 5945 5944
f 5944 5945 5946
f 5944 5946 5788
f 5788 5946 5947
f 5946 5948 5947
f 5947 5948 5949
f 5947 5949 5950
f 5789 5947 5950
f 5789 5950 5792
f 5792 5950 5951
f 5950 5952 5951
f 5951 5952 5953
f 5951 5953 5954
f 5793 5951 5954
f 5793 5954 5955
f 5955 5954 5956
f 5955 5956 5957
f 5796 5955 5957
f 5957 5956 5958
f 5957 5958 5959
f 5798 5957 5959
f 5798 5959 5960
f 5960 5959 5961
f 5960 5961 5962
f 5801 5960 5962
f 5962 5961 5963
f 5962 5963 5964
f 5803 5962 5964
f 5803 5964 5965
f 5965 5964 5966
f 5965 5966 5808
f 5808 5966 5967
f 5966 5968 5967
f 5967 5968 5969
f 5967 5969 5811
f 5811 5969 5970
f 5969 5971 5970
f 5970 5971 5972
f 5970 5972 5814
f 5814 5972 5973
f 5972 5974 5973
f 5973 5974 5975
f 5973 5975 5976
f 5815 5973 5976
f 5976 5975 5977
f 5976 5977 5819
f 5819 5977 5978
f 5977 5979 5978
f 5978 5979 5980
f 5978 5980 5822
f 5822 5980 5981
f 5980 5982 5981
f 5981 5982 5983
f 5981 5983 5984
f 5823 5981 5984
f 5823 5984 5985
f 5985 5984 5986
f 5985 5986 5987
f 5826 5985 5987
f 5826 5987 5988
f 5988 5987 5989
f 5988 5989 5990
f 5829 5988 5990
f 5990 5989 5991
f 5990 5991 5992
f 5831 5990 5992
f 5831 5992 5993
f 5993 5992 5994
f 5993 5994 5995
f 5834 5993 5995
f 5834 5995 5996
f 5996 5995 5997
f 5996 5997 5998
f 5837 5996 5998
f 5998 5997 5999
f 5998 5999 5841
f 5841 5999 6000
f 5999 6001 6000
f 6000 6001 6002
f 6000 6002 5844
f 5844 6002 6003
f 6002 6004 6003
f 6003 6004 6005
f 6003 6005 6006
f 5845 6003 6006
f 6006 6005 6007
f 6006 6007 6008
f 5847 6006 6008
f 6008 6007 6009
f 6008 6009 6010
f 5849 6008 6010
f 6010 6009 6011
f 6010 6011 6012
f 5851 6010 6012
f 6012 6011 6013
f 6012 6013 6014
f 5853 6012 6014
f 6014 6013 6015
f 6014 6015 5857
f 5857 6015 6016
f 6015 6017 6016
f 6016 6017 6018
f 6016 6018 6019
f 5858 6016 6019
f 5858 6019 6020
f 6020 6019 6021
f 6020 6021 6022
f 5861 6020 6022
f 5861 6022 6023
f 6023 6022 6024
f 6023 6024 6025
f 5864 6023 6025
f 5864 6025 6026
f 6026 6025 6027
f 6026 6027 6028
f 5867 6026 6028
f 5867 6028 6029
f 6029 6028 6030
f 6029 6030 5872
f 5872 6030 6031
f 6030 6032 6031
f 6031 6032 6033
f 6031 6033 5875
f 5875 6033 6034
f 6033 6035 6034
f 6034 6035 6036
f 6034 6036 6037
f 5876 6034 6037
f 6037 6036 6038
f 6037 6038 5880
f 5880 6038 6039
f 6038 6040 6039
f 6039 6040 6041
f 6039 6041 6042
f 5881 6039 6042
f 6042 6041 6043
f 6042 6043 6044
f 5883 6042 6044
f 6044 6043 6045
f 6044 6045 6046
f 5885 6044 6046
f 6046 6045 6047
f 6046 6047 5889
f 5889 6047 6048
f 6047 6049 6048
f 6048 6049 6050
f 6048 6050 6051
f 5890 6048 6051
f 5890 6051 6052
f 6052 6051 6053
f 6052 6053 6054
f 5893 6052 6054
f 5893 6054 6055
f 6055 6054 6056
f 6055 6056 6057
f 5896 6055 6057
f 5896 6057 6058
f 6058 6057 6059
f 6058 6059 6060
f 5899 6058 6060
f 5899 6060 6061
f 6061 6060 6062
f 6061 6062 5904
f 5904 6062 6063
f 6062 6064 6063
f 6063 6064 6065
f 6063 6065 6066
f 5905 6063 6066
f 6066 6065 6067
f 6066 6067 5909
f 5909 6067 6068
f 6067 6069 6068
f 6068 6069 6070
f 6068 6070 6071
f 5910 6068 6071
f 6071 6070 6072
f 6071 6072 5914
f 5914 6072 6073
f 6072 6074 6073
f 6073 6074 6075
f 6073 6075 5917
f 5917 6075 6076
f 6075 6077 6076
f 6076 6077 6078
f 6076 6078 5920
f 5920 6078 6079
f 6078 6080 6079
f 6079 6080 6081
f 6079 6081 6082
f 5921 6079 6082
f 5921 6082 6083
f 6083 6082 6084
f 6083 6084 6085
f 5924 6083 6085
f 5924 6085 6086
f 6086 6085 6087
f 6086 6087 6088
f 5927 6086 6088
f 5927 6088 6089
f 6089 6088 6090
f 6089 6090 6091
f 5930 6089 6091
f 5930 6091 6092
f 6092 6091 6093
f 6092 6093 6094
f 5933 6092 6094
f 6094 6093 6095
f 6094 6095 6096
f 5935 6094 6096
f 6096 6095 6097
f 6096 6097 5939
f 5939 6097 6098
f 6097 6099 6098
f 6098 6099 6100
f 6098 6100 5942
f 5942 6100 6101
f 6100 6102 6101
f 6101 6102 6103
f 6101 6103 5945
f 5945 6103 6104
f 6103 6105 6104
f 6104 6105 6106
f 6104 6106 5948
f 5948 6106 6107
f 6106 6108 6107
f 6107 6108 6109
f 6107 6109 6110
f 5949 6107 6110
f 5949 6110 5952
f 5952 6110 6111
f 6110 6112 6111
f 6111 6112 6113
f 6111 6113 6114
f 5953 6111 6114
f 5953 6114 6115
f 6115 6114 6116
f 6115 6116 6117
f 5956 6115 6117
f 6117 6116 6118
f 6117 6118 6119
f 5958 6117 6119
f 5958 6119 6120
f 6120 6119 6121
f 6120 6121 6122
f 5961 6120 6122
f 6122 6121 6123
f 6122 6123 6124
f 5963 6122 6124
f 5963 6124 6125
f 6125 6124 6126
f 6125 6126 5968
f 5968 6126 6127
f 6126 6128 6127
f 6127 6128 6129
f 6127 6129 5971
f 5971 6129 6130
f 6129 6131 6130
f 6130 6131 6132
f 6130 6132 5974
f 5974 6132 6133
f 6132 6134 6133
f 6133 6134 6135
f 6133 6135 6136
f 5975 6133 6136
f 6136 6135 6137
f 6136 6137 5979
f 5979 6137 6138
f 6137 6139 6138
f 6138 6139 6140
f 6138 6140 5982
f 5982 6140 6141
f 6140 6142 6141
f 6141 6142 6143
f 6141 6143 6144
f 5983 6141 6144
f 5983 6144 6145
f 6145 6144 6146
f 6145 6146 6147
f 5986 6145 6147
f 5986 6147 6148
f 6148 6147 6149
f 6148 6149 6150
f 5989 6148 6150
f 6150 6149 6151
f 6150 6151 6152
f 5991 6150 6152
f 5991 6152 6153
f 6153 6152 6154
f 6153 6154 6155
f 5994 6153 6155
f 5994 6155 6156
f 6156 6155 6157
f 6156 6157 6158
f 5997 6156 6158
f 6158 6157 6159
f 6158 6159 6001
f 6001 6159 6160
f 6159 6161 6160
f 6160 6161 6162
f 6160 6162 6004
f 6004 6162 6163
f 6162 6164 6163
f 6163 6164 6165
f 6163 6165 6166
f 6005 6163 6166
f 6166 6165 6167
f 6166 6167 6168
f 6007 6166 6168
f 6168 6167 6169
f 6168 6169 6170
f 6009 6168 6170
f 6170 6169 6171
f 6170 6171 6172
f 6011 6170 6172
f 6172 6171 6173
f 6172 6173 6174
f 6013 6172 6174
f 6174 6173 6175
f 6174 6175 6017
f 6017 6175 6176
f 6175 6177 6176
f 6176 6177 6178
f 6176 6178 6179
f 6018 6176 6179
f 6018 6179 6180
f 6180 6179 6181
f 6180 6181 6182
f 6021 6180 6182
f 6021 6182 6183
f 6183 6182 6184
f 6183 6184 6185
f 6024 6183 6185
f 6024 6185 6186
f 6186 6185 6187
f 6186 6187 6188
f 6027 6186 6188
f 6027 6188 6189
f 6189 6188 6190
f 6189 6190 6032
f 6032 6190 6191
f 6190 6192 6191
f 6191 6192 6193
f 6191 6193 6035
f 6035 6193 6194
f 6193 6195 6194
f 6194 6195 6196
f 6194 6196 6197
f 6036 6194 6197
f 6197 6196 6198
f 6197 6198 6040
f 6040 6198 6199
f 6198 6200 6199
f 6199 6200 6201
f 6199 6201 6202
f 6041 6199 6202
f 6202 6201 6203
f 6202 6203 6204
f 6043 6202 6204
f 6204 6203 6205
f 6204 6205 6206
f 6045 6204 6206
f 6206 6205 6207
f 6206 6207 6049
f 6049 6207 6208
f 6207 6209 6208
f 6208 6209 6210
f 6208 6210 6211
f 6050 6208 6211
f 6050 6211 6212
f 6212 6211 6213
f 6212 6213 6214
f 6053 6212 6214
f 6053 6214 6215
f 6215 6214 6216
f 6215 6216 6217
f 6056 6215 6217
f 6056 6217 6218
f 6218 6217 6219
f 6218 6219 6220
f 6059 6218 6220
f 6059 6220 6221
f 6221 6220 6222
f 6221 6222 6064
f 6064 6222 6223
f 6222 6224 6223
f 6223 6224 6225
f 6223 6225 6226
f 6065 6223 6226
f 6226 6225 6227
f 6226 6227 6069
f 6069 6227 6228
f 6227 6229 6228
f 6228 6229 6230
f 6228 6230 6231
f 6070 6228 6231
f 6231 6230 6232
f 6231 6232 6074
f 6074 6232 6233
f 6232 6234 6233
f 6233 6234 6235
f 6233 6235 6077
f 6077 6235 6236
f 6235 6237 6236
f 6236 6237 6238
f 6236 6238 6080
f 6080 6238 6239
f 6238 6240 6239
f 6239 6240 6241
f 6239 6241 6242
f 6081 6239 6242
f 6081 6242 6243
f 6243 6242 6244
f 6243 6244 6245
f 6084 6243 6245
f 6084 6245 6246
f 6246 6245 6247
f 6246 6247 6248
f 6087 6246 6248
f 6087 6248 6249
f 6249 6248 6250
f 6249 6250 6251
f 6090 6249 6251
f 6090 6251 6252
f 6252 6251 6253
f 6252 6253 6254
f 6093 6252 6254
f 6254 6253 6255
f 6254 6255 6256
f 6095 6254 6256
f 6256 6255 6257
f 6256 6257 6099
f 6099 6257 6258
f 6257 6259 6258
f 6258 6259 6260
f 6258 6260 6102
f 6102 6260 6261
f 6260 6262 6261
f 6261 6262 6263
f 6261 6263 6105
f 6105 6263 6264
f 6263 6265 6264
f 6264 6265 6266
f 6264 6266 6108
f 6108 6266 6267
f 6266 6268 6267
f 6267 6268 6269
f 6267 6269 6270
f 6109 6267 6270
f 6109 6270 6112
f 6112 6270 6271
f 6270 6272 6271
f 6271 6272 6273
f 6271 6273 6274
f 6113 6271 6274
f 6113 6274 6275
f 6275 6274 6276
f 6275 6276 6277
f 6116 6275 6277
f 6277 6276 6278
f 6277 6278 6279
f 6118 6277 6279
f 6118 6279 6280
f 6280 6279 6281
f 6280 6281 6282
f 6121 6280 6282
f 6282 6281 6283
f 6282 6283 6284
f 6123 6282 6284
f 6123 6284 6285
f 6285 6284 6286
f 6285 6286 6128
f 6128 6286 6287
f 6286 6288 6287
f 6287 6288 6289
f 6287 6289 6131
f 6131 6289 6290
f 6289 6291 6290
f 6290 6291 6292
f 6290 6292 6134
f 6134 6292 6293
f 6292 6294 6293
f 6293 6294 6295
f 6293 6295 6296
f 6135 6293 6296
f 6296 6295 6297
f 6296 6297 6139
f 6139 6297 6298
f 6297 6299 6298
f 6298 6299 6300
f 6298 6300 6142
f 6142 6300 6301
f 6300 6302 6301
f 6301 6302 6303
f 6301 6303 6304
f 6143 6301 6304
f 6143 6304 6305
f 6305 6304 6306
f 6305 6306 6307
f 6146 6305 6307
f 6146 6307 6308
f 6308 6307 6309
f 6308 6309 6310
f 6149 6308 6310
f 6310 6309 6311
f 6310 6311 6312
f 6151 6310 6312
f 6151 6312 6313
f 6313 6312 6314
f 6313 6314 6315
f 6154 6313 6315
f 6154 6315 6316
f 6316 6315 6317
f 6316 6317 6318
f 6157 6316 6318
f 6318 6317 6319
f 6318 6319 6161
f 6161 6319 6320
f 6319 6321 6320
f 6320 6321 6322
f 6320 6322 6164
f 6164 6322 6323
f 6322 6324 6323
f 6323 6324 6325
f 6323 6325 6326
f 6165 6323 6326
f 6326 6325 6327
f 6326 6327 6328
f 6167 6326 6328
f 6328 6327 6329
f 6328 6329 6330
f 6169 6328 6330
f 6330 6329 6331
f 6330 6331 6332
f 6171 6330 6332
f 6332 6331 6333
f 6332 6333 6334
f 6173 6332 6334
f 6334 6333 6335
f 6334 6335 6177
f 6177 6335 6336
f 6335 6337 6336
f 6336 6337 6338
f 6336 6338 6339
f 6178 6336 6339
f 6178 6339 6340
f 6340 6339 6341
f 6340 6341 6342
f 6181 6340 6342
f 6181 6342 6343
f 6343 6342 6344
f 6343 6344 6345
f 6184 6343 6345
f 6184 6345 6346
f 6346 6345 6347
f 6346 6347 6348
f 6187 6346 6348
f 6187 6348 6349
f 6349 6348 6350
f 6349 6350 6192
f 6192 6350 6351
f 6350 6352 6351
f 6351 6352 6353
f 6351 6353 6195
f 6195 6353 6354
f 6353 6355 6354
f 6354 6355 6356
f 6354 6356 6357
f 6196 6354 6357
f 6357 6356 6358
f 6357 6358 6200
f 6200 6358 6359
f 6358 6360 6359
f 6359 6360 6361
f 6359 6361 6362
f 6201 6359 6362
f 6362 6361 6363
f 6362 6363 6364
f 6203 6362 6364
f 6364 6363 6365
f 6364 6365 6366
f 6205 6364 6366
f 6366 6365 6367
f 6366 6367 6209
f 6209 6367 6368
f 6367 6369 6368
f 6368 6369 6370
f 6368 6370 6371
f 6210 6368 6371
f 6210 6371 6372
f 6372 6371 6373
f 6372 6373 6374
f 6213 6372 6374
f 6213 6374 6375
f 6375 6374 6376
f 6375 6376 6377
f 6216 6375 6377
f 6216 6377 6378
f 6378 6377 6379
f 6378 6379 6380
f 6219 6378 6380
f 6219 6380 6381
f 6381 6380 6382
f 6381 6382 6224
f 6224 6382 6383
f 6382 6384 6383
f 6383 6384 6385
f 6383 6385 6386
f 6225 6383 6386
f 6386 6385 6387
f 6386 6387 6229
f 6229 6387 6388
f 6387 6389 6388
f 6388 6389 6390
f 6388 6390 6391
f 6230 6388 6391
f 6391 6390 6392
f 6391 6392 6234
f 6234 6392 6393
f 6392 6394 6393
f 6393 6394 6395
f 6393 6395 6237
f 6237 6395 6396
f 6395 6397 6396
f 6396 6397 6398
f 6396 6398 6240
f 6240 6398 6399
f 6398 6400 6399
f 6399 6400 6401
f 6399 6401 6402
f 6241 6399 6402
f 6241 6402 6403
f 6403 6402 6404
f 6403 6404 6405
f 6244 6403 6405
f 6244 6405 6406
f 6406 6405 6407
f 6406 6407 6408
f 6247 6406 6408
f 6247 6408 6409
f 6409 6408 6410
f 6409 6410 6411
f 6250 6409 6411
f 6250 6411 6412
f 6412 6411 6413
f 6412 6413 6414
f 6253 6412 6414
f 6414 6413 6415
f 6414 6415 6416
f 6255 6414 6416
f 6416 6415 6417
f 6416 6417 6259
f 6259 6417 6418
f 6417 6419 6418
f 6418 6419 6420
f 6418 6420 6262
f 6262 6420 6421
f 6420 6422 6421
f 6421 6422 6423
f 6421 6423 6265
f 6265 6423 6424
f 6423 6425 6424
f 6424 6425 6426
f 6424 6426 6268
f 6268 6426 6427
f 6426 6428 6427
f 6427 6428 6429
f 6427 6429 6430
f 6269 6427 6430
f 6269 6430 6272
f 6272 6430 6431
f 6430 6432 6431
f 6431 6432 6433
f 6431 6433 6434
f 6273 6431 6434
f 6273 6434 6435
f 6435 6434 6436
f 6435 6436 6437
f 6276 6435 6437
f 6437 6436 6438
f 6437 6438 6439
f 6278 6437 6439
f 6278 6439 6440
f 6440 6439 6441
f 6440 6441 6442
f 6281 6440 6442
f 6442 6441 6443
f 6442 6443 6444
f 6283 6442 6444
f 6283 6444 6445
f 6445 6444 6446
f 6445 6446 6288
f 6288 6446 6447
f 6446 6448 6447
f 6447 6448 6449
f 6447 6449 6291
f 6291 6449 6450
f 6449 6451 6450
f 6450 6451 6452
f 6450 6452 6294
f 6294 6452 6453
f 6452 6454 6453
f 6453 6454 6455
f 6453 6455 6456
f 6295 6453 6456
f 6456 6455 6457
f 6456 6457 6299
f 6299 6457 6458
f 6457 6459 6458
f 6458 6459 6460
f 6458 6460 6302
f 6302 6460 6461
f 6460 6462 6461
f 6461 6462 6463
f 6461 6463 6464
f 6303 6461 6464
f 6303 6464 6465
f 6465 6464 6466
f 6465 6466 6467
f 6306 6465 6467
f 6306 6467 6468
f 6468 6467 6469
f 6468 6469 6470
f 6309 6468 6470
f 6470 6469 6471
f 6470 6471 6472
f 6311 6470 6472
f 6311 6472 6473
f 6473 6472 6474
f 6473 6474 6475
f 6314 6473 6475
f 6314 6475 6476
f 6476 6475 6477
f 6476 6477 6478
f 6317 6476 6478
f 6478 6477 6479
f 6478 6479 6321
f 6321 6479 6480
f 6479 6481 6480
f 6480 6481 6482
f 6480 6482 6324
f 6324 6482 6483
f 6482 6484 6483
f 6483 6484 6485
f 6483 6485 6486
f 6325 6483 6486
f 6486 6485 6487
f 6486 6487 6488
f 6327 6486 6488
f 6488 6487 6489
f 6488 6489 6490
f 6329 6488 6490
f 6490 6489 6491
f 6490 6491 6492
f 6331 6490 6492
f 6492 6491 6493
f 6492 6493 6494
f 6333 6492 6494
f 6494 6493 6495
f 6494 6495 6337
f 6337 6495 6496
f 6495 6497 6496
f 6496 6497 6498
f 6496 6498 6499
f 6338 6496 6499
f 6338 6499 6500
f 6500 6499 6501
f 6500 6501 6502
f 6341 6500 6502
f 6341 6502 6503
f 6503 6502 6504
f 6503 6504 6505
f 6344 6503 6505
f 6344 6505 6506
f 6506 6505 6507
f 6506 6507 6508
f 6347 6506 6508
f 6347 6508 6509
f 6509 6508 6510
f 6509 6510 6352
f 6352 6510 6511
f 6510 6512 6511
f 6511 6512 6513
f 6511 6513 6355
f 6355 6513 6514
f 6513 6515 6514
f 6514 6515 6516
f 6514 6516 6517
f 6356 6514 6517
f 6517 6516 6518
f 6517 6518 6360
f 6360 6518 6519
f 6518 6520 6519
f 6519 6520 6521
f 6519 6521 6522
f 6361 6519 6522
f 6522 6521 6523
f 6522 6523 6524
f 6363 6522 6524
f 6524 6523 6525
f 6524 6525 6526
f 6365 6524 6526
f 6526 6525 6527
f 6526 6527 6369
f 6369 6527 6528
f 6527 6529 6528
f 6528 6529 6530
f 6528 6530 6531
f 6370 6528 6531
f 6370 6531 6532
f 6532 6531 6533
f 6532 6533 6534
f 6373 6532 6534
f 6373 6534 6535
f 6535 6534 6536
f 6535 6536 6537
f 6376 6535 6537
f 6376 6537 6538
f 6538 6537 6539
f 6538 6539 6540
f 6379 6538 6540
f 6379 6540 6541
f 6541 6540 6542
f 6541 6542 6384
f 6384 6542 6543
f 6542 6544 6543
f 6543 6544 6545
f 6543 6545 6546
f 6385 6543 6546
f 6546 6545 6547
f 6546 6547 6389
f 6389 6547 6548
f 6547 6549 6548
f 6548 6549 6550
f 6548 6550 6551
f 6390 6548 6551
f 6551 6550 6552
f 6551 6552 6394
f 6394 6552 6553
f 6552 6554 6553
f 6553 6554 6555
f 6553 6555 6397
f 6397 6555 6556
f 6555 6557 6556
f 6556 6557 6558
f 6556 6558 6400
f 6400 6558 6559
f 6558 6560 6559
f 6559 6560 6561
f 6559 6561 6562
f 6401 6559 6562
f 6401 6562 6563
f 6563 6562 6564
f 6563 6564 6565
f 6404 6563 6565
f 6404 6565 6566
f 6566 6565 6567
f 6566 6567 6568
f 6407 6566 6568
f 6407 6568 6569
f 6569 6568 6570
f 6569 6570 6571
f 6410 6569 6571
f 6410 6571 6572
f 6572 6571 6573
f 6572 6573 6574
f 6413 6572 6574
f 6574 6573 6575
f 6574 6575 6576
f 6415 6574 6576
f 6576 6575 6577
f 6576 6577 6419
f 6419 6577 6578
f 6577 6579 6578
f 6578 6579 6580
f 6578 6580 6422
f 6422 6580 6581
f 6580 6582 6581
f 6581 6582 6583
f 6581 6583 6425
f 6425 6583 6584
f 6583 6585 6584
f 6584 6585 6586
f 6584 6586 6428
f 6428 6586 6587
f 6586 6588 6587
f 6587 6588 6589
f 6587 6589 6590
f 6429 6587 6590
f 6429 6590 6432
f 6432 6590 6591
f 6590 6592 6591
f 6591 6592 6593
f 6591 6593 6594
f 6433 6591 6594
f 6433 6594 6595
f 6595 6594 6596
f 6595 6596 6597
f 6436 6595 6597
f 6597 6596 6598
f 6597 6598 6599
f 6438 6597 6599
f 6438 6599 6600
f 6600 6599 6601
f 6600 6601 6602
f 6441 6600 6602
f 6602 6601 6603
f 6602 6603 6604
f 6443 6602 6604
f 6443 6604 6605
f 6605 6604 6606
f 6605 6606 6448
f 6448 6606 6607
f 6606 6608 6607
f 6607 6608 6609
f 6607 6609 6451
f 6451 6609 6610
f 6609 6611 6610
f 6610 6611 6612
f 6610 6612 6454
f 6454 6612 6613
f 6612 6614 6613
f 6613 6614 6615
f 6613 6615 6616
f 6455 6613 6616
f 6616 6615 6617
f 6616 6617 6459
f 6459 6617 6618
f 6617 6619 6618
f 6618 6619 6620
f 6618 6620 6462
f 6462 6620 6621
f 6620 6622 6621
f 6621 6622 6623
f 6621 6623 6624
f 6463 6621 6624
f 6463 6624 6625
f 6625 6624 6626
f 6625 6626 6627
f 6466 6625 6627
f 6466 6627 6628
f 6628 6627 6629
f 6628 6629 6630
f 6469 6628 6630
f 6630 6629 6631
f 6630 6631 6632
f 6471 6630 6632
f 6471 6632 6633
f 6633 6632 6634
f 6633 6634 6635
f 6474 6633 6635
f 6474 6635 6636
f 6636 6635 6637
f 6636 6637 6638
f 6477 6636 6638
f 6638 6637 6639
f 6638 6639 6481
f 6481 6639 6640
f 6639 6641 6640
f 6640 6641 6642
f 6640 6642 6484
f 6484 6642 6643
f 6642 6644 6643
f 6643 6644 6645
f 6643 6645 6646
f 6485 6643 6646
f 6646 6645 6647
f 6646 6647 6648
f 6487 6646 6648
f 6648 6647 6649
f 6648 6649 6650
f 6489 6648 6650
f 6650 6649 6651
f 6650 6651 6652
f 6491 6650 6652
f 6652 6651 6653
f 6652 6653 6654
f 6493 6652 6654
f 6654 6653 6655
f 6654 6655 6497
f 6497 6655 6656
f 6655 6657 6656
f 6656 6657 6658
f 6656 6658 6659
f 6498 6656 6659
f 6498 6659 6660
f 6660 6659 6661
f 6660 6661 6662
f 6501 6660 6662
f 6501 6662 6663
f 6663 6662 6664
f 6663 6664 6665
f 6504 6663 6665
f 6504 6665 6666
f 6666 6665 6667
f 6666 6667 6668
f 6507 6666 6668
f 6507 6668 6669
f 6669 6668 6670
f 6669 6670 6512
f 6512 6670 6671
f 6670 6672 6671
f 6671 6672 6673
f 6671 6673 6515
f 6515 6673 6674
f 6673 6675 6674
f 6674 6675 6676
f 6674 6676 6677
f 6516 6674 6677
f 6677 6676 6678
f 6677 6678 6520
f 6520 6678 6679
f 6678 6680 6679
f 6679 6680 6681
f 6679 6681 6682
f 6521 6679 6682
f 6682 6681 6683
f 6682 6683 6684
f 6523 6682 6684
f 6684 6683 6685
f 6684 6685 6686
f 6525 6684 6686
f 6686 6685 6687
f 6686 6687 6529
f 6529 6687 6688
f 6687 6689 6688
f 6688 6689 6690
f 6688 6690 6691
f 6530 6688 6691
f 6530 6691 6692
f 6692 6691 6693
f 6692 6693 6694
f 6533 6692 6694
f 6533 6694 6695
f 6695 6694 6696
f 6695 6696 6697
f 6536 6695 6697
f 6536 6697 6698
f 6698 6697 6699
f 6698 6699 6700
f 6539 6698 6700
f 6539 6700 6701
f 6701 6700 6702
f 6701 6702 6544
f 6544 6702 6703
f 6702 6704 6703
f 6703 6704 6705
f 6703 6705 6706
f 6545 6703 6706
f 6706 6705 6707
f 6706 6707 6549
f 6549 6707 6708
f 6707 6709 6708
f 6708 6709 6710
f 6708 6710 6711
f 6550 6708 6711
f 6711 6710 6712
f 6711 6712 6554
f 6554 6712 6713
f 6712 6714 6713
f 6713 6714 6715
f 6713 6715 6557
f 6557 6715 6716
f 6715 6717 6716
f 6716 6717 6718
f 6716 6718 6560
f 6560 6718 6719
f 6718 6720 6719
f 6719 6720 6721
f 6719 6721 6722
f 6561 6719 6722
f 6561 6722 6723
f 6723 6722 6724
f 6723 6724 6725
f 6564 6723 6725
f 6564 6725 6726
f 6726 6725 6727
f 6726 6727 6728
f 6567 6726 6728
f 6567 6728 6729
f 6729 6728 6730
f 6729 6730 6731
f 6570 6729 6731
f 6570 6731 6732
f 6732 6731 6733
f 6732 6733 6734
f 6573 6732 6734
f 6734 6733 6735
f 6734 6735 6736
f 6575 6734 6736
f 6736 6735 6737
f 6736 6737 6579
f 6579 6737 6738
f 6737 6739 6738
f 6738 6739 6740
f 6738 6740 6582
f 6582 6740 6741
f 6740 6742 6741
f 6741 6742 6743
f 6741 6743 6585
f 6585 6743 6744
f 6743 6745 6744
f 6744 6745 6746
f 6744 6746 6588
f 6588 6746 6747
f 6746 6748 6747
f 6747 6748 6749
f 6747 6749 6750
f 6589 6747 6750
f 6589 6750 6592
f 6592 6750 6751
f 6750 6752 6751
f 6751 6752 6753
f 6751 6753 6754
f 6593 6751 6754
f 6593 6754 6755
f 6755 6754 6756
f 6755 6756 6757
f 6596 6755 6757
f 6757 6756 6758
f 6757 6758 6759
f 6598 6757 6759
f 6598 6759 6760
f 6760 6759 6761
f 6760 6761 6762
f 6601 6760 6762
f 6762 6761 6763
f 6762 6763 6764
f 6603 6762 6764
f 6603 6764 6765
f 6765 6764 6766
f 6765 6766 6608
f 6608 6766 6767
f 6766 6768 6767
f 6767 6768 6769
f 6767 6769 6611
f 6611 6769 6770
f 6769 6771 6770
f 6770 6771 6772
f 6770 6772 6614
f 6614 6772 6773
f 6772 6774 6773
f 6773 6774 6775
f 6773 6775 6776
f 6615 6773 6776
f 6776 6775 6777
f 6776 6777 6619
f 6619 6777 6778
f 6777 6779 6778
f 6778 6779 6780
f 6778 6780 6622
f 6779 6781 6780
f 6780 6781 6782
f 6623 6780 6782
f 6623 6782 6783
f 6783 6782 6784
f 6783 6784 6785
f 6626 6783 6785
f 6626 6785 6786
f 6786 6785 6787
f 6786 6787 6788
f 6629 6786 6788
f 6788 6787 6789
f 6788 6789 6790
f 6631 6788 6790
f 6631 6790 6791
f 6791 6790 6792
f 6791 6792 6793
f 6634 6791 6793
f 6634 6793 6794
f 6794 6793 6795
f 6794 6795 6796
f 6637 6794 6796
f 6796 6795 6797
f 6796 6797 6641
f 6641 6797 6798
f 6797 6799 6798
f 6798 6799 6800
f 6798 6800 6644
f 6644 6800 6801
f 6800 6802 6801
f 6801 6802 6803
f 6801 6803 6804
f 6645 6801 6804
f 6804 6803 6805
f 6804 6805 6806
f 6647 6804 6806
f 6806 6805 6807
f 6806 6807 6808
f 6649 6806 6808
f 6808 6807 6809
f 6808 6809 6810
f 6651 6808 6810
f 6810 6809 6811
f 6810 6811 6812
f 6653 6810 6812
f 6812 6811 6813
f 6812 6813 6657
f 6657 6813 6814
f 6813 6815 6814
f 6814 6815 6816
f 6814 6816 6817
f 6658 6814 6817
f 6658 6817 6818
f 6818 6817 6819
f 6818 6819 6820
f 6661 6818 6820
f 6661 6820 6821
f 6821 6820 6822
f 6821 6822 6823
f 6664 6821 6823
f 6664 6823 6824
f 6824 6823 6825
f 6824 6825 6826
f 6667 6824 6826
f 6667 6826 6827
f 6827 6826 6828
f 6827 6828 6672
f 6672 6828 6829
f 6828 6830 6829
f 6829 6830 6831
f 6829 6831 6675
f 6675 6831 6832
f 6831 6833 6832
f 6832 6833 6834
f 6832 6834 6835
f 6676 6832 6835
f 6835 6834 6836
f 6835 6836 6680
f 6680 6836 6837
f 6836 6838 6837
f 6837 6838 6839
f 6837 6839 6840
f 6681 6837 6840
f 6840 6839 6841
f 6840 6841 6842
f 6683 6840 6842
f 6842 6841 6843
f 6842 6843 6844
f 6685 6842 6844
f 6844 6843 6845
f 6844 6845 6689
f 6689 6845 6846
f 6845 6847 6846
f 6846 6847 6848
f 6846 6848 6849
f 6690 6846 6849
f 6690 6849 6850
f 6850 6849 6851
f 6850 6851 6852
f 6693 6850 6852
f 6693 6852 6853
f 6853 6852 6854
f 6853 6854 6855
f 6696 6853 6855
f 6696 6855 6856
f 6856 6855 6857
f 6856 6857 6858
f 6699 6856 6858
f 6699 6858 6859
f 6859 6858 6860
f 6859 6860 6704
f 6704 6860 6861
f 6860 6862 6861
f 6861 6862 6863
f 6861 6863 6864
f 6705 6861 6864
f 6864 6863 6865
f 6864 6865 6709
f 6709 6865 6866
f 6865 6867 6866
f 6866 6867 6868
f 6866 6868 6869
f 6710 6866 6869
f 6869 6868 6870
f 6869 6870 6714
f 6714 6870 6871
f 6870 6872 6871
f 6871 6872 6873
f 6871 6873 6717
f 6717 6873 6874
f 6873 6875 6874
f 6874 6875 6720
f 6720 6875 6876
f 6875 6877 6876
f 6876 6877 6878
f 6876 6878 6879
f 6721 6876 6879
f 6721 6879 6880
f 6880 6879 6881
f 6880 6881 6882
f 6724 6880 6882
f 6724 6882 6883
f 6883 6882 6884
f 6883 6884 6885
f 6727 6883 6885
f 6727 6885 6886
f 6886 6885 6887
f 6886 6887 6888
f 6730 6886 6888
f 6730 6888 6889
f 6889 6888 6890
f 6889 6890 6891
f 6733 6889 6891
f 6891 6890 6892
f 6891 6892 6893
f 6735 6891 6893
f 6893 6892 6894
f 6893 6894 6739
f 6739 6894 6895
f 6894 6896 6895
f 6895 6896 6897
f 6895 6897 6742
f 6742 6897 6898
f 6897 6899 6898
f 6898 6899 6900
f 6898 6900 6745
f 6745 6900 6901
f 6900 6902 6901
f 6901 6902 6903
f 6901 6903 6748
f 6748 6903 6904
f 6903 6905 6904
f 6904 6905 6906
f 6752 6904 6906
f 6749 6904 6752
f 6906 6905 6907
f 6906 6907 6908
f 6753 6906 6908
f 6753 6908 6909
f 6909 6908 6910
f 6909 6910 6911
f 6756 6909 6911
f 6911 6910 6912
f 6911 6912 6913
f 6758 6911 6913
f 6758 6913 6914
f 6914 6913 6915
f 6914 6915 6916
f 6761 6914 6916
f 6916 6915 6917
f 6916 6917 6918
f 6763 6916 6918
f 6763 6918 6919
f 6919 6918 6920
f 6919 6920 6768
f 6768 6920 6921
f 6920 6922 6921
f 6921 6922 6923
f 6921 6923 6771
f 6771 6923 6924
f 6923 6925 6924
f 6924 6925 6926
f 6924 6926 6774
f 6774 6926 6927
f 6926 6928 6927
f 6927 6928 6929
f 6927 6929 6930
f 6775 6927 6930
f 6930 6929 6931
f 6930 6931 6779
f 6929 6932 6931
f 6931 6932 6933
f 6931 6933 6781
f 6781 6933 6934
f 6934 6933 6935
f 6934 6935 6936
f 6784 6934 6936
f 6784 6936 6937
f 6937 6936 6938
f 6937 6938 6939
f 6787 6937 6939
f 6939 6938 6940
f 6939 6940 6941
f 6789 6939 6941
f 6789 6941 6942
f 6942 6941 6943
f 6942 6943 6944
f 6792 6942 6944
f 6792 6944 6945
f 6945 6944 6946
f 6945 6946 6947
f 6795 6945 6947
f 6947 6946 6948
f 6947 6948 6799
f 6799 6948 6949
f 6948 6950 6949
f 6949 6950 6951
f 6949 6951 6802
f 6802 6951 6952
f 6951 6953 6952
f 6952 6953 6954
f 6952 6954 6955
f 6803 6952 6955
f 6955 6954 6956
f 6955 6956 6957
f 6805 6955 6957
f 6957 6956 6958
f 6957 6958 6959
f 6807 6957 6959
f 6959 6958 6960
f 6959 6960 6961
f 6809 6959 6961
f 6961 6960 6815
f 6815 6960 6962
f 6960 6963 6962
f 6962 6963 6964
f 6962 6964 6965
f 6816 6962 6965
f 6816 6965 6966
f 6966 6965 6967
f 6966 6967 6968
f 6819 6966 6968
f 6819 6968 6969
f 6969 6968 6970
f 6969 6970 6971
f 6822 6969 6971
f 6822 6971 6972
f 6972 6971 6973
f 6972 6973 6974
f 6825 6972 6974
f 6825 6974 6975
f 6975 6974 6976
f 6975 6976 6830
f 6830 6976 6977
f 6976 6978 6977
f 6977 6978 6979
f 6977 6979 6833
f 6833 6979 6980
f 6979 6981 6980
f 6980 6981 6982
f 6980 6982 6983
f 6834 6980 6983
f 6983 6982 6984
f 6983 6984 6838
f 6838 6984 6985
f 6984 6986 6985
f 6985 6986 6987
f 6985 6987 6988
f 6839 6985 6988
f 6988 6987 6989
f 6988 6989 6990
f 6841 6988 6990
f 6990 6989 6847
f 6847 6989 6991
f 6989 6992 6991
f 6991 6992 6993
f 6991 6993 6994
f 6848 6991 6994
f 6848 6994 6995
f 6995 6994 6996
f 6995 6996 6997
f 6851 6995 6997
f 6851 6997 6998
f 6998 6997 6999
f 6998 6999 7000
f 6854 6998 7000
f 6854 7000 7001
f 7001 7000 7002
f 7001 7002 7003
f 6857 7001 7003
f 6857 7003 7004
f 7004 7003 7005
f 7004 7005 6862
f 6862 7005 7006
f 7005 7007 7006
f 7006 7007 7008
f 7006 7008 7009
f 6863 7006 7009
f 7009 7008 7010
f 7009 7010 6867
f 6867 7010 7011
f 7010 7012 7011
f 7011 7012 7013
f 7011 7013 7014
f 6868 7011 7014
f 7014 7013 7015
f 7014 7015 6872
f 6872 7015 7016
f 7015 7017 7016
f 7016 7017 6877
f 7017 7018 6877
f 7017 7019 7018
f 7019 7020 7018
f 7018 7020 7021
f 6878 7018 7021
f 6878 7021 7022
f 7022 7021 7023
f 7022 7023 7024
f 6881 7022 7024
f 6881 7024 7025
f 7025 7024 7026
f 7025 7026 7027
f 6884 7025 7027
f 6884 7027 7028
f 7028 7027 7029
f 7028 7029 7030
f 6887 7028 7030
f 6887 7030 7031
f 7031 7030 7032
f 7031 7032 7033
f 6890 7031 7033
f 7033 7032 7034
f 7033 7034 7035
f 6892 7033 7035
f 7035 7034 7036
f 7035 7036 6896
f 6896 7036 7037
f 7036 7038 7037
f 7037 7038 7039
f 7037 7039 6899
f 6899 7039 7040
f 7039 7041 7040
f 7040 7041 7042
f 7040 7042 6902
f 6902 7042 7043
f 7042 7044 7043
f 7043 7044 7045
f 7043 7045 6905
f 7044 7046 7045
f 7045 7046 7047
f 6907 7045 7047
f 6907 7047 7048
f 7048 7047 7049
f 7048 7049 7050
f 6910 7048 7050
f 7050 7049 7051
f 7050 7051 7052
f 6912 7050 7052
f 6912 7052 7053
f 7053 7052 7054
f 7053 7054 7055
f 6915 7053 7055
f 7055 7054 7056
f 7055 7056 7057
f 6917 7055 7057
f 6917 7057 7058
f 7058 7057 7059
f 7058 7059 6922
f 6922 7059 7060
f 7059 7061 7060
f 7060 7061 7062
f 7060 7062 6925
f 6925 7062 7063
f 7062 7064 7063
f 7063 7064 7065
f 7063 7065 6928
f 6928 7065 7066
f 7065 7067 7066
f 7066 7067 7068
f 7066 7068 6932
f 6932 7068 7069
f 7068 7070 7069
f 7069 7070 7071
f 6935 7069 7071
f 6935 7071 7072
f 7072 7071 7073
f 7072 7073 7074
f 6938 7072 7074
f 7074 7073 7075
f 7074 7075 7076
f 6940 7074 7076
f 6940 7076 7077
f 7077 7076 7078
f 7077 7078 7079
f 6943 7077 7079
f 6943 7079 7080
f 7080 7079 7081
f 7080 7081 7082
f 6946 7080 7082
f 7082 7081 7083
f 7082 7083 6950
f 6950 7083 7084
f 7083 7085 7084
f 7084 7085 7086
f 7084 7086 6953
f 6953 7086 7087
f 7086 7088 7087
f 7087 7088 7089
f 7087 7089 7090
f 6954 7087 7090
f 7090 7089 7091
f 7090 7091 7092
f 6956 7090 7092
f 7092 7091 7093
f 7092 7093 6963
f 6958 7092 6963
f 7091 7094 7093
f 7093 7094 7095
f 6964 7093 7095
f 6964 7095 7096
f 7096 7095 7097
f 7096 7097 7098
f 6967 7096 7098
f 6967 7098 7099
f 7099 7098 7100
f 7099 7100 7101
f 6970 7099 7101
f 6970 7101 7102
f 7102 7101 7103
f 7102 7103 7104
f 6973 7102 7104
f 6973 7104 7105
f 7105 7104 7106
f 7105 7106 6978
f 6978 7106 7107
f 7106 7108 7107
f 7107 7108 7109
f 7107 7109 6981
f 6981 7109 7110
f 7109 7111 7110
f 7110 7111 7112
f 7110 7112 7113
f 6982 7110 7113
f 7113 7112 7114
f 7113 7114 6986
f 6986 7114 7115
f 7114 7116 7115
f 7115 7116 7117
f 7115 7117 6992
f 6987 7115 6992
f 7116 7118 7117
f 7117 7118 7119
f 6993 7117 7119
f 6993 7119 7120
f 7120 7119 7121
f 7120 7121 7122
f 6996 7120 7122
f 6996 7122 7123
f 7123 7122 7124
f 7123 7124 7125
f 6999 7123 7125
f 6999 7125 7126
f 7126 7125 7127
f 7126 7127 7128
f 7002 7126 7128
f 7002 7128 7129
f 7129 7128 7130
f 7129 7130 7007
f 7007 7130 7131
f 7130 7132 7131
f 7131 7132 7133
f 7131 7133 7134
f 7008 7131 7134
f 7134 7133 7135
f 7134 7135 7012
f 7012 7135 7136
f 7135 7137 7136
f 7136 7137 7138
f 7136 7138 7139
f 7013 7136 7139
f 7139 7138 7019
f 7138 7140 7019
f 7138 7141 7140
f 7141 7142 7140
f 7140 7142 7143
f 7140 7143 7020
f 7020 7143 7144
f 7144 7143 7145
f 7144 7145 7146
f 7023 7144 7146
f 7023 7146 7147
f 7147 7146 7148
f 7147 7148 7149
f 7026 7147 7149
f 7026 7149 7150
f 7150 7149 7151
f 7150 7151 7152
f 7029 7150 7152
f 7029 7152 7153
f 7153 7152 7154
f 7153 7154 7155
f 7032 7153 7155
f 7155 7154 7156
f 7155 7156 7157
f 7034 7155 7157
f 7157 7156 7158
f 7157 7158 7038
f 7038 7158 7159
f 7158 7160 7159
f 7159 7160 7161
f 7159 7161 7041
f 7041 7161 7162
f 7161 7163 7162
f 7162 7163 7164
f 7162 7164 7044
f 7163 7165 7164
f 7164 7165 7166
f 7164 7166 7046
f 7046 7166 7167
f 7167 7166 7168
f 7167 7168 7169
f 7049 7167 7169
f 7169 7168 7170
f 7169 7170 7171
f 7051 7169 7171
f 7051 7171 7172
f 7172 7171 7173
f 7172 7173 7174
f 7054 7172 7174
f 7174 7173 7175
f 7174 7175 7176
f 7056 7174 7176
f 7056 7176 7177
f 7177 7176 7178
f 7177 7178 7061
f 7061 7178 7179
f 7178 7180 7179
f 7179 7180 7181
f 7179 7181 7064
f 7064 7181 7182
f 7181 7183 7182
f 7182 7183 7184
f 7182 7184 7067
f 7067 7184 7185
f 7184 7186 7185
f 7185 7186 7187
f 7185 7187 7070
f 7070 7187 7188
f 7188 7187 7189
f 7188 7189 7190
f 7073 7188 7190
f 7190 7189 7191
f 7190 7191 7192
f 7075 7190 7192
f 7075 7192 7193
f 7193 7192 7194
f 7193 7194 7195
f 7078 7193 7195
f 7078 7195 7196
f 7196 7195 7197
f 7196 7197 7198
f 7081 7196 7198
f 7198 7197 7199
f 7198 7199 7085
f 7085 7199 7200
f 7199 7201 7200
f 7200 7201 7202
f 7200 7202 7088
f 7088 7202 7203
f 7202 7204 7203
f 7203 7204 7205
f 7203 7205 7206
f 7089 7203 7206
f 7206 7205 7207
f 7206 7207 7094
f 7094 7207 7208
f 7208 7207 7209
f 7208 7209 7210
f 7097 7208 7210
f 7097 7210 7211
f 7211 7210 7212
f 7211 7212 7213
f 7100 7211 7213
f 7100 7213 7214
f 7214 7213 7215
f 7214 7215 7216
f 7103 7214 7216
f 7103 7216 7217
f 7217 7216 7218
f 7217 7218 7108
f 7108 7218 7219
f 7218 7220 7219
f 7219 7220 7221
f 7219 7221 7111
f 7111 7221 7222
f 7221 7223 7222
f 7222 7223 7224
f 7222 7224 7225
f 7112 7222 7225
f 7225 7224 7226
f 7225 7226 7116
f 7224 7227 7226
f 7226 7227 7228
f 7226 7228 7118
f 7118 7228 7229
f 7229 7228 7230
f 7229 7230 7231
f 7121 7229 7231
f 7121 7231 7232
f 7232 7231 7233
f 7232 7233 7234
f 7124 7232 7234
f 7124 7234 7235
f 7235 7234 7236
f 7235 7236 7237
f 7127 7235 7237
f 7127 7237 7238
f 7238 7237 7239
f 7238 7239 7132
f 7132 7239 7240
f 7239 7241 7240
f 7240 7241 7242
f 7240 7242 7243
f 7133 7240 7243
f 7243 7242 7244
f 7243 7244 7137
f 7137 7244 7141
f 7244 7245 7141
f 7244 7246 7245
f 7246 7247 7245
f 7245 7247 7248
f 7245 7248 7142
f 7142 7248 7249
f 7248 7250 7249
f 7249 7250 7251
f 7145 7249 7251
f 7145 7251 7252
f 7252 7251 7253
f 7252 7253 7254
f 7148 7252 7254
f 7148 7254 7255
f 7255 7254 7256
f 7255 7256 7257
f 7151 7255 7257
f 7151 7257 7258
f 7258 7257 7259
f 7258 7259 7260
f 7154 7258 7260
f 7260 7259 7261
f 7260 7261 7262
f 7156 7260 7262
f 7262 7261 7263
f 7262 7263 7160
f 7160 7263 7264
f 7263 7265 7264
f 7264 7265 7266
f 7264 7266 7163
f 7265 7267 7266
f 7266 7267 7268
f 7266 7268 7165
f 7165 7268 7269
f 7268 7270 7269
f 7269 7270 7271
f 7168 7269 7271
f 7271 7270 7272
f 7271 7272 7273
f 7170 7271 7273
f 7170 7273 7274
f 7274 7273 7275
f 7274 7275 7276
f 7173 7274 7276
f 7276 7275 7277
f 7276 7277 7278
f 7175 7276 7278
f 7175 7278 7279
f 7279 7278 7280
f 7279 7280 7180
f 7180 7280 7281
f 7280 7282 7281
f 7281 7282 7283
f 7281 7283 7183
f 7183 7283 7284
f 7283 7285 7284
f 7284 7285 7286
f 7284 7286 7186
f 7186 7286 7287
f 7286 7288 7287
f 7287 7288 7289
f 7189 7287 7289
f 7289 7288 7290
f 7289 7290 7291
f 7191 7289 7291
f 7191 7291 7292
f 7292 7291 7293
f 7292 7293 7294
f 7194 7292 7294
f 7194 7294 7295
f 7295 7294 7296
f 7295 7296 7297
f 7197 7295 7297
f 7297 7296 7298
f 7297 7298 7201
f 7201 7298 7299
f 7298 7300 7299
f 7299 7300 7301
f 7299 7301 7204
f 7204 7301 7302
f 7301 7303 7302
f 7302 7303 7304
f 7302 7304 7305
f 7205 7302 7305
f 7305 7304 7306
f 7209 7305 7306
f 7209 7306 7307
f 7307 7306 7308
f 7307 7308 7309
f 7212 7307 7309
f 7212 7309 7310
f 7310 7309 7311
f 7310 7311 7312
f 7215 7310 7312
f 7215 7312 7313
f 7313 7312 7314
f 7313 7314 7220
f 7220 7314 7315
f 7314 7316 7315
f 7315 7316 7317
f 7315 7317 7223
f 7223 7317 7318
f 7317 7319 7318
f 7318 7319 7320
f 7318 7320 7227
f 7227 7320 7321
f 7320 7322 7321
f 7321 7322 7323
f 7230 7321 7323
f 7230 7323 7324
f 7324 7323 7325
f 7324 7325 7326
f 7233 7324 7326
f 7233 7326 7327
f 7327 7326 7328
f 7327 7328 7329
f 7236 7327 7329
f 7236 7329 7330
f 7330 7329 7331
f 7330 7331 7241
f 7241 7331 7332
f 7331 7333 7332
f 7332 7333 7334
f 7332 7334 7246
f 7242 7332 7246
f 7333 7335 7334
f 7334 7335 7336
f 7334 7336 7247
f 7247 7336 7337
f 7336 7338 7337
f 7337 7338 7339
f 7337 7339 7250
f 7250 7339 7340
f 7340 7339 7341
f 7340 7341 7342
f 7253 7340 7342
f 7253 7342 7343
f 7343 7342 7344
f 7343 7344 7345
f 7256 7343 7345
f 7256 7345 7346
f 7346 7345 7347
f 7346 7347 7348
f 7259 7346 7348
f 7348 7347 7349
f 7348 7349 7350
f 7261 7348 7350
f 7350 7349 7351
f 7350 7351 7265
f 7349 7352 7351
f 7351 7352 7353
f 7351 7353 7267
f 7267 7353 7354
f 7353 7355 7354
f 7354 7355 7356
f 7354 7356 7270
f 7355 7357 7356
f 7356 7357 7358
f 7272 7356 7358
f 7272 7358 7359
f 7359 7358 7360
f 7359 7360 7361
f 7275 7359 7361
f 7361 7360 7362
f 7361 7362 7363
f 7277 7361 7363
f 7277 7363 7364
f 7364 7363 7365
f 7364 7365 7282
f 7282 7365 7366
f 7365 7367 7366
f 7366 7367 7368
f 7366 7368 7285
f 7285 7368 7369
f 7368 7370 7369
f 7369 7370 7371
f 7369 7371 7288
f 7370 7372 7371
f 7371 7372 7373
f 7290 7371 7373
f 7290 7373 7374
f 7374 7373 7375
f 7374 7375 7376
f 7293 7374 7376
f 7293 7376 7377
f 7377 7376 7378
f 7377 7378 7379
f 7296 7377 7379
f 7379 7378 7380
f 7379 7380 7300
f 7300 7380 7381
f 7380 7382 7381
f 7381 7382 7383
f 7381 7383 7303
f 7303 7383 7384
f 7383 7385 7384
f 7384 7385 7386
f 7387 7384 7386
f 7387 7386 7388
f 7308 7387 7388
f 7308 7388 7389
f 7389 7388 7390
f 7389 7390 7391
f 7311 7389 7391
f 7311 7391 7392
f 7392 7391 7393
f 7392 7393 7316
f 7316 7393 7394
f 7393 7395 7394
f 7394 7395 7396
f 7394 7396 7319
f 7319 7396 7397
f 7396 7398 7397
f 7397 7398 7399
f 7397 7399 7322
f 7322 7399 7400
f 7400 7399 7401
f 7400 7401 7402
f 7325 7400 7402
f 7325 7402 7403
f 7403 7402 7404
f 7403 7404 7405
f 7328 7403 7405
f 7328 7405 7406
f 7406 7405 7407
f 7406 7407 7333
f 7405 7408 7407
f 7407 7408 7409
f 7407 7409 7335
f 7335 7409 7410
f 7409 7411 7410
f 7410 7411 7412
f 7410 7412 7338
f 7338 7412 7413
f 7412 7414 7413
f 7413 7414 7415
f 7341 7413 7415
f 7341 7415 7416
f 7416 7415 7417
f 7416 7417 7418
f 7344 7416 7418
f 7344 7418 7419
f 7419 7418 7420
f 7419 7420 7421
f 7347 7419 7421
f 7421 7420 7422
f 7421 7422 7352
f 7352 7422 7423
f 7422 7424 7423
f 7423 7424 7425
f 7423 7425 7355
f 7424 7426 7425
f 7425 7426 7427
f 7425 7427 7357
f 7357 7427 7428
f 7428 7427 7429
f 7428 7429 7430
f 7360 7428 7430
f 7430 7429 7431
f 7430 7431 7432
f 7362 7430 7432
f 7362 7432 7433
f 7433 7432 7434
f 7433 7434 7367
f 7367 7434 7435
f 7434 7436 7435
f 7435 7436 7437
f 7435 7437 7370
f 7436 7438 7437
f 7437 7438 7439
f 7437 7439 7372
f 7372 7439 7440
f 7440 7439 7441
f 7440 7441 7442
f 7375 7440 7442
f 7375 7442 7443
f 7443 7442 7444
f 7443 7444 7445
f 7378 7443 7445
f 7445 7444 7446
f 7445 7446 7382
f 7382 7446 7447
f 7446 7448 7447
f 7447 7448 7449
f 7447 7449 7385
f 7385 7449 7450
f 7450 7449 7451
f 7450 7451 7452
f 7453 7450 7452
f 7453 7452 7454
f 7390 7453 7454
f 7390 7454 7455
f 7455 7454 7456
f 7455 7456 7395
f 7395 7456 7457
f 7456 7458 7457
f 7457 7458 7459
f 7457 7459 7398
f 7398 7459 7460
f 7459 7461 7460
f 7460 7461 7462
f 7401 7460 7462
f 7401 7462 7463
f 7463 7462 7464
f 7463 7464 7465
f 7404 7463 7465
f 7404 7465 7408
f 7408 7465 7466
f 7465 7467 7466
f 7466 7467 7468
f 7466 7468 7411
f 7411 7468 7469
f 7468 7470 7469
f 7469 7470 7471
f 7469 7471 7414
f 7414 7471 7472
f 7472 7471 7473
f 7472 7473 7474
f 7417 7472 7474
f 7417 7474 7475
f 7475 7474 7476
f 7475 7476 7477
f 7420 7475 7477
f 7477 7476 7478
f 7477 7478 7424
f 7476 7479 7478
f 7478 7479 7480
f 7478 7480 7426
f 7426 7480 7481
f 7480 7482 7481
f 7481 7482 7483
f 7429 7481 7483
f 7483 7482 7484
f 7483 7484 7485
f 7431 7483 7485
f 7431 7485 7486
f 7486 7485 7487
f 7486 7487 7436
f 7485 7488 7487
f 7487 7488 7489
f 7487 7489 7438
f 7438 7489 7490
f 7489 7491 7490
f 7490 7491 7492
f 7441 7490 7492
f 7441 7492 7493
f 7493 7492 7494
f 7493 7494 7495
f 7444 7493 7495
f 7495 7494 7496
f 7495 7496 7448
f 7448 7496 7497
f 7496 7498 7497
f 7497 7498 7499
f 7451 7497 7499
f 7451 7499 7500
f 7500 7499 7501
f 7500 7501 7502
f 7503 7500 7502
f 7503 7502 7458
f 7458 7502 7504
f 7502 7505 7504
f 7504 7505 7506
f 7504 7506 7461
f 7461 7506 7507
f 7507 7506 7508
f 7507 7508 7509
f 7464 7507 7509
f 7464 7509 7467
f 7467 7509 7510
f 7509 7511 7510
f 7510 7511 7512
f 7510 7512 7470
f 7470 7512 7513
f 7512 7514 7513
f 7513 7514 7515
f 7473 7513 7515
f 7473 7515 7516
f 7516 7515 7517
f 7516 7517 7479
f 7479 7517 7518
f 7517 7519 7518
f 7518 7519 7520
f 7518 7520 7482
f 7519 7521 7520
f 7520 7521 7522
f 7484 7520 7522
f 7484 7522 7488
f 7488 7522 7523
f 7522 7524 7523
f 7523 7524 7525
f 7523 7525 7491
f 7491 7525 7526
f 7526 7525 7527
f 7526 7527 7528
f 7494 7526 7528
f 7528 7527 7529
f 7528 7529 7498
f 7498 7529 7530
f 7530 7529 7531
f 7530 7531 7532
f 7501 7530 7532
f 7501 7532 7505
f 7505 7532 7533
f 7532 7534 7533
f 7533 7534 7535
f 7508 7533 7535
f 7508 7535 7511
f 7511 7535 7536
f 7535 7537 7536
f 7536 7537 7538
f 7536 7538 7514
f 7514 7538 7539
f 7539 7538 7540
f 7539 7540 7519
f 7538 7541 7540
f 7540 7541 7542
f 7540 7542 7521
f 7521 7542 7524
f 7524 7542 7543
f 7542 7544 7543
f 7543 7544 7545
f 7527 7543 7545
f 7545 7544 7546
f 7531 7545 7546
f 7531 7546 7534
f 7534 7546 7537
f 7537 7546 7541
f 7546 7544 7541
f 7541 7544 7542
f 7537 7541 7538
f 7535 7534 7537
f 7532 7531 7534
f 7529 7545 7531
f 7527 7545 7529
f 7525 7543 7527
f 7524 7543 7525
f 7522 7521 7524
f 7519 7540 7521
f 7517 7539 7519
f 7515 7539 7517
f 7515 7514 7539
f 7512 7536 7514
f 7511 7536 7512
f 7509 7508 7511
f 7506 7533 7508
f 7505 7533 7506
f 7452 7500 7503
f 7502 7501 7505
f 7499 7530 7501
f 7499 7498 7530
f 7496 7528 7498
f 7494 7528 7496
f 7492 7526 7494
f 7492 7491 7526
f 7489 7523 7491
f 7488 7523 7489
f 7485 7484 7488
f 7482 7520 7484
f 7480 7518 7482
f 7479 7518 7480
f 7476 7516 7479
f 7474 7516 7476
f 7474 7473 7516
f 7471 7513 7473
f 7470 7513 7471
f 7468 7510 7470
f 7467 7510 7468
f 7465 7464 7467
f 7462 7507 7464
f 7462 7461 7507
f 7459 7504 7461
f 7458 7504 7459
f 7456 7503 7458
f 7454 7503 7456
f 7454 7452 7503
f 7386 7450 7453
f 7452 7451 7500
f 7449 7497 7451
f 7448 7497 7449
f 7446 7495 7448
f 7444 7495 7446
f 7442 7493 7444
f 7442 7441 7493
f 7439 7490 7441
f 7438 7490 7439
f 7436 7487 7438
f 7434 7486 7436
f 7432 7486 7434
f 7432 7431 7486
f 7429 7483 7431
f 7427 7481 7429
f 7426 7481 7427
f 7424 7478 7426
f 7422 7477 7424
f 7420 7477 7422
f 7418 7475 7420
f 7418 7417 7475
f 7415 7472 7417
f 7415 7414 7472
f 7412 7469 7414
f 7411 7469 7412
f 7409 7466 7411
f 7408 7466 7409
f 7405 7404 7408
f 7402 7463 7404
f 7402 7401 7463
f 7399 7460 7401
f 7398 7460 7399
f 7396 7457 7398
f 7395 7457 7396
f 7393 7455 7395
f 7391 7455 7393
f 7391 7390 7455
f 7388 7453 7390
f 7388 7386 7453
f 7304 7384 7387
f 7386 7385 7450
f 7383 7447 7385
f 7382 7447 7383
f 7380 7445 7382
f 7378 7445 7380
f 7376 7443 7378
f 7376 7375 7443
f 7373 7440 7375
f 7373 7372 7440
f 7370 7437 7372
f 7368 7435 7370
f 7367 7435 7368
f 7365 7433 7367
f 7363 7433 7365
f 7363 7362 7433
f 7360 7430 7362
f 7358 7428 7360
f 7358 7357 7428
f 7355 7425 7357
f 7353 7423 7355
f 7352 7423 7353
f 7349 7421 7352
f 7347 7421 7349
f 7345 7419 7347
f 7345 7344 7419
f 7342 7416 7344
f 7342 7341 7416
f 7339 7413 7341
f 7338 7413 7339
f 7336 7410 7338
f 7335 7410 7336
f 7333 7407 7335
f 7331 7406 7333
f 7329 7406 7331
f 7329 7328 7406
f 7326 7403 7328
f 7326 7325 7403
f 7323 7400 7325
f 7323 7322 7400
f 7320 7397 7322
f 7319 7397 7320
f 7317 7394 7319
f 7316 7394 7317
f 7314 7392 7316
f 7312 7392 7314
f 7312 7311 7392
f 7309 7389 7311
f 7309 7308 7389
f 7306 7387 7308
f 7306 7304 7387
f 7303 7384 7304
f 7301 7381 7303
f 7300 7381 7301
f 7298 7379 7300
f 7296 7379 7298
f 7294 7377 7296
f 7294 7293 7377
f 7291 7374 7293
f 7291 7290 7374
f 7288 7371 7290
f 7286 7369 7288
f 7285 7369 7286
f 7283 7366 7285
f 7282 7366 7283
f 7280 7364 7282
f 7278 7364 7280
f 7278 7277 7364
f 7275 7361 7277
f 7273 7359 7275
f 7273 7272 7359
f 7270 7356 7272
f 7268 7354 7270
f 7267 7354 7268
f 7265 7351 7267
f 7263 7350 7265
f 7261 7350 7263
f 7259 7348 7261
f 7257 7346 7259
f 7257 7256 7346
f 7254 7343 7256
f 7254 7253 7343
f 7251 7340 7253
f 7251 7250 7340
f 7248 7337 7250
f 7247 7337 7248
f 7246 7334 7247
f 7242 7246 7244
f 7241 7332 7242
f 7239 7330 7241
f 7237 7330 7239
f 7237 7236 7330
f 7234 7327 7236
f 7234 7233 7327
f 7231 7324 7233
f 7231 7230 7324
f 7228 7321 7230
f 7227 7321 7228
f 7224 7318 7227
f 7223 7318 7224
f 7221 7315 7223
f 7220 7315 7221
f 7218 7313 7220
f 7216 7313 7218
f 7216 7215 7313
f 7213 7310 7215
f 7213 7212 7310
f 7210 7307 7212
f 7210 7209 7307
f 7207 7305 7209
f 7205 7305 7207
f 7204 7302 7205
f 7202 7299 7204
f 7201 7299 7202
f 7199 7297 7201
f 7197 7297 7199
f 7195 7295 7197
f 7195 7194 7295
f 7192 7292 7194
f 7192 7191 7292
f 7189 7289 7191
f 7187 7287 7189
f 7186 7287 7187
f 7184 7284 7186
f 7183 7284 7184
f 7181 7281 7183
f 7180 7281 7181
f 7178 7279 7180
f 7176 7279 7178
f 7176 7175 7279
f 7173 7276 7175
f 7171 7274 7173
f 7171 7170 7274
f 7168 7271 7170
f 7166 7269 7168
f 7165 7269 7166
f 7163 7266 7165
f 7161 7264 7163
f 7160 7264 7161
f 7158 7262 7160
f 7156 7262 7158
f 7154 7260 7156
f 7152 7258 7154
f 7152 7151 7258
f 7149 7255 7151
f 7149 7148 7255
f 7146 7252 7148
f 7146 7145 7252
f 7143 7249 7145
f 7142 7249 7143
f 7141 7245 7142
f 7137 7141 7138
f 7135 7243 7137
f 7133 7243 7135
f 7132 7240 7133
f 7130 7238 7132
f 7128 7238 7130
f 7128 7127 7238
f 7125 7235 7127
f 7125 7124 7235
f 7122 7232 7124
f 7122 7121 7232
f 7119 7229 7121
f 7119 7118 7229
f 7116 7226 7118
f 7114 7225 7116
f 7112 7225 7114
f 7111 7222 7112
f 7109 7219 7111
f 7108 7219 7109
f 7106 7217 7108
f 7104 7217 7106
f 7104 7103 7217
f 7101 7214 7103
f 7101 7100 7214
f 7098 7211 7100
f 7098 7097 7211
f 7095 7208 7097
f 7095 7094 7208
f 7091 7206 7094
f 7089 7206 7091
f 7088 7203 7089
f 7086 7200 7088
f 7085 7200 7086
f 7083 7198 7085
f 7081 7198 7083
f 7079 7196 7081
f 7079 7078 7196
f 7076 7193 7078
f 7076 7075 7193
f 7073 7190 7075
f 7071 7188 7073
f 7071 7070 7188
f 7068 7185 7070
f 7067 7185 7068
f 7065 7182 7067
f 7064 7182 7065
f 7062 7179 7064
f 7061 7179 7062
f 7059 7177 7061
f 7057 7177 7059
f 7057 7056 7177
f 7054 7174 7056
f 7052 7172 7054
f 7052 7051 7172
f 7049 7169 7051
f 7047 7167 7049
f 7047 7046 7167
f 7044 7164 7046
f 7042 7162 7044
f 7041 7162 7042
f 7039 7159 7041
f 7038 7159 7039
f 7036 7157 7038
f 7034 7157 7036
f 7032 7155 7034
f 7030 7153 7032
f 7030 7029 7153
f 7027 7150 7029
f 7027 7026 7150
f 7024 7147 7026
f 7024 7023 7147
f 7021 7144 7023
f 7021 7020 7144
f 7019 7140 7020
f 7139 7019 7017
f 7015 7139 7017
f 7013 7139 7015
f 7012 7136 7013
f 7010 7134 7012
f 7008 7134 7010
f 7007 7131 7008
f 7005 7129 7007
f 7003 7129 7005
f 7003 7002 7129
f 7000 7126 7002
f 7000 6999 7126
f 6997 7123 6999
f 6997 6996 7123
f 6994 7120 6996
f 6994 6993 7120
f 6992 7117 6993
f 6987 6992 6989
f 6986 7115 6987
f 6984 7113 6986
f 6982 7113 6984
f 6981 7110 6982
f 6979 7107 6981
f 6978 7107 6979
f 6976 7105 6978
f 6974 7105 6976
f 6974 6973 7105
f 6971 7102 6973
f 6971 6970 7102
f 6968 7099 6970
f 6968 6967 7099
f 6965 7096 6967
f 6965 6964 7096
f 6963 7093 6964
f 6958 6963 6960
f 6956 7092 6958
f 6954 7090 6956
f 6953 7087 6954
f 6951 7084 6953
f 6950 7084 6951
f 6948 7082 6950
f 6946 7082 6948
f 6944 7080 6946
f 6944 6943 7080
f 6941 7077 6943
f 6941 6940 7077
f 6938 7074 6940
f 6936 7072 6938
f 6936 6935 7072
f 6933 7069 6935
f 6932 7069 6933
f 6929 7066 6932
f 6928 7066 6929
f 6926 7063 6928
f 6925 7063 6926
f 6923 7060 6925
f 6922 7060 6923
f 6920 7058 6922
f 6918 7058 6920
f 6918 6917 7058
f 6915 7055 6917
f 6913 7053 6915
f 6913 6912 7053
f 6910 7050 6912
f 6908 7048 6910
f 6908 6907 7048
f 6905 7045 6907
f 6903 7043 6905
f 6902 7043 6903
f 6900 7040 6902
f 6899 7040 6900
f 6897 7037 6899
f 6896 7037 6897
f 6894 7035 6896
f 6892 7035 6894
f 6890 7033 6892
f 6888 7031 6890
f 6888 6887 7031
f 6885 7028 6887
f 6885 6884 7028
f 6882 7025 6884
f 6882 6881 7025
f 6879 7022 6881
f 6879 6878 7022
f 6877 7018 6878
f 7016 6877 6875
f 6873 7016 6875
f 6872 7016 6873
f 6870 7014 6872
f 6868 7014 6870
f 6867 7011 6868
f 6865 7009 6867
f 6863 7009 6865
f 6862 7006 6863
f 6860 7004 6862
f 6858 7004 6860
f 6858 6857 7004
f 6855 7001 6857
f 6855 6854 7001
f 6852 6998 6854
f 6852 6851 6998
f 6849 6995 6851
f 6849 6848 6995
f 6847 6991 6848
f 6845 6990 6847
f 6843 6990 6845
f 6841 6990 6843
f 6839 6988 6841
f 6838 6985 6839
f 6836 6983 6838
f 6834 6983 6836
f 6833 6980 6834
f 6831 6977 6833
f 6830 6977 6831
f 6828 6975 6830
f 6826 6975 6828
f 6826 6825 6975
f 6823 6972 6825
f 6823 6822 6972
f 6820 6969 6822
f 6820 6819 6969
f 6817 6966 6819
f 6817 6816 6966
f 6815 6962 6816
f 6813 6961 6815
f 6811 6961 6813
f 6809 6961 6811
f 6807 6959 6809
f 6805 6957 6807
f 6803 6955 6805
f 6802 6952 6803
f 6800 6949 6802
f 6799 6949 6800
f 6797 6947 6799
f 6795 6947 6797
f 6793 6945 6795
f 6793 6792 6945
f 6790 6942 6792
f 6790 6789 6942
f 6787 6939 6789
f 6785 6937 6787
f 6785 6784 6937
f 6782 6934 6784
f 6782 6781 6934
f 6779 6931 6781
f 6777 6930 6779
f 6775 6930 6777
f 6774 6927 6775
f 6772 6924 6774
f 6771 6924 6772
f 6769 6921 6771
f 6768 6921 6769
f 6766 6919 6768
f 6764 6919 6766
f 6764 6763 6919
f 6761 6916 6763
f 6759 6914 6761
f 6759 6758 6914
f 6756 6911 6758
f 6754 6909 6756
f 6754 6753 6909
f 6752 6906 6753
f 6750 6749 6752
f 6748 6904 6749
f 6746 6901 6748
f 6745 6901 6746
f 6743 6898 6745
f 6742 6898 6743
f 6740 6895 6742
f 6739 6895 6740
f 6737 6893 6739
f 6735 6893 6737
f 6733 6891 6735
f 6731 6889 6733
f 6731 6730 6889
f 6728 6886 6730
f 6728 6727 6886
f 6725 6883 6727
f 6725 6724 6883
f 6722 6880 6724
f 6722 6721 6880
f 6720 6876 6721
f 6718 6874 6720
f 6717 6874 6718
f 6715 6871 6717
f 6714 6871 6715
f 6712 6869 6714
f 6710 6869 6712
f 6709 6866 6710
f 6707 6864 6709
f 6705 6864 6707
f 6704 6861 6705
f 6702 6859 6704
f 6700 6859 6702
f 6700 6699 6859
f 6697 6856 6699
f 6697 6696 6856
f 6694 6853 6696
f 6694 6693 6853
f 6691 6850 6693
f 6691 6690 6850
f 6689 6846 6690
f 6687 6844 6689
f 6685 6844 6687
f 6683 6842 6685
f 6681 6840 6683
f 6680 6837 6681
f 6678 6835 6680
f 6676 6835 6678
f 6675 6832 6676
f 6673 6829 6675
f 6672 6829 6673
f 6670 6827 6672
f 6668 6827 6670
f 6668 6667 6827
f 6665 6824 6667
f 6665 6664 6824
f 6662 6821 6664
f 6662 6661 6821
f 6659 6818 6661
f 6659 6658 6818
f 6657 6814 6658
f 6655 6812 6657
f 6653 6812 6655
f 6651 6810 6653
f 6649 6808 6651
f 6647 6806 6649
f 6645 6804 6647
f 6644 6801 6645
f 6642 6798 6644
f 6641 6798 6642
f 6639 6796 6641
f 6637 6796 6639
f 6635 6794 6637
f 6635 6634 6794
f 6632 6791 6634
f 6632 6631 6791
f 6629 6788 6631
f 6627 6786 6629
f 6627 6626 6786
f 6624 6783 6626
f 6624 6623 6783
f 6622 6780 6623
f 6620 6778 6622
f 6619 6778 6620
f 6617 6776 6619
f 6615 6776 6617
f 6614 6773 6615
f 6612 6770 6614
f 6611 6770 6612
f 6609 6767 6611
f 6608 6767 6609
f 6606 6765 6608
f 6604 6765 6606
f 6604 6603 6765
f 6601 6762 6603
f 6599 6760 6601
f 6599 6598 6760
f 6596 6757 6598
f 6594 6755 6596
f 6594 6593 6755
f 6592 6751 6593
f 6590 6589 6592
f 6588 6747 6589
f 6586 6744 6588
f 6585 6744 6586
f 6583 6741 6585
f 6582 6741 6583
f 6580 6738 6582
f 6579 6738 6580
f 6577 6736 6579
f 6575 6736 6577
f 6573 6734 6575
f 6571 6732 6573
f 6571 6570 6732
f 6568 6729 6570
f 6568 6567 6729
f 6565 6726 6567
f 6565 6564 6726
f 6562 6723 6564
f 6562 6561 6723
f 6560 6719 6561
f 6558 6716 6560
f 6557 6716 6558
f 6555 6713 6557
f 6554 6713 6555
f 6552 6711 6554
f 6550 6711 6552
f 6549 6708 6550
f 6547 6706 6549
f 6545 6706 6547
f 6544 6703 6545
f 6542 6701 6544
f 6540 6701 6542
f 6540 6539 6701
f 6537 6698 6539
f 6537 6536 6698
f 6534 6695 6536
f 6534 6533 6695
f 6531 6692 6533
f 6531 6530 6692
f 6529 6688 6530
f 6527 6686 6529
f 6525 6686 6527
f 6523 6684 6525
f 6521 6682 6523
f 6520 6679 6521
f 6518 6677 6520
f 6516 6677 6518
f 6515 6674 6516
f 6513 6671 6515
f 6512 6671 6513
f 6510 6669 6512
f 6508 6669 6510
f 6508 6507 6669
f 6505 6666 6507
f 6505 6504 6666
f 6502 6663 6504
f 6502 6501 6663
f 6499 6660 6501
f 6499 6498 6660
f 6497 6656 6498
f 6495 6654 6497
f 6493 6654 6495
f 6491 6652 6493
f 6489 6650 6491
f 6487 6648 6489
f 6485 6646 6487
f 6484 6643 6485
f 6482 6640 6484
f 6481 6640 6482
f 6479 6638 6481
f 6477 6638 6479
f 6475 6636 6477
f 6475 6474 6636
f 6472 6633 6474
f 6472 6471 6633
f 6469 6630 6471
f 6467 6628 6469
f 6467 6466 6628
f 6464 6625 6466
f 6464 6463 6625
f 6462 6621 6463
f 6460 6618 6462
f 6459 6618 6460
f 6457 6616 6459
f 6455 6616 6457
f 6454 6613 6455
f 6452 6610 6454
f 6451 6610 6452
f 6449 6607 6451
f 6448 6607 6449
f 6446 6605 6448
f 6444 6605 6446
f 6444 6443 6605
f 6441 6602 6443
f 6439 6600 6441
f 6439 6438 6600
f 6436 6597 6438
f 6434 6595 6436
f 6434 6433 6595
f 6432 6591 6433
f 6430 6429 6432
f 6428 6587 6429
f 6426 6584 6428
f 6425 6584 6426
f 6423 6581 6425
f 6422 6581 6423
f 6420 6578 6422
f 6419 6578 6420
f 6417 6576 6419
f 6415 6576 6417
f 6413 6574 6415
f 6411 6572 6413
f 6411 6410 6572
f 6408 6569 6410
f 6408 6407 6569
f 6405 6566 6407
f 6405 6404 6566
f 6402 6563 6404
f 6402 6401 6563
f 6400 6559 6401
f 6398 6556 6400
f 6397 6556 6398
f 6395 6553 6397
f 6394 6553 6395
f 6392 6551 6394
f 6390 6551 6392
f 6389 6548 6390
f 6387 6546 6389
f 6385 6546 6387
f 6384 6543 6385
f 6382 6541 6384
f 6380 6541 6382
f 6380 6379 6541
f 6377 6538 6379
f 6377 6376 6538
f 6374 6535 6376
f 6374 6373 6535
f 6371 6532 6373
f 6371 6370 6532
f 6369 6528 6370
f 6367 6526 6369
f 6365 6526 6367
f 6363 6524 6365
f 6361 6522 6363
f 6360 6519 6361
f 6358 6517 6360
f 6356 6517 6358
f 6355 6514 6356
f 6353 6511 6355
f 6352 6511 6353
f 6350 6509 6352
f 6348 6509 6350
f 6348 6347 6509
f 6345 6506 6347
f 6345 6344 6506
f 6342 6503 6344
f 6342 6341 6503
f 6339 6500 6341
f 6339 6338 6500
f 6337 6496 6338
f 6335 6494 6337
f 6333 6494 6335
f 6331 6492 6333
f 6329 6490 6331
f 6327 6488 6329
f 6325 6486 6327
f 6324 6483 6325
f 6322 6480 6324
f 6321 6480 6322
f 6319 6478 6321
f 6317 6478 6319
f 6315 6476 6317
f 6315 6314 6476
f 6312 6473 6314
f 6312 6311 6473
f 6309 6470 6311
f 6307 6468 6309
f 6307 6306 6468
f 6304 6465 6306
f 6304 6303 6465
f 6302 6461 6303
f 6300 6458 6302
f 6299 6458 6300
f 6297 6456 6299
f 6295 6456 6297
f 6294 6453 6295
f 6292 6450 6294
f 6291 6450 6292
f 6289 6447 6291
f 6288 6447 6289
f 6286 6445 6288
f 6284 6445 6286
f 6284 6283 6445
f 6281 6442 6283
f 6279 6440 6281
f 6279 6278 6440
f 6276 6437 6278
f 6274 6435 6276
f 6274 6273 6435
f 6272 6431 6273
f 6270 6269 6272
f 6268 6427 6269
f 6266 6424 6268
f 6265 6424 6266
f 6263 6421 6265
f 6262 6421 6263
f 6260 6418 6262
f 6259 6418 6260
f 6257 6416 6259
f 6255 6416 6257
f 6253 6414 6255
f 6251 6412 6253
f 6251 6250 6412
f 6248 6409 6250
f 6248 6247 6409
f 6245 6406 6247
f 6245 6244 6406
f 6242 6403 6244
f 6242 6241 6403
f 6240 6399 6241
f 6238 6396 6240
f 6237 6396 6238
f 6235 6393 6237
f 6234 6393 6235
f 6232 6391 6234
f 6230 6391 6232
f 6229 6388 6230
f 6227 6386 6229
f 6225 6386 6227
f 6224 6383 6225
f 6222 6381 6224
f 6220 6381 6222
f 6220 6219 6381
f 6217 6378 6219
f 6217 6216 6378
f 6214 6375 6216
f 6214 6213 6375
f 6211 6372 6213
f 6211 6210 6372
f 6209 6368 6210
f 6207 6366 6209
f 6205 6366 6207
f 6203 6364 6205
f 6201 6362 6203
f 6200 6359 6201
f 6198 6357 6200
f 6196 6357 6198
f 6195 6354 6196
f 6193 6351 6195
f 6192 6351 6193
f 6190 6349 6192
f 6188 6349 6190
f 6188 6187 6349
f 6185 6346 6187
f 6185 6184 6346
f 6182 6343 6184
f 6182 6181 6343
f 6179 6340 6181
f 6179 6178 6340
f 6177 6336 6178
f 6175 6334 6177
f 6173 6334 6175
f 6171 6332 6173
f 6169 6330 6171
f 6167 6328 6169
f 6165 6326 6167
f 6164 6323 6165
f 6162 6320 6164
f 6161 6320 6162
f 6159 6318 6161
f 6157 6318 6159
f 6155 6316 6157
f 6155 6154 6316
f 6152 6313 6154
f 6152 6151 6313
f 6149 6310 6151
f 6147 6308 6149
f 6147 6146 6308
f 6144 6305 6146
f 6144 6143 6305
f 6142 6301 6143
f 6140 6298 6142
f 6139 6298 6140
f 6137 6296 6139
f 6135 6296 6137
f 6134 6293 6135
f 6132 6290 6134
f 6131 6290 6132
f 6129 6287 6131
f 6128 6287 6129
f 6126 6285 6128
f 6124 6285 6126
f 6124 6123 6285
f 6121 6282 6123
f 6119 6280 6121
f 6119 6118 6280
f 6116 6277 6118
f 6114 6275 6116
f 6114 6113 6275
f 6112 6271 6113
f 6110 6109 6112
f 6108 6267 6109
f 6106 6264 6108
f 6105 6264 6106
f 6103 6261 6105
f 6102 6261 6103
f 6100 6258 6102
f 6099 6258 6100
f 6097 6256 6099
f 6095 6256 6097
f 6093 6254 6095
f 6091 6252 6093
f 6091 6090 6252
f 6088 6249 6090
f 6088 6087 6249
f 6085 6246 6087
f 6085 6084 6246
f 6082 6243 6084
f 6082 6081 6243
f 6080 6239 6081
f 6078 6236 6080
f 6077 6236 6078
f 6075 6233 6077
f 6074 6233 6075
f 6072 6231 6074
f 6070 6231 6072
f 6069 6228 6070
f 6067 6226 6069
f 6065 6226 6067
f 6064 6223 6065
f 6062 6221 6064
f 6060 6221 6062
f 6060 6059 6221
f 6057 6218 6059
f 6057 6056 6218
f 6054 6215 6056
f 6054 6053 6215
f 6051 6212 6053
f 6051 6050 6212
f 6049 6208 6050
f 6047 6206 6049
f 6045 6206 6047
f 6043 6204 6045
f 6041 6202 6043
f 6040 6199 6041
f 6038 6197 6040
f 6036 6197 6038
f 6035 6194 6036
f 6033 6191 6035
f 6032 6191 6033
f 6030 6189 6032
f 6028 6189 6030
f 6028 6027 6189
f 6025 6186 6027
f 6025 6024 6186
f 6022 6183 6024
f 6022 6021 6183
f 6019 6180 6021
f 6019 6018 6180
f 6017 6176 6018
f 6015 6174 6017
f 6013 6174 6015
f 6011 6172 6013
f 6009 6170 6011
f 6007 6168 6009
f 6005 6166 6007
f 6004 6163 6005
f 6002 6160 6004
f 6001 6160 6002
f 5999 6158 6001
f 5997 6158 5999
f 5995 6156 5997
f 5995 5994 6156
f 5992 6153 5994
f 5992 5991 6153
f 5989 6150 5991
f 5987 6148 5989
f 5987 5986 6148
f 5984 6145 5986
f 5984 5983 6145
f 5982 6141 5983
f 5980 6138 5982
f 5979 6138 5980
f 5977 6136 5979
f 5975 6136 5977
f 5974 6133 5975
f 5972 6130 5974
f 5971 6130 5972
f 5969 6127 5971
f 5968 6127 5969
f 5966 6125 5968
f 5964 6125 5966
f 5964 5963 6125
f 5961 6122 5963
f 5959 6120 5961
f 5959 5958 6120
f 5956 6117 5958
f 5954 6115 5956
f 5954 5953 6115
f 5952 6111 5953
f 5950 5949 5952
f 5948 6107 5949
f 5946 6104 5948
f 5945 6104 5946
f 5943 6101 5945
f 5942 6101 5943
f 5940 6098 5942
f 5939 6098 5940
f 5937 6096 5939
f 5935 6096 5937
f 5933 6094 5935
f 5931 6092 5933
f 5931 5930 6092
f 5928 6089 5930
f 5928 5927 6089
f 5925 6086 5927
f 5925 5924 6086
f 5922 6083 5924
f 5922 5921 6083
f 5920 6079 5921
f 5918 6076 5920
f 5917 6076 5918
f 5915 6073 5917
f 5914 6073 5915
f 5912 6071 5914
f 5910 6071 5912
f 5909 6068 5910
f 5907 6066 5909
f 5905 6066 5907
f 5904 6063 5905
f 5902 6061 5904
f 5900 6061 5902
f 5900 5899 6061
f 5897 6058 5899
f 5897 5896 6058
f 5894 6055 5896
f 5894 5893 6055
f 5891 6052 5893
f 5891 5890 6052
f 5889 6048 5890
f 5887 6046 5889
f 5885 6046 5887
f 5883 6044 5885
f 5881 6042 5883
f 5880 6039 5881
f 5878 6037 5880
f 5876 6037 5878
f 5875 6034 5876
f 5873 6031 5875
f 5872 6031 5873
f 5870 6029 5872
f 5868 6029 5870
f 5868 5867 6029
f 5865 6026 5867
f 5865 5864 6026
f 5862 6023 5864
f 5862 5861 6023
f 5859 6020 5861
f 5859 5858 6020
f 5857 6016 5858
f 5855 6014 5857
f 5853 6014 5855
f 5851 6012 5853
f 5849 6010 5851
f 5847 6008 5849
f 5845 6006 5847
f 5844 6003 5845
f 5842 6000 5844
f 5841 6000 5842
f 5839 5998 5841
f 5837 5998 5839
f 5835 5996 5837
f 5835 5834 5996
f 5832 5993 5834
f 5832 5831 5993
f 5829 5990 5831
f 5827 5988 5829
f 5827 5826 5988
f 5824 5985 5826
f 5824 5823 5985
f 5822 5981 5823
f 5820 5978 5822
f 5819 5978 5820
f 5817 5976 5819
f 5815 5976 5817
f 5814 5973 5815
f 5812 5970 5814
f 5811 5970 5812
f 5809 5967 5811
f 5808 5967 5809
f 5806 5965 5808
f 5804 5965 5806
f 5804 5803 5965
f 5801 5962 5803
f 5799 5960 5801
f 5799 5798 5960
f 5796 5957 5798
f 5794 5955 5796
f 5794 5793 5955
f 5792 5951 5793
f 5790 5789 5792
f 5788 5947 5789
f 5786 5944 5788
f 5785 5944 5786
f 5783 5941 5785
f 5782 5941 5783
f 5780 5938 5782
f 5779 5938 5780
f 5777 5936 5779
f 5775 5936 5777
f 5774 5934 5775
f 5772 5932 5774
f 5772 5771 5932
f 5769 5929 5771
f 5769 5768 5929
f 5766 5926 5768
f 5766 5765 5926
f 5763 5923 5765
f 5763 5762 5923
f 5761 5919 5762
f 5759 5916 5761
f 5758 5916 5759
f 5756 5913 5758
f 5755 5913 5756
f 5753 5911 5755
f 5751 5911 5753
f 5750 5908 5751
f 5748 5906 5750
f 5746 5906 5748
f 5745 5903 5746
f 5743 5901 5745
f 5742 5901 5743
f 5740 5898 5742
f 5740 5739 5898
f 5737 5895 5739
f 5737 5736 5895
f 5734 5892 5736
f 5734 5733 5892
f 5732 5888 5733
f 5730 5886 5732
f 5728 5886 5730
f 5726 5884 5728
f 5724 5882 5726
f 5723 5879 5724
f 5721 5877 5723
f 5719 5877 5721
f 5718 5874 5719
f 5716 5871 5718
f 5715 5871 5716
f 5713 5869 5715
f 5712 5869 5713
f 5710 5866 5712
f 5710 5709 5866
f 5707 5863 5709
f 5707 5706 5863
f 5704 5860 5706
f 5704 5703 5860
f 5702 5856 5703
f 5700 5854 5702
f 5698 5854 5700
f 5696 5852 5698
f 5694 5850 5696
f 5692 5848 5694
f 5690 5846 5692
f 5689 5843 5690
f 5687 5840 5689
f 5686 5840 5687
f 5684 5838 5686
f 5683 5838 5684
f 5681 5836 5683
f 5681 5680 5836
f 5678 5833 5680
f 5678 5677 5833
f 5675 5830 5677
f 5673 5828 5675
f 5673 5672 5828
f 5670 5825 5672
f 5670 5669 5825
f 5668 5821 5669
f 5666 5818 5668
f 5665 5818 5666
f 5663 5816 5665
f 5661 5816 5663
f 5660 5813 5661
f 5658 5810 5660
f 5657 5810 5658
f 5655 5807 5657
f 5654 5807 5655
f 5652 5805 5654
f 5651 5805 5652
f 5649 5802 5651
f 5647 5800 5649
f 5647 5646 5800
f 5644 5797 5646
f 5642 5795 5644
f 5642 5641 5795
f 5640 5791 5641
f 5638 5637 5640
f 5636 5787 5637
f 5634 5784 5636
f 5633 5784 5634
f 5631 5781 5633
f 5630 5781 5631
f 5778 5630 5628
f 5627 5778 5628
f 5776 5627 5625
f 5623 5776 5625
f 5622 5773 5623
f 5620 5770 5622
f 5619 5770 5620
f 5617 5767 5619
f 5617 5616 5767
f 5614 5764 5616
f 5614 5613 5764
f 5612 5760 5613
f 5610 5757 5612
f 5609 5757 5610
f 5607 5754 5609
f 5606 5754 5607
f 5752 5606 5604
f 5602 5752 5604
f 5601 5749 5602
f 5747 5601 5599
f 5597 5747 5599
f 5596 5744 5597
f 5594 5741 5596
f 5593 5741 5594
f 5591 5738 5593
f 5590 5738 5591
f 5588 5735 5590
f 5588 5587 5735
f 5586 5731 5587
f 5584 5729 5586
f 5582 5729 5584
f 5580 5727 5582
f 5578 5725 5580
f 5577 5722 5578
f 5720 5577 5575
f 5573 5720 5575
f 5572 5717 5573
f 5714 5572 5570
f 5569 5714 5570
f 5567 5711 5569
f 5566 5711 5567
f 5564 5708 5566
f 5563 5708 5564
f 5561 5705 5563
f 5561 5560 5705
f 5559 5701 5560
f 5557 5699 5559
f 5555 5699 5557
f 5553 5697 5555
f 5551 5695 5553
f 5549 5693 5551
f 5547 5691 5549
f 5546 5688 5547
f 5685 5546 5544
f 5543 5685 5544
f 5541 5682 5543
f 5540 5682 5541
f 5538 5679 5540
f 5537 5679 5538
f 5535 5676 5537
f 5533 5674 5535
f 5533 5532 5674
f 5530 5671 5532
f 5530 5529 5671
f 5528 5667 5529
f 5526 5664 5528
f 5525 5664 5526
f 5523 5662 5525
f 5521 5662 5523
f 5520 5659 5521
f 5656 5520 5518
f 5517 5656 5518
f 5653 5517 5515
f 5514 5653 5515
f 5512 5650 5514
f 5510 5648 5512
f 5509 5648 5510
f 5507 5645 5509
f 5505 5643 5507
f 5504 5643 5505
f 5503 5639 5504
f 5500 5503 5501
f 5499 5635 5500
f 5632 5499 5497
f 5496 5632 5497
f 5629 5496 5494
f 5493 5629 5494
f 5626 5493 5491
f 5490 5626 5491
f 5488 5624 5490
f 5486 5624 5488
f 5485 5621 5486
f 5483 5618 5485
f 5482 5618 5483
f 5480 5615 5482
f 5479 5615 5480
f 5478 5611 5479
f 5608 5478 5476
f 5475 5608 5476
f 5605 5475 5473
f 5472 5605 5473
f 5603 5472 5470
f 5468 5603 5470
f 5467 5600 5468
f 5598 5467 5465
f 5463 5598 5465
f 5462 5595 5463
f 5460 5592 5462
f 5459 5592 5460
f 5457 5589 5459
f 5456 5589 5457
f 5455 5585 5456
f 5583 5455 5453
f 5451 5583 5453
f 5449 5581 5451
f 5447 5579 5449
f 5446 5576 5447
f 5574 5446 5444
f 5442 5574 5444
f 5441 5571 5442
f 5439 5568 5441
f 5438 5568 5439
f 5436 5565 5438
f 5435 5565 5436
f 5433 5562 5435
f 5432 5562 5433
f 5431 5558 5432
f 5556 5431 5429
f 5427 5556 5429
f 5425 5554 5427
f 5423 5552 5425
f 5421 5550 5423
f 5419 5548 5421
f 5418 5545 5419
f 5542 5418 5416
f 5415 5542 5416
f 5413 5539 5415
f 5412 5539 5413
f 5410 5536 5412
f 5408 5534 5410
f 5407 5534 5408
f 5405 5531 5407
f 5404 5531 5405
f 5403 5527 5404
f 5524 5403 5401
f 5400 5524 5401
f 5522 5400 5398
f 5396 5522 5398
f 5395 5519 5396
f 5516 5395 5393
f 5392 5516 5393
f 5390 5513 5392
f 5388 5511 5390
f 5387 5511 5388
f 5385 5508 5387
f 5383 5506 5385
f 5382 5506 5383
f 5381 5502 5382
f 5378 5381 5379
f 5377 5498 5378
f 5495 5377 5375
f 5374 5495 5375
f 5492 5374 5372
f 5371 5492 5372
f 5489 5371 5369
f 5368 5489 5369
f 5366 5487 5368
f 5364 5487 5366
f 5363 5484 5364
f 5361 5481 5363
f 5360 5481 5361
f 5359 5477 5360
f 5474 5359 5357
f 5356 5474 5357
f 5471 5356 5353
f 5352 5471 5353
f 5469 5352 5349
f 5347 5469 5349
f 5346 5466 5347
f 5343 5464 5346
f 5341 5464 5343
f 5340 5461 5341
f 5338 5458 5340
f 5337 5458 5338
f 5336 5454 5337
f 5452 5336 5334
f 5332 5452 5334
f 5330 5450 5332
f 5329 5448 5330
f 5328 5445 5329
f 5443 5328 5325
f 5323 5443 5325
f 5322 5440 5323
f 5320 5437 5322
f 5319 5437 5320
f 5317 5434 5319
f 5316 5434 5317
f 5315 5430 5316
f 5428 5315 5313
f 5311 5428 5313
f 5309 5426 5311
f 5308 5424 5309
f 5306 5422 5308
f 5304 5420 5306
f 5303 5417 5304
f 5301 5414 5303
f 5300 5414 5301
f 5298 5411 5300
f 5295 5409 5298
f 5294 5409 5295
f 5292 5406 5294
f 5291 5406 5292
f 5290 5402 5291
f 5399 5290 5288
f 5287 5399 5288
f 5397 5287 5285
f 5283 5285 5284
f 5282 5394 5283
f 5391 5282 5280
f 5275 5389 5280
f 5274 5389 5275
f 5273 5386 5274
f 5261 5273 5267
f 5271 5272 5277
f 5269 5267 5270
f 5262 5265 5264
f 5262 5261 5267
f 5260 5384 5261
f 5259 5380 5260
f 5263 5257 5258
f 5252 5256 5254
f 5251 5259 5252
f 5250 5376 5251
f 5373 5250 5243
f 5249 5253 5248
f 5244 5247 5245
f 5244 5243 5248
f 5242 5373 5243
f 5370 5242 5236
f 5241 5246 5240
f 5237 5236 5239
f 5234 5370 5236
f 5230 5367 5234
f 5230 5232 5231
f 5228 5367 5230
f 5219 5365 5228
f 5221 5222 5218
f 5219 5225 5220
f 5217 5365 5219
f 5216 5362 5217
f 5215 5358 5216
f 5355 5215 5214
f 5218 5223 5213
f 5214 5210 5209
f 5354 5208 5207
f 5350 5351 5206
f 5350 5206 5205
f 5350 5205 5204
f 5350 5204 5203
f 5201 5200 5203
f 5199 5348 5200
f 5345 5199 5198
f 5197 5344 5198
f 5344 5197 5195
f 5194 5344 5195
f 5342 5194 5193
f 5192 5189 5193
f 5189 5192 5190
f 5188 5339 5189
f 5187 5335 5188
f 5185 5186 5191
f 5183 5182 5184
f 5187 5182 5180
f 5179 5333 5180
f 5178 5331 5179
f 5177 5331 5178
f 5177 5175 5331
f 5327 5175 5173
f 5173 5171 5170
f 5168 5326 5170
f 5167 5326 5168
f 5326 5167 5166
f 5165 5324 5166
f 5324 5165 5164
f 5324 5164 5162
f 5161 5321 5162
f 5161 5158 5157
f 5152 5157 5156
f 5155 5149 5154
f 5152 5156 5153
f 5151 5318 5152
f 5150 5314 5151
f 5149 5155 5148
f 5145 5150 5147
f 5312 5145 5144
f 5144 5143 5312
f 5142 5310 5143
f 5142 5141 5310
f 5307 5141 5139
f 5139 5137 5136
f 5135 5131 5136
f 5133 5131 5135
f 5127 7548 7549
f 7550 5127 7549
f 5129 5305 5131
f 5130 7548 5127
f 5128 5302 5129
f 5126 5299 5128
f 7550 5125 5127
f 5124 5297 5126
f 5124 5122 5121
f 5118 5124 5120
f 5116 5115 5118
f 5114 5293 5115
f 5113 5289 5114
f 5286 5113 5107
f 5107 5110 5108
f 5106 5286 5107
f 5102 5106 5104
f 5102 5101 5100
f 5098 5102 5100
f 5097 5281 5098
f 5097 5095 5279

usemtl Turquoise_0
f 8812 9031 9032
f 9031 8812 8813
f 8811 9032 9033
f 9032 8811 8812
f 9034 8804 8808
f 8804 9034 9035
f 8804 9035 8803
f 8777 9036 8778
f 9037 8778 9036
f 9041 8814 9042
f 9044 9045 9046
f 9049 9050 9051
f 9055 9051 9050
f 9056 9057 9058
f 9054 9062 9052
f 9063 9052 9062
f 9064 9065 9046
f 9066 9067 9068
f 9069 9059 9061
f 9048 9046 9045
f 8787 8789 9078
f 9078 9077 8787
f 9081 9080 8791
f 9080 8789 8791
f 8789 9080 9078
f 9083 8791 9084
f 9089 9088 8797
f 9088 8795 8797
f 8795 9088 9086
f 9092 9091 8797
f 9097 8803 9098
f 9097 8801 8803
f 8801 9097 9095
f 9099 9098 8803
f 9099 8803 9100
f 9104 9103 8809
f 8808 8809 9034
f 9103 9034 8809
f 9105 8809 9106
f 9110 9109 8814
f 9110 8814 9041
f 9113 9111 8814
f 9115 8815 9116
f 8806 8805 9048
f 9046 9048 8805
f 9040 8805 8810
f 8805 9064 9046
f 8805 9040 9064
f 9037 9149 8778
f 9149 9150 8778
f 8771 8772 9151
f 9151 9152 8771
f 8770 8771 9153
f 9152 9153 8771
f 9155 9156 8769
f 9153 8769 8770
f 9157 9158 8765
f 8765 8766 9157
f 9158 9161 8765
f 8763 9161 8764
f 9161 9162 8764
f 9163 8753 8752
f 9163 9164 8753
f 9050 8754 8755
f 9050 9049 8754
f 8751 8750 9165
f 9165 9166 8751
f 9166 8749 8751
f 9167 8733 8732
f 9167 9168 8733
f 9168 9169 8733
f 8743 9170 8742
f 9170 9171 8742
f 9172 8742 9171
f 9173 8742 9174
f 9175 8738 9176
f 8739 9176 8738
f 9175 9177 8738
f 8737 9067 8736
f 9066 8736 9067
f 9180 8734 8735
f 9180 9181 8734
f 9181 9056 8734
f 9054 8731 9062
f 8730 9062 8731
f 8731 9054 8728
f 9182 9183 8728
f 9184 8729 9183
f 9069 8729 9184
f 9061 8758 8729
f 8729 9069 9061
f 9189 8757 9190
f 9061 9190 8757
f 9191 8757 9189
f 9191 9192 8757
f 8845 9194 8844
f 9196 8844 9194
f 9198 8843 9197
f 9198 9199 9200
f 9198 9200 8843
f 9204 8841 9202
f 8842 9202 8841
f 9204 9205 8840
f 9206 9208 9209
f 9206 9209 8840
f 8839 9210 8838
f 9212 8838 9210
f 9212 9213 8837
f 9213 9214 8837
f 9214 9215 9216
f 9216 8837 9214
f 8820 9218 8819
f 9220 8819 9218
f 9220 9221 8819
f 9222 8819 9221
f 9222 9224 8819
f 9224 9225 8821
f 9226 8821 9225
f 8822 9224 8821
f 8821 9226 8746
f 9228 8746 9226
f 9229 8746 9228
f 9231 8746 9230
f 9231 9232 8746
f 8747 9234 8835
f 9236 8835 9234
f 9236 9237 8835
f 9237 9239 8835
f 9240 8835 9239
f 9242 8835 9240
f 9242 9243 8817
f 8817 9243 8836
f 9245 8836 9243
f 9245 9246 9247
f 9247 8834 9245
f 9247 9248 8834
f 9248 9249 8834
f 8834 9249 8832
f 9251 8832 9249
f 9251 9253 8832
f 9253 9254 9255
f 9253 9255 8740
f 9255 9256 8740
f 9256 9257 8740
f 8833 9260 8831
f 9262 8831 9260
f 9262 9263 8830
f 9264 9266 8830
f 8829 9267 8828
f 9269 8828 9267
f 9270 8827 9271
f 9269 9271 8827
f 9270 9272 8827
f 9272 9273 8827
f 8826 9275 8824
f 9277 8824 9275
f 9278 8824 9277
f 9278 9279 8824
f 9280 8824 9279
f 9280 9281 8824
f 8773 9283 8825
f 9285 8825 9283
f 9285 9286 8823
f 9286 9287 8823
f 9287 9288 9289
f 9289 8823 9287
f 9293 8723 9291
f 8723 9293 8722
f 9293 9294 8781
f 9298 8781 9297
f 8782 9299 8785
f 9301 8785 9299
f 9301 9302 8786
f 9305 8786 9304
f 8790 8788 9308
f 9306 9308 8788
f 9308 9309 8793
f 9309 9311 8793
f 9311 9313 8793
f 9313 8794 8793
f 8794 9313 9314
f 8796 8794 9316
f 9314 9316 8794
f 9316 9317 8799
f 9319 8799 9317
f 9319 9321 8799
f 9325 8779 9324
f 9325 9326 8779
f 9326 9327 8779
f 9327 9329 8779
f 9333 9332 9334
f 9332 9333 8807
f 9333 9038 8807
f 9038 9040 8807
f 9377 9378 8775
f 9379 9377 8775
f 9380 9377 9379
f 8775 8776 9381
f 9381 9379 8775
f 9382 8778 9150
f 9382 9381 8776
f 8776 8778 9382
f 9151 8775 9378
f 9389 8769 9390
f 8768 8769 9389
f 9389 9388 8768
f 9388 9391 8767
f 8767 8768 9388
f 9391 9392 8767
f 9392 9393 8767
f 9157 8767 9394
f 9393 9394 8767
f 9402 8764 9401
f 8762 8764 9402
f 9402 9403 8762
f 9403 9405 8761
f 8761 8762 9403
f 9405 9406 8760
f 9406 9407 8760
f 9407 9408 8760
f 9408 9410 8760
f 8759 8760 9410
f 9410 9411 8759
f 9415 8753 9413
f 9415 9416 8753
f 9416 9055 8756
f 8756 8753 9416
f 8755 8756 9050
f 9055 9050 8756
f 9421 9420 8754
f 9420 9422 8754
f 8750 8754 9165
f 9422 9165 8754
f 9424 8749 9166
f 9425 8749 9424
f 9427 8749 9425
f 8748 8749 9427
f 9427 9428 8748
f 9167 8732 8748
f 8748 9428 9167
f 9170 8743 8744
f 8744 9431 9170
f 9439 9440 8738
f 9440 9067 8738
f 9057 8734 9058
f 9057 9062 8734
f 9447 9182 8728
f 9176 8739 8742
f 8742 9173 9176
f 8733 9432 8744
f 9431 8744 9432
f 8752 8759 9163
f 9411 9163 8759
f 9330 9332 8807
f 9329 8780 8779
f 8780 9329 9330
f 9322 9324 8800
f 9321 8800 8799
f 8800 9321 9322
f 8786 9305 8788
f 9306 8788 9305
f 9302 9304 8786
f 9299 8781 9298
f 8781 9299 8782
f 9297 8781 9294
f 8823 9289 8723
f 9291 8723 9289
f 8774 9281 8773
f 9283 8773 9281
f 8827 9273 8826
f 9275 8826 9273
f 9266 9267 8829
f 9263 9264 8830
f 8740 9257 8833
f 9258 8833 9257
f 9260 8833 9258
f 8745 9232 8747
f 9234 8747 9232
f 9229 9230 8746
f 9218 8820 8837
f 8837 9216 9218
f 8840 9209 8839
f 9210 8839 9209
f 9206 8840 9205
f 8843 9200 8842
f 9202 8842 9200
f 9196 9197 8843
f 8757 9192 8845
f 9194 8845 9192
f 8728 9183 8729
f 9054 9447 8728
f 8734 9062 8730
f 9056 9058 8734
f 9180 10523 9181
f 9180 8735 8736
f 9066 9180 8736
f 8738 9067 8737
f 9177 9439 8738
f 9172 9174 8742
f 9169 9432 8733
f 9049 9421 8754
f 9164 9413 8753
f 9405 8760 8761
f 9162 9401 8764
f 8765 9161 8763
f 9157 8766 8767
f 9156 9390 8769
f 9153 9155 8769
f 8775 9151 8772
f 9048 9117 8815
f 9117 9116 8815
f 9115 9114 8815
f 9114 8816 8815
f 8816 9114 9113
f 9111 9042 8814
f 9109 9031 8814
f 9106 8809 9033
f 9104 8809 9105
f 9095 9094 8798
f 9094 9092 8797
f 9091 9089 8797
f 9086 8792 8795
f 8792 9086 9084
f 9083 9081 8791
f 9077 9076 8787
f 9076 9074 8787
f 9073 8787 9074
f 8783 8784 9071
f 9073 9071 8784
f 8777 8783 9036
f 9071 9036 8783
f 9073 8784 8787
f 8792 9084 8791
f 9094 8797 8798
f 9095 8798 8801
f 9035 9100 8803
f 8811 9033 8809
f 8814 9031 8813
f 9113 8814 8816
f 8806 9048 8815
f 8807 9040 8810
f 9330 8807 8780
f 9324 8779 8802
f 8800 9324 8802
f 8796 9316 8799
f 8790 9308 8793
f 8785 9301 8786
f 8722 9293 8781
f 9285 8823 8825
f 9281 8774 8824
f 8828 9269 8827
f 9266 8829 8830
f 9262 8830 8831
f 8741 9253 8740
f 9253 8741 8832
f 9245 8834 8836
f 9242 8817 8818
f 8835 9242 8818
f 9232 8745 8746
f 9224 8822 8819
f 9212 8837 8838
f 8841 9204 8840
f 9196 8843 8844
f 8758 9061 8757

usemtl Green_0
f 9038 9039 9040
f 9042 9043 9041
f 9045 9047 9048
f 9052 9053 9054
f 9059 9060 9061
f 9070 9037 9036
f 9071 9070 9036
f 9072 9070 9071
f 9071 9073 9072
f 9072 9073 9074
f 9075 9074 9076
f 9075 9076 9077
f 9078 9075 9077
f 9079 9075 9078
f 9080 9079 9078
f 9079 9080 9081
f 9082 9079 9081
f 9082 9081 9083
f 9085 9083 9084
f 9086 9085 9084
f 9087 9085 9086
f 9088 9087 9086
f 9087 9088 9089
f 9090 9087 9089
f 9090 9089 9091
f 9092 9090 9091
f 9093 9090 9092
f 9093 9092 9094
f 9094 9095 9093
f 9096 9093 9095
f 9097 9096 9095
f 9096 9097 9098
f 9099 9096 9098
f 9101 9099 9100
f 9101 9100 9035
f 9034 9101 9035
f 9102 9101 9034
f 9103 9102 9034
f 9102 9103 9104
f 9105 9102 9104
f 9107 9105 9106
f 9107 9106 9033
f 9032 9107 9033
f 9108 9107 9032
f 9031 9108 9032
f 9108 9031 9109
f 9110 9108 9109
f 9110 9041 9043
f 9042 9111 9043
f 9112 9043 9113
f 9113 9043 9111
f 9113 9114 9112
f 9112 9114 9115
f 9116 9112 9115
f 9047 9116 9117
f 9117 9048 9047
f 9044 9047 9045
f 9046 9065 9039
f 9039 9047 9046
f 9039 9118 9047
f 9047 9118 9119
f 9047 9119 9112
f 9112 9119 9120
f 9119 9121 9120
f 9120 9121 9122
f 9120 9122 9123
f 9043 9120 9123
f 9043 9123 9108
f 9108 9123 9124
f 9123 9125 9124
f 9124 9125 9126
f 9124 9126 9127
f 9107 9124 9127
f 9107 9127 9102
f 9102 9127 9128
f 9127 9129 9128
f 9128 9129 9130
f 9128 9130 9131
f 9101 9128 9131
f 9101 9131 9096
f 9096 9131 9132
f 9131 9133 9132
f 9132 9133 9134
f 9132 9134 9135
f 9093 9132 9135
f 9093 9135 9087
f 9087 9135 9136
f 9135 9137 9136
f 9136 9137 9138
f 9136 9138 9139
f 9085 9136 9139
f 9085 9139 9079
f 9079 9139 9140
f 9139 9141 9140
f 9140 9141 9142
f 9140 9142 9143
f 9075 9140 9143
f 9075 9143 9072
f 9072 9143 9144
f 9143 9145 9144
f 9144 9145 9146
f 9144 9146 9147
f 9070 9144 9147
f 9070 9147 9148
f 9149 9070 9148
f 9149 9148 9150
f 9154 9155 9153
f 9154 9156 9155
f 9157 9159 9158
f 9158 9159 9160
f 9158 9160 9161
f 9066 9068 9178
f 9066 9178 9179
f 9069 9184 9188
f 9060 9069 9188
f 9060 9059 9069
f 9189 9190 9060
f 9193 9194 9192
f 9194 9193 9195
f 9196 9195 9197
f 9195 9198 9197
f 9201 9202 9200
f 9202 9201 9203
f 9203 9204 9202
f 9203 9206 9205
f 9206 9203 9207
f 9206 9207 9208
f 9207 9210 9209
f 9210 9207 9211
f 9211 9212 9210
f 9217 9218 9216
f 9218 9217 9219
f 9220 9219 9221
f 9221 9223 9222
f 9222 9223 9224
f 9226 9223 9227
f 9229 9227 9230
f 9227 9231 9230
f 9233 9234 9232
f 9234 9233 9235
f 9235 9236 9234
f 9236 9235 9237
f 9235 9238 9237
f 9238 9239 9237
f 9238 9240 9239
f 9238 9241 9240
f 9240 9241 9242
f 9242 9241 9243
f 9241 9244 9243
f 9244 9245 9243
f 9245 9244 9246
f 9248 9250 9249
f 9250 9251 9249
f 9251 9250 9252
f 9252 9253 9251
f 9258 9259 9260
f 9257 9259 9258
f 9260 9259 9261
f 9261 9262 9260
f 9261 9264 9263
f 9264 9261 9265
f 9266 9265 9267
f 9265 9268 9267
f 9268 9269 9267
f 9274 9275 9273
f 9275 9274 9276
f 9276 9277 9275
f 9277 9276 9278
f 9276 9279 9278
f 9282 9283 9281
f 9283 9282 9284
f 9284 9285 9283
f 9290 9291 9289
f 9291 9290 9292
f 9292 9293 9291
f 9292 9295 9294
f 9295 9292 9296
f 9295 9296 9297
f 9296 9299 9298
f 9296 9300 9299
f 9300 9301 9299
f 9302 9300 9303
f 9302 9303 9304
f 9303 9306 9305
f 9303 9307 9306
f 9306 9307 9308
f 9307 9309 9308
f 9307 9310 9309
f 9310 9311 9309
f 9310 9312 9311
f 9312 9313 9311
f 9313 9312 9314
f 9312 9315 9314
f 9314 9315 9316
f 9315 9317 9316
f 9315 9318 9317
f 9318 9319 9317
f 9318 9320 9319
f 9320 9321 9319
f 9321 9320 9322
f 9320 9323 9322
f 9324 9322 9323
f 9323 9325 9324
f 9323 9326 9325
f 9326 9328 9327
f 9327 9328 9329
f 9329 9328 9330
f 9328 9331 9330
f 9332 9330 9331
f 9038 9333 9039
f 9333 9331 9039
f 9331 9335 9039
f 9331 9336 9335
f 9336 9337 9335
f 9335 9337 9338
f 9335 9338 9118
f 9118 9338 9339
f 9338 9340 9339
f 9339 9340 9341
f 9339 9341 9121
f 9121 9341 9342
f 9341 9343 9342
f 9342 9343 9344
f 9342 9344 9345
f 9122 9342 9345
f 9122 9345 9125
f 9125 9345 9346
f 9345 9347 9346
f 9346 9347 9348
f 9346 9348 9349
f 9126 9346 9349
f 9126 9349 9129
f 9129 9349 9350
f 9349 9351 9350
f 9350 9351 9352
f 9350 9352 9353
f 9130 9350 9353
f 9130 9353 9133
f 9133 9353 9354
f 9353 9355 9354
f 9354 9355 9356
f 9354 9356 9357
f 9134 9354 9357
f 9134 9357 9137
f 9137 9357 9358
f 9357 9359 9358
f 9358 9359 9360
f 9358 9360 9361
f 9138 9358 9361
f 9138 9361 9141
f 9141 9361 9362
f 9361 9363 9362
f 9362 9363 9364
f 9362 9364 9365
f 9142 9362 9365
f 9142 9365 9145
f 9145 9365 9366
f 9365 9367 9366
f 9366 9367 9368
f 9366 9368 9369
f 9146 9366 9369
f 9146 9369 9370
f 9370 9369 9371
f 9370 9371 9372
f 9373 9370 9372
f 9373 9372 9374
f 9375 9373 9374
f 9375 9374 9376
f 9377 9375 9376
f 9377 9376 9378
f 9375 9380 9379
f 9381 9375 9379
f 9148 9375 9381
f 9381 9382 9148
f 9376 9151 9378
f 9375 9377 9380
f 9376 9374 9383
f 9376 9383 9154
f 9376 9154 9152
f 9154 9383 9384
f 9154 9384 9385
f 9385 9384 9386
f 9385 9386 9387
f 9385 9387 9388
f 9388 9389 9385
f 9385 9389 9390
f 9156 9385 9390
f 9388 9387 9391
f 9393 9159 9394
f 9393 9387 9159
f 9387 9395 9159
f 9159 9395 9396
f 9395 9397 9396
f 9396 9397 9398
f 9396 9398 9399
f 9160 9396 9399
f 9160 9399 9400
f 9162 9160 9400
f 9162 9400 9401
f 9400 9402 9401
f 9403 9402 9400
f 9403 9400 9404
f 9403 9404 9405
f 9404 9406 9405
f 9404 9407 9406
f 9407 9409 9408
f 9409 9410 9408
f 9410 9409 9411
f 9411 9409 9412
f 9163 9411 9412
f 9412 9164 9163
f 9412 9413 9164
f 9413 9412 9414
f 9413 9414 9415
f 9414 9416 9415
f 9416 9414 9055
f 9055 9414 9417
f 9055 9417 9051
f 9417 9049 9051
f 9417 9418 9049
f 9418 9417 9419
f 9418 9419 9420
f 9418 9420 9421
f 9049 9418 9421
f 9419 9422 9420
f 9422 9419 9165
f 9165 9419 9423
f 9165 9423 9166
f 9423 9424 9166
f 9424 9426 9425
f 9426 9427 9425
f 9427 9426 9428
f 9428 9426 9429
f 9429 9167 9428
f 9167 9429 9168
f 9429 9169 9168
f 9169 9429 9430
f 9430 9431 9432
f 9431 9430 9433
f 9433 9170 9431
f 9170 9433 9171
f 9430 9434 9433
f 9433 9434 9435
f 9433 9435 9436
f 9172 9433 9436
f 9436 9435 9437
f 9436 9437 9438
f 9176 9436 9438
f 9438 9175 9176
f 9175 9438 9177
f 9438 9439 9177
f 9439 9178 9440
f 9440 9178 9067
f 9439 9438 9178
f 9438 9441 9178
f 9178 9441 9442
f 9441 9443 9442
f 9442 9443 9444
f 9442 9444 9445
f 9179 9442 9445
f 9179 9445 9446
f 9181 9179 9446
f 9446 9056 9181
f 9057 9446 9062
f 9062 9446 9053
f 9053 9063 9062
f 9053 9182 9447
f 9182 9053 9188
f 9053 9448 9188
f 9188 9448 9449
f 9448 9450 9449
f 9449 9450 9451
f 9449 9451 9452
f 9060 9449 9452
f 9060 9452 9193
f 9189 9060 9193
f 9193 9452 9453
f 9452 9454 9453
f 9453 9454 9455
f 9453 9455 9456
f 9195 9453 9456
f 9195 9456 9201
f 9201 9456 9457
f 9456 9458 9457
f 9457 9458 9459
f 9457 9459 9460
f 9203 9457 9460
f 9460 9459 9461
f 9460 9461 9462
f 9207 9460 9462
f 9462 9461 9463
f 9462 9463 9464
f 9211 9462 9464
f 9211 9464 9217
f 9214 9211 9217
f 9211 9214 9213
f 9217 9464 9465
f 9464 9466 9465
f 9465 9466 9467
f 9465 9467 9468
f 9219 9465 9468
f 9219 9468 9223
f 9223 9468 9469
f 9468 9470 9469
f 9469 9470 9471
f 9469 9471 9472
f 9227 9469 9472
f 9227 9472 9233
f 9233 9472 9473
f 9472 9474 9473
f 9473 9474 9475
f 9473 9475 9476
f 9235 9473 9476
f 9235 9476 9241
f 9241 9476 9477
f 9476 9478 9477
f 9477 9478 9479
f 9477 9479 9480
f 9244 9477 9480
f 9244 9480 9250
f 9247 9244 9250
f 9250 9480 9481
f 9480 9482 9481
f 9481 9482 9483
f 9481 9483 9484
f 9252 9481 9484
f 9252 9484 9259
f 9255 9252 9259
f 9252 9255 9254
f 9259 9484 9485
f 9484 9486 9485
f 9485 9486 9487
f 9485 9487 9488
f 9261 9485 9488
f 9488 9487 9489
f 9488 9489 9490
f 9265 9488 9490
f 9490 9489 9491
f 9490 9491 9492
f 9268 9490 9492
f 9268 9492 9274
f 9270 9268 9274
f 9268 9270 9271
f 9274 9492 9493
f 9492 9494 9493
f 9493 9494 9495
f 9493 9495 9496
f 9276 9493 9496
f 9276 9496 9282
f 9282 9496 9497
f 9496 9498 9497
f 9497 9498 9499
f 9497 9499 9500
f 9284 9497 9500
f 9284 9500 9290
f 9287 9284 9290
f 9284 9287 9286
f 9290 9500 9501
f 9500 9502 9501
f 9501 9502 9503
f 9501 9503 9504
f 9292 9501 9504
f 9504 9503 9505
f 9504 9505 9506
f 9296 9504 9506
f 9506 9505 9507
f 9506 9507 9508
f 9300 9506 9508
f 9508 9507 9509
f 9508 9509 9510
f 9303 9508 9510
f 9510 9509 9511
f 9510 9511 9512
f 9307 9510 9512
f 9307 9512 9312
f 9312 9512 9513
f 9512 9514 9513
f 9513 9514 9515
f 9513 9515 9516
f 9315 9513 9516
f 9315 9516 9320
f 9320 9516 9517
f 9516 9518 9517
f 9517 9518 9519
f 9517 9519 9520
f 9323 9517 9520
f 9323 9520 9328
f 9328 9520 9336
f 9520 9521 9336
f 9520 9519 9521
f 9519 9522 9521
f 9521 9522 9523
f 9521 9523 9337
f 9337 9523 9524
f 9523 9525 9524
f 9524 9525 9526
f 9524 9526 9340
f 9340 9526 9527
f 9526 9528 9527
f 9527 9528 9529
f 9527 9529 9343
f 9343 9529 9530
f 9529 9531 9530
f 9530 9531 9532
f 9530 9532 9533
f 9344 9530 9533
f 9344 9533 9347
f 9347 9533 9534
f 9533 9535 9534
f 9534 9535 9536
f 9534 9536 9537
f 9348 9534 9537
f 9348 9537 9351
f 9351 9537 9538
f 9537 9539 9538
f 9538 9539 9540
f 9538 9540 9541
f 9352 9538 9541
f 9352 9541 9355
f 9355 9541 9542
f 9541 9543 9542
f 9542 9543 9544
f 9542 9544 9545
f 9356 9542 9545
f 9356 9545 9359
f 9359 9545 9546
f 9545 9547 9546
f 9546 9547 9548
f 9546 9548 9549
f 9360 9546 9549
f 9360 9549 9363
f 9363 9549 9550
f 9549 9551 9550
f 9550 9551 9552
f 9550 9552 9553
f 9364 9550 9553
f 9364 9553 9367
f 9367 9553 9554
f 9553 9555 9554
f 9554 9555 9556
f 9554 9556 9557
f 9368 9554 9557
f 9368 9557 9558
f 9558 9557 9559
f 9558 9559 9560
f 9371 9558 9560
f 9371 9560 9561
f 9561 9560 9562
f 9561 9562 9563
f 9564 9561 9563
f 9564 9563 9565
f 9383 9564 9565
f 9565 9563 9566
f 9565 9566 9567
f 9384 9565 9567
f 9567 9566 9568
f 9567 9568 9569
f 9386 9567 9569
f 9386 9569 9395
f 9569 9568 9570
f 9569 9570 9397
f 9397 9570 9571
f 9570 9572 9571
f 9571 9572 9573
f 9571 9573 9574
f 9398 9571 9574
f 9398 9574 9575
f 9575 9574 9576
f 9575 9576 9577
f 9578 9575 9577
f 9578 9577 9579
f 9404 9578 9579
f 9404 9579 9409
f 9409 9579 9580
f 9579 9581 9580
f 9580 9581 9582
f 9580 9582 9583
f 9412 9580 9583
f 9583 9582 9584
f 9583 9584 9585
f 9414 9583 9585
f 9585 9584 9586
f 9585 9586 9587
f 9417 9585 9587
f 9587 9586 9588
f 9587 9588 9589
f 9419 9587 9589
f 9589 9588 9590
f 9589 9590 9591
f 9423 9589 9591
f 9423 9591 9426
f 9426 9591 9592
f 9591 9593 9592
f 9592 9593 9594
f 9592 9594 9595
f 9429 9592 9595
f 9595 9594 9596
f 9595 9596 9434
f 9434 9596 9597
f 9596 9598 9597
f 9597 9598 9599
f 9597 9599 9600
f 9435 9597 9600
f 9600 9599 9601
f 9600 9601 9602
f 9437 9600 9602
f 9437 9602 9441
f 9602 9601 9603
f 9602 9603 9443
f 9443 9603 9604
f 9603 9605 9604
f 9604 9605 9606
f 9604 9606 9607
f 9444 9604 9607
f 9444 9607 9608
f 9608 9607 9609
f 9608 9609 9610
f 9611 9608 9610
f 9611 9610 9448
f 9445 9608 9611
f 9610 9609 9612
f 9610 9612 9450
f 9450 9612 9613
f 9612 9614 9613
f 9613 9614 9615
f 9613 9615 9616
f 9451 9613 9616
f 9451 9616 9454
f 9454 9616 9617
f 9616 9618 9617
f 9617 9618 9619
f 9617 9619 9620
f 9455 9617 9620
f 9455 9620 9458
f 9458 9620 9621
f 9620 9622 9621
f 9621 9622 9623
f 9621 9623 9624
f 9459 9621 9624
f 9624 9623 9625
f 9624 9625 9626
f 9461 9624 9626
f 9626 9625 9627
f 9626 9627 9628
f 9463 9626 9628
f 9463 9628 9466
f 9466 9628 9629
f 9628 9630 9629
f 9629 9630 9631
f 9629 9631 9632
f 9467 9629 9632
f 9467 9632 9470
f 9470 9632 9633
f 9632 9634 9633
f 9633 9634 9635
f 9633 9635 9636
f 9471 9633 9636
f 9471 9636 9474
f 9474 9636 9637
f 9636 9638 9637
f 9637 9638 9639
f 9637 9639 9640
f 9475 9637 9640
f 9475 9640 9478
f 9478 9640 9641
f 9640 9642 9641
f 9641 9642 9643
f 9641 9643 9644
f 9479 9641 9644
f 9479 9644 9482
f 9482 9644 9645
f 9644 9646 9645
f 9645 9646 9647
f 9645 9647 9648
f 9483 9645 9648
f 9483 9648 9486
f 9486 9648 9649
f 9648 9650 9649
f 9649 9650 9651
f 9649 9651 9652
f 9487 9649 9652
f 9652 9651 9653
f 9652 9653 9654
f 9489 9652 9654
f 9654 9653 9655
f 9654 9655 9656
f 9491 9654 9656
f 9491 9656 9494
f 9494 9656 9657
f 9656 9658 9657
f 9657 9658 9659
f 9657 9659 9660
f 9495 9657 9660
f 9495 9660 9498
f 9498 9660 9661
f 9660 9662 9661
f 9661 9662 9663
f 9661 9663 9664
f 9499 9661 9664
f 9499 9664 9502
f 9502 9664 9665
f 9664 9666 9665
f 9665 9666 9667
f 9665 9667 9668
f 9503 9665 9668
f 9668 9667 9669
f 9668 9669 9670
f 9505 9668 9670
f 9670 9669 9671
f 9670 9671 9672
f 9507 9670 9672
f 9672 9671 9673
f 9672 9673 9674
f 9509 9672 9674
f 9674 9673 9675
f 9674 9675 9676
f 9511 9674 9676
f 9511 9676 9514
f 9514 9676 9677
f 9676 9678 9677
f 9677 9678 9679
f 9677 9679 9680
f 9515 9677 9680
f 9515 9680 9518
f 9518 9680 9681
f 9680 9682 9681
f 9681 9682 9683
f 9681 9683 9522
f 9522 9683 9684
f 9683 9685 9684
f 9684 9685 9686
f 9684 9686 9525
f 9525 9686 9687
f 9686 9688 9687
f 9687 9688 9689
f 9687 9689 9528
f 9528 9689 9690
f 9689 9691 9690
f 9690 9691 9692
f 9690 9692 9531
f 9531 9692 9693
f 9692 9694 9693
f 9693 9694 9695
f 9532 9693 9695
f 9532 9695 9535
f 9535 9695 9696
f 9695 9697 9696
f 9696 9697 9698
f 9696 9698 9699
f 9536 9696 9699
f 9536 9699 9539
f 9539 9699 9700
f 9699 9701 9700
f 9700 9701 9702
f 9700 9702 9703
f 9540 9700 9703
f 9540 9703 9543
f 9543 9703 9704
f 9703 9705 9704
f 9704 9705 9706
f 9704 9706 9707
f 9544 9704 9707
f 9544 9707 9547
f 9547 9707 9708
f 9707 9709 9708
f 9708 9709 9710
f 9708 9710 9711
f 9548 9708 9711
f 9548 9711 9551
f 9551 9711 9712
f 9711 9713 9712
f 9712 9713 9714
f 9712 9714 9715
f 9552 9712 9715
f 9552 9715 9555
f 9555 9715 9716
f 9715 9717 9716
f 9716 9717 9718
f 9716 9718 9719
f 9556 9716 9719
f 9556 9719 9720
f 9720 9719 9721
f 9720 9721 9722
f 9559 9720 9722
f 9559 9722 9723
f 9723 9722 9724
f 9723 9724 9725
f 9562 9723 9725
f 9562 9725 9726
f 9726 9725 9727
f 9726 9727 9728
f 9566 9726 9728
f 9728 9727 9729
f 9728 9729 9730
f 9568 9728 9730
f 9730 9729 9731
f 9730 9731 9572
f 9572 9731 9732
f 9731 9733 9732
f 9732 9733 9734
f 9732 9734 9735
f 9573 9732 9735
f 9573 9735 9736
f 9736 9735 9737
f 9736 9737 9738
f 9576 9736 9738
f 9576 9738 9739
f 9739 9738 9740
f 9739 9740 9741
f 9581 9739 9741
f 9577 9739 9581
f 9741 9740 9742
f 9741 9742 9743
f 9582 9741 9743
f 9743 9742 9744
f 9743 9744 9745
f 9584 9743 9745
f 9745 9744 9746
f 9745 9746 9747
f 9586 9745 9747
f 9747 9746 9748
f 9747 9748 9749
f 9588 9747 9749
f 9749 9748 9750
f 9749 9750 9751
f 9590 9749 9751
f 9590 9751 9593
f 9593 9751 9752
f 9751 9753 9752
f 9752 9753 9754
f 9752 9754 9755
f 9594 9752 9755
f 9755 9754 9756
f 9755 9756 9598
f 9598 9756 9757
f 9756 9758 9757
f 9757 9758 9759
f 9757 9759 9760
f 9599 9757 9760
f 9760 9759 9761
f 9760 9761 9762
f 9601 9760 9762
f 9762 9761 9763
f 9762 9763 9605
f 9605 9763 9764
f 9763 9765 9764
f 9764 9765 9766
f 9764 9766 9767
f 9606 9764 9767
f 9606 9767 9768
f 9768 9767 9769
f 9768 9769 9770
f 9609 9768 9770
f 9770 9769 9771
f 9770 9771 9614
f 9614 9771 9772
f 9771 9773 9772
f 9772 9773 9774
f 9772 9774 9775
f 9615 9772 9775
f 9615 9775 9618
f 9618 9775 9776
f 9775 9777 9776
f 9776 9777 9778
f 9776 9778 9779
f 9619 9776 9779
f 9619 9779 9622
f 9622 9779 9780
f 9779 9781 9780
f 9780 9781 9782
f 9780 9782 9783
f 9623 9780 9783
f 9783 9782 9784
f 9783 9784 9785
f 9625 9783 9785
f 9785 9784 9786
f 9785 9786 9787
f 9627 9785 9787
f 9627 9787 9630
f 9630 9787 9788
f 9787 9789 9788
f 9788 9789 9790
f 9788 9790 9791
f 9631 9788 9791
f 9631 9791 9634
f 9634 9791 9792
f 9791 9793 9792
f 9792 9793 9794
f 9792 9794 9795
f 9635 9792 9795
f 9635 9795 9638
f 9638 9795 9796
f 9795 9797 9796
f 9796 9797 9798
f 9796 9798 9799
f 9639 9796 9799
f 9639 9799 9642
f 9642 9799 9800
f 9799 9801 9800
f 9800 9801 9802
f 9800 9802 9803
f 9643 9800 9803
f 9643 9803 9646
f 9646 9803 9804
f 9803 9805 9804
f 9804 9805 9806
f 9804 9806 9807
f 9647 9804 9807
f 9647 9807 9650
f 9650 9807 9808
f 9807 9809 9808
f 9808 9809 9810
f 9808 9810 9811
f 9651 9808 9811
f 9811 9810 9812
f 9811 9812 9813
f 9653 9811 9813
f 9813 9812 9814
f 9813 9814 9815
f 9655 9813 9815
f 9655 9815 9658
f 9658 9815 9816
f 9815 9817 9816
f 9816 9817 9818
f 9816 9818 9819
f 9659 9816 9819
f 9659 9819 9662
f 9662 9819 9820
f 9819 9821 9820
f 9820 9821 9822
f 9820 9822 9823
f 9663 9820 9823
f 9663 9823 9666
f 9666 9823 9824
f 9823 9825 9824
f 9824 9825 9826
f 9824 9826 9827
f 9667 9824 9827
f 9827 9826 9828
f 9827 9828 9829
f 9669 9827 9829
f 9829 9828 9830
f 9829 9830 9831
f 9671 9829 9831
f 9831 9830 9832
f 9831 9832 9833
f 9673 9831 9833
f 9833 9832 9834
f 9833 9834 9835
f 9675 9833 9835
f 9675 9835 9678
f 9678 9835 9836
f 9835 9837 9836
f 9836 9837 9838
f 9836 9838 9839
f 9679 9836 9839
f 9679 9839 9682
f 9682 9839 9840
f 9839 9841 9840
f 9840 9841 9842
f 9840 9842 9685
f 9685 9842 9843
f 9842 9844 9843
f 9843 9844 9845
f 9843 9845 9688
f 9688 9845 9846
f 9845 9847 9846
f 9846 9847 9848
f 9846 9848 9691
f 9691 9848 9849
f 9848 9850 9849
f 9849 9850 9851
f 9849 9851 9694
f 9694 9851 9697
f 9697 9851 9852
f 9851 9853 9852
f 9852 9853 9854
f 9852 9854 9855
f 9698 9852 9855
f 9698 9855 9701
f 9701 9855 9856
f 9855 9857 9856
f 9856 9857 9858
f 9856 9858 9859
f 9702 9856 9859
f 9702 9859 9705
f 9705 9859 9860
f 9859 9861 9860
f 9860 9861 9862
f 9860 9862 9863
f 9706 9860 9863
f 9706 9863 9709
f 9709 9863 9864
f 9863 9865 9864
f 9864 9865 9866
f 9864 9866 9867
f 9710 9864 9867
f 9710 9867 9713
f 9713 9867 9868
f 9867 9869 9868
f 9868 9869 9870
f 9868 9870 9871
f 9714 9868 9871
f 9714 9871 9717
f 9717 9871 9872
f 9871 9873 9872
f 9872 9873 9874
f 9872 9874 9875
f 9718 9872 9875
f 9718 9875 9876
f 9876 9875 9877
f 9876 9877 9878
f 9721 9876 9878
f 9721 9878 9879
f 9879 9878 9880
f 9879 9880 9881
f 9724 9879 9881
f 9724 9881 9882
f 9882 9881 9883
f 9882 9883 9884
f 9727 9882 9884
f 9884 9883 9885
f 9884 9885 9886
f 9729 9884 9886
f 9886 9885 9887
f 9886 9887 9733
f 9733 9887 9888
f 9887 9889 9888
f 9888 9889 9890
f 9888 9890 9891
f 9734 9888 9891
f 9734 9891 9892
f 9892 9891 9893
f 9892 9893 9894
f 9737 9892 9894
f 9737 9894 9895
f 9895 9894 9896
f 9895 9896 9897
f 9740 9895 9897
f 9897 9896 9898
f 9897 9898 9899
f 9742 9897 9899
f 9899 9898 9900
f 9899 9900 9901
f 9744 9899 9901
f 9901 9900 9902
f 9901 9902 9903
f 9746 9901 9903
f 9903 9902 9904
f 9903 9904 9905
f 9748 9903 9905
f 9905 9904 9906
f 9905 9906 9907
f 9750 9905 9907
f 9750 9907 9753
f 9753 9907 9908
f 9907 9909 9908
f 9908 9909 9910
f 9908 9910 9911
f 9754 9908 9911
f 9911 9910 9912
f 9911 9912 9758
f 9758 9912 9913
f 9912 9914 9913
f 9913 9914 9915
f 9913 9915 9916
f 9759 9913 9916
f 9916 9915 9917
f 9916 9917 9918
f 9761 9916 9918
f 9918 9917 9919
f 9918 9919 9765
f 9765 9919 9920
f 9919 9921 9920
f 9920 9921 9922
f 9920 9922 9923
f 9766 9920 9923
f 9766 9923 9924
f 9924 9923 9925
f 9924 9925 9926
f 9769 9924 9926
f 9926 9925 9927
f 9926 9927 9773
f 9773 9927 9928
f 9927 9929 9928
f 9928 9929 9930
f 9928 9930 9931
f 9774 9928 9931
f 9774 9931 9777
f 9777 9931 9932
f 9931 9933 9932
f 9932 9933 9934
f 9932 9934 9935
f 9778 9932 9935
f 9778 9935 9781
f 9781 9935 9936
f 9935 9937 9936
f 9936 9937 9938
f 9936 9938 9939
f 9782 9936 9939
f 9939 9938 9940
f 9939 9940 9941
f 9784 9939 9941
f 9941 9940 9942
f 9941 9942 9943
f 9786 9941 9943
f 9786 9943 9789
f 9789 9943 9944
f 9943 9945 9944
f 9944 9945 9946
f 9790 9944 9946
f 9790 9946 9793
f 9793 9946 9947
f 9946 9948 9947
f 9947 9948 9949
f 9947 9949 9950
f 9794 9947 9950
f 9794 9950 9797
f 9797 9950 9951
f 9950 9952 9951
f 9951 9952 9953
f 9951 9953 9954
f 9798 9951 9954
f 9798 9954 9801
f 9801 9954 9955
f 9954 9956 9955
f 9955 9956 9957
f 9955 9957 9958
f 9802 9955 9958
f 9802 9958 9805
f 9805 9958 9959
f 9958 9960 9959
f 9959 9960 9961
f 9959 9961 9962
f 9806 9959 9962
f 9806 9962 9809
f 9809 9962 9963
f 9962 9964 9963
f 9963 9964 9965
f 9963 9965 9966
f 9810 9963 9966
f 9966 9965 9967
f 9966 9967 9968
f 9812 9966 9968
f 9968 9967 9969
f 9968 9969 9970
f 9814 9968 9970
f 9814 9970 9817
f 9817 9970 9971
f 9970 9972 9971
f 9971 9972 9973
f 9971 9973 9974
f 9818 9971 9974
f 9818 9974 9821
f 9821 9974 9975
f 9974 9976 9975
f 9975 9976 9977
f 9822 9975 9977
f 9822 9977 9825
f 9825 9977 9978
f 9977 9979 9978
f 9978 9979 9980
f 9978 9980 9981
f 9826 9978 9981
f 9981 9980 9982
f 9981 9982 9983
f 9828 9981 9983
f 9983 9982 9984
f 9983 9984 9985
f 9830 9983 9985
f 9985 9984 9986
f 9985 9986 9987
f 9832 9985 9987
f 9987 9986 9988
f 9987 9988 9989
f 9834 9987 9989
f 9834 9989 9837
f 9837 9989 9990
f 9989 9991 9990
f 9990 9991 9992
f 9990 9992 9993
f 9838 9990 9993
f 9838 9993 9841
f 9841 9993 9994
f 9993 9995 9994
f 9994 9995 9996
f 9994 9996 9844
f 9844 9996 9997
f 9996 9998 9997
f 9997 9998 9999
f 9997 9999 9847
f 9847 9999 10000
f 9999 10001 10000
f 10000 10001 10002
f 10000 10002 9850
f 9850 10002 9853
f 10002 10003 9853
f 10002 10004 10003
f 10004 10005 10003
f 10003 10005 10006
f 9854 10003 10006
f 9854 10006 9857
f 9857 10006 10007
f 10006 10008 10007
f 10007 10008 10009
f 10007 10009 10010
f 9858 10007 10010
f 9858 10010 9861
f 9861 10010 10011
f 10010 10012 10011
f 10011 10012 10013
f 10011 10013 10014
f 9862 10011 10014
f 9862 10014 9865
f 9865 10014 10015
f 10014 10016 10015
f 10015 10016 10017
f 10015 10017 10018
f 9866 10015 10018
f 9866 10018 9869
f 9869 10018 10019
f 10018 10020 10019
f 10019 10020 10021
f 10019 10021 10022
f 9870 10019 10022
f 9870 10022 9873
f 9873 10022 10023
f 10022 10024 10023
f 10023 10024 10025
f 10023 10025 10026
f 9874 10023 10026
f 9874 10026 10027
f 10027 10026 10028
f 10027 10028 10029
f 9877 10027 10029
f 9877 10029 10030
f 10030 10029 10031
f 10032 10030 10031
f 10032 10031 10033
f 9885 10032 10033
f 10033 10031 10034
f 10033 10034 9889
f 9889 10034 10035
f 10034 10036 10035
f 10035 10036 10037
f 10035 10037 10038
f 9890 10035 10038
f 9890 10038 10039
f 10039 10038 10040
f 10039 10040 10041
f 9893 10039 10041
f 9893 10041 10042
f 10042 10041 10043
f 10042 10043 10044
f 9896 10042 10044
f 10044 10043 10045
f 10044 10045 10046
f 9898 10044 10046
f 10046 10045 10047
f 10046 10047 10048
f 9900 10046 10048
f 10048 10047 10049
f 10048 10049 10050
f 9902 10048 10050
f 10050 10049 10051
f 10050 10051 10052
f 9904 10050 10052
f 10052 10051 10053
f 10052 10053 10054
f 9906 10052 10054
f 9906 10054 9909
f 9909 10054 10055
f 10054 10056 10055
f 10055 10056 10057
f 10055 10057 10058
f 9910 10055 10058
f 10058 10057 10059
f 10058 10059 9914
f 10057 10060 10059
f 10059 10060 10061
f 9915 10059 10061
f 10061 10060 10062
f 10061 10062 10063
f 9917 10061 10063
f 10063 10062 10064
f 10063 10064 9921
f 9921 10064 10065
f 10064 10066 10065
f 10065 10066 10067
f 10065 10067 10068
f 9922 10065 10068
f 9922 10068 10069
f 10069 10068 10070
f 10069 10070 10071
f 9925 10069 10071
f 10071 10070 10072
f 10071 10072 9929
f 9929 10072 10073
f 10072 10074 10073
f 10073 10074 10075
f 10073 10075 10076
f 9930 10073 10076
f 9930 10076 9933
f 9933 10076 10077
f 10076 10078 10077
f 10077 10078 10079
f 10077 10079 10080
f 9934 10077 10080
f 9934 10080 9937
f 9937 10080 10081
f 10080 10082 10081
f 10081 10082 10083
f 10081 10083 10084
f 9938 10081 10084
f 10084 10083 10085
f 10084 10085 10086
f 9940 10084 10086
f 10086 10085 10087
f 10086 10087 10088
f 9942 10086 10088
f 9942 10088 9945
f 9945 10088 9948
f 9948 10088 10089
f 10088 10087 10089
f 10089 10087 10090
f 10089 10090 10091
f 9949 10089 10091
f 9949 10091 9952
f 9952 10091 10092
f 10091 10093 10092
f 10092 10093 10094
f 10092 10094 10095
f 9953 10092 10095
f 9953 10095 9956
f 9956 10095 10096
f 10095 10097 10096
f 10096 10097 10098
f 10096 10098 10099
f 9957 10096 10099
f 9957 10099 9960
f 9960 10099 10100
f 10099 10101 10100
f 10100 10101 10102
f 10100 10102 10103
f 9961 10100 10103
f 9961 10103 9964
f 9964 10103 10104
f 10103 10105 10104
f 10104 10105 10106
f 10104 10106 10107
f 9965 10104 10107
f 10107 10106 10108
f 10107 10108 10109
f 9967 10107 10109
f 10109 10108 10110
f 10109 10110 10111
f 9969 10109 10111
f 9969 10111 9972
f 9972 10111 10112
f 10111 10113 10112
f 10112 10113 10114
f 10112 10114 10115
f 9973 10112 10115
f 9973 10115 9976
f 9976 10115 9979
f 9979 10115 10116
f 10115 10114 10116
f 10116 10114 10117
f 10116 10117 10118
f 9980 10116 10118
f 10118 10117 10119
f 10118 10119 10120
f 9982 10118 10120
f 10120 10119 10121
f 10120 10121 10122
f 9984 10120 10122
f 10122 10121 10123
f 10122 10123 10124
f 9986 10122 10124
f 10124 10123 10125
f 10124 10125 10126
f 9988 10124 10126
f 9988 10126 9991
f 9991 10126 10127
f 10126 10128 10127
f 10127 10128 10129
f 10127 10129 10130
f 9992 10127 10130
f 9992 10130 9995
f 9995 10130 10131
f 10130 10132 10131
f 10131 10132 10133
f 10131 10133 9998
f 9998 10133 10134
f 10133 10135 10134
f 10134 10135 10136
f 10134 10136 10001
f 10001 10136 10004
f 10136 10137 10004
f 10136 10138 10137
f 10138 10139 10137
f 10137 10139 10140
f 10137 10140 10005
f 10005 10140 10008
f 10008 10140 10141
f 10140 10142 10141
f 10141 10143 10144
f 10143 10141 10142
f 10009 10141 10144
f 10009 10144 10012
f 10012 10144 10145
f 10144 10146 10145
f 10145 10146 10147
f 10145 10147 10148
f 10013 10145 10148
f 10013 10148 10016
f 10016 10148 10149
f 10148 10150 10149
f 10150 10151 10152
f 10152 10149 10150
f 10149 10152 10153
f 10017 10149 10153
f 10017 10153 10020
f 10020 10153 10154
f 10153 10155 10154
f 10154 10155 10156
f 10154 10156 10157
f 10021 10154 10157
f 10021 10157 10024
f 10024 10157 10158
f 10157 10159 10158
f 10158 10159 10160
f 10158 10160 10161
f 10025 10158 10161
f 10025 10161 10162
f 10162 10161 10163
f 10164 10162 10163
f 10164 10163 10165
f 10036 10164 10165
f 10166 10164 10036
f 10166 10028 10164
f 10165 10163 10167
f 10165 10167 10168
f 10037 10165 10168
f 10037 10168 10169
f 10169 10168 10170
f 10169 10170 10171
f 10040 10169 10171
f 10040 10171 10172
f 10172 10171 10173
f 10172 10173 10174
f 10043 10172 10174
f 10174 10173 10175
f 10174 10175 10176
f 10045 10174 10176
f 10176 10175 10177
f 10176 10177 10178
f 10047 10176 10178
f 10178 10177 10179
f 10178 10179 10180
f 10049 10178 10180
f 10180 10179 10181
f 10180 10181 10182
f 10051 10180 10182
f 10182 10181 10183
f 10182 10183 10184
f 10053 10182 10184
f 10053 10184 10056
f 10056 10184 10185
f 10184 10186 10185
f 10185 10186 10187
f 10185 10187 10060
f 10186 10188 10187
f 10187 10188 10189
f 10062 10187 10189
f 10189 10188 10190
f 10189 10190 10066
f 10066 10190 10191
f 10190 10192 10191
f 10191 10192 10193
f 10191 10193 10194
f 10067 10191 10194
f 10067 10194 10195
f 10195 10194 10196
f 10195 10196 10197
f 10070 10195 10197
f 10197 10196 10198
f 10197 10198 10074
f 10074 10198 10199
f 10198 10200 10199
f 10200 10201 10202
f 10202 10199 10200
f 10199 10202 10203
f 10075 10199 10203
f 10075 10203 10078
f 10078 10203 10204
f 10203 10205 10204
f 10204 10205 10206
f 10204 10206 10207
f 10079 10204 10207
f 10079 10207 10082
f 10082 10207 10208
f 10207 10209 10208
f 10208 10209 10210
f 10208 10210 10211
f 10083 10208 10211
f 10211 10210 10212
f 10211 10212 10213
f 10085 10211 10213
f 10213 10212 10214
f 10090 10213 10214
f 10090 10214 10093
f 10093 10214 10215
f 10214 10216 10215
f 10215 10216 10217
f 10215 10217 10218
f 10094 10215 10218
f 10094 10218 10097
f 10097 10218 10219
f 10218 10220 10219
f 10219 10220 10221
f 10219 10221 10222
f 10098 10219 10222
f 10098 10222 10101
f 10101 10222 10223
f 10222 10224 10223
f 10223 10224 10225
f 10223 10225 10226
f 10102 10223 10226
f 10102 10226 10105
f 10105 10226 10227
f 10226 10228 10227
f 10227 10228 10229
f 10227 10229 10230
f 10106 10227 10230
f 10230 10229 10231
f 10230 10231 10232
f 10108 10230 10232
f 10232 10231 10233
f 10232 10233 10234
f 10110 10232 10234
f 10110 10234 10113
f 10113 10234 10235
f 10234 10236 10235
f 10235 10236 10237
f 10117 10235 10237
f 10237 10236 10238
f 10237 10238 10239
f 10119 10237 10239
f 10239 10238 10240
f 10239 10240 10241
f 10121 10239 10241
f 10241 10240 10242
f 10241 10242 10243
f 10123 10241 10243
f 10243 10242 10244
f 10243 10244 10245
f 10125 10243 10245
f 10125 10245 10128
f 10128 10245 10246
f 10245 10247 10246
f 10246 10247 10248
f 10246 10248 10249
f 10129 10246 10249
f 10129 10249 10132
f 10132 10249 10250
f 10249 10251 10250
f 10250 10251 10252
f 10250 10252 10135
f 10135 10252 10138
f 10252 10253 10138
f 10252 10254 10253
f 10254 10255 10253
f 10253 10255 10256
f 10253 10256 10139
f 10139 10256 10142
f 10256 10257 10142
f 10256 10258 10257
f 10258 10259 10257
f 10257 10259 10260
f 10143 10257 10260
f 10143 10260 10146
f 10146 10260 10261
f 10260 10262 10261
f 10261 10262 10263
f 10261 10263 10264
f 10147 10261 10264
f 10147 10264 10150
f 10150 10264 10151
f 10264 10265 10151
f 10151 10265 10266
f 10151 10266 10267
f 10152 10151 10267
f 10152 10267 10155
f 10155 10267 10268
f 10267 10269 10268
f 10268 10269 10270
f 10268 10270 10271
f 10156 10268 10271
f 10156 10271 10159
f 10159 10271 10272
f 10271 10273 10272
f 10272 10273 10274
f 10275 10272 10274
f 10275 10274 10276
f 10277 10275 10276
f 10277 10276 10278
f 10279 10277 10278
f 10279 10278 10280
f 10170 10279 10280
f 10170 10280 10281
f 10281 10280 10282
f 10281 10282 10283
f 10173 10281 10283
f 10283 10282 10284
f 10283 10284 10285
f 10175 10283 10285
f 10285 10284 10286
f 10285 10286 10287
f 10177 10285 10287
f 10287 10286 10288
f 10287 10288 10289
f 10179 10287 10289
f 10289 10288 10290
f 10289 10290 10291
f 10181 10289 10291
f 10291 10290 10292
f 10291 10292 10293
f 10183 10291 10293
f 10183 10293 10186
f 10293 10292 10294
f 10293 10294 10188
f 10292 10295 10294
f 10294 10295 10192
f 10192 10295 10296
f 10295 10297 10296
f 10296 10297 10298
f 10296 10298 10299
f 10193 10296 10299
f 10193 10299 10300
f 10300 10299 10301
f 10300 10301 10302
f 10196 10300 10302
f 10302 10301 10303
f 10302 10303 10200
f 10200 10303 10201
f 10303 10304 10201
f 10201 10304 10305
f 10201 10305 10306
f 10202 10201 10306
f 10202 10306 10205
f 10205 10306 10307
f 10306 10308 10307
f 10307 10308 10309
f 10307 10309 10310
f 10206 10307 10310
f 10206 10310 10209
f 10209 10310 10311
f 10310 10312 10311
f 10311 10312 10313
f 10311 10313 10314
f 10210 10311 10314
f 10314 10313 10315
f 10216 10314 10315
f 10212 10314 10216
f 10315 10313 10316
f 10315 10316 10317
f 10217 10315 10317
f 10217 10317 10220
f 10220 10317 10318
f 10317 10319 10318
f 10318 10319 10320
f 10318 10320 10321
f 10221 10318 10321
f 10221 10321 10224
f 10224 10321 10322
f 10321 10323 10322
f 10323 10324 10322
f 10324 10323 10325
f 10322 10324 10326
f 10225 10322 10326
f 10225 10326 10228
f 10228 10326 10327
f 10326 10328 10327
f 10327 10328 10329
f 10327 10329 10330
f 10229 10327 10330
f 10330 10329 10331
f 10330 10331 10332
f 10231 10330 10332
f 10332 10331 10333
f 10332 10333 10334
f 10233 10332 10334
f 10233 10334 10236
f 10334 10333 10335
f 10238 10334 10335
f 10335 10333 10336
f 10335 10336 10337
f 10240 10335 10337
f 10337 10336 10338
f 10337 10338 10339
f 10242 10337 10339
f 10339 10338 10340
f 10339 10340 10341
f 10244 10339 10341
f 10244 10341 10247
f 10247 10341 10342
f 10341 10343 10342
f 10344 10345 10343
f 10342 10343 10345
f 10342 10345 10346
f 10248 10342 10346
f 10248 10346 10251
f 10251 10346 10254
f 10346 10347 10254
f 10346 10345 10347
f 10345 10348 10347
f 10347 10348 10349
f 10347 10349 10255
f 10255 10349 10258
f 10349 10350 10258
f 10349 10351 10350
f 10351 10352 10350
f 10350 10352 10353
f 10350 10353 10259
f 10259 10353 10262
f 10262 10353 10354
f 10353 10355 10354
f 10354 10355 10356
f 10354 10356 10357
f 10357 10263 10354
f 10263 10357 10265
f 10265 10357 10358
f 10357 10359 10358
f 10358 10359 10360
f 10358 10360 10361
f 10266 10358 10361
f 10266 10361 10269
f 10269 10361 10362
f 10361 10363 10362
f 10362 10363 10364
f 10362 10364 10365
f 10270 10362 10365
f 10270 10365 10273
f 10273 10365 10366
f 10366 10365 10367
f 10366 10367 10368
f 10369 10366 10368
f 10369 10368 10370
f 10371 10369 10370
f 10371 10370 10372
f 10373 10371 10372
f 10373 10372 10374
f 10282 10373 10374
f 10375 10372 10376
f 10372 10375 10374
f 10374 10375 10377
f 10284 10374 10377
f 10377 10375 10378
f 10377 10378 10379
f 10286 10377 10379
f 10379 10378 10380
f 10379 10380 10381
f 10288 10379 10381
f 10382 10380 10383
f 10380 10382 10381
f 10381 10382 10384
f 10290 10381 10384
f 10384 10382 10297
f 10382 10385 10297
f 10382 10383 10385
f 10383 10386 10385
f 10385 10386 10387
f 10298 10385 10387
f 10298 10387 10388
f 10388 10387 10389
f 10388 10389 10390
f 10301 10388 10390
f 10390 10389 10391
f 10390 10391 10304
f 10304 10391 10392
f 10391 10393 10392
f 10393 10394 10395
f 10395 10392 10393
f 10392 10395 10396
f 10305 10392 10396
f 10305 10396 10308
f 10308 10396 10397
f 10396 10398 10397
f 10397 10398 10399
f 10397 10399 10400
f 10309 10397 10400
f 10309 10400 10312
f 10312 10400 10401
f 10400 10402 10401
f 10401 10402 10403
f 10316 10401 10403
f 10316 10319 10317
f 10319 10316 10403
f 10319 10403 10404
f 10403 10405 10404
f 10404 10405 10406
f 10404 10406 10407
f 10320 10404 10407
f 10320 10407 10323
f 10323 10407 10325
f 10407 10408 10325
f 10325 10408 10409
f 10325 10409 10410
f 10324 10325 10410
f 10324 10410 10328
f 10328 10410 10411
f 10410 10412 10411
f 10411 10412 10413
f 10411 10413 10414
f 10329 10411 10414
f 10414 10413 10415
f 10414 10415 10416
f 10331 10414 10416
f 10416 10415 10417
f 10336 10416 10417
f 10417 10415 10418
f 10417 10418 10419
f 10338 10417 10419
f 10419 10418 10420
f 10419 10420 10421
f 10340 10419 10421
f 10340 10421 10343
f 10343 10421 10344
f 10421 10422 10344
f 10344 10422 10423
f 10344 10423 10348
f 10348 10423 10351
f 10423 10424 10351
f 10423 10425 10424
f 10425 10426 10424
f 10424 10426 10427
f 10351 10424 10352
f 10427 10352 10424
f 10352 10427 10355
f 10427 10428 10355
f 10427 10429 10428
f 10429 10430 10428
f 10428 10430 10431
f 10356 10428 10431
f 10356 10431 10359
f 10359 10431 10432
f 10431 10433 10432
f 10433 10434 10435
f 10435 10432 10433
f 10432 10435 10436
f 10360 10432 10436
f 10360 10436 10363
f 10363 10436 10437
f 10436 10438 10437
f 10437 10438 10439
f 10440 10437 10439
f 10440 10439 10441
f 10442 10440 10441
f 10442 10441 10443
f 10444 10442 10443
f 10444 10443 10445
f 10376 10444 10445
f 10376 10445 10446
f 10375 10376 10446
f 10446 10445 10447
f 10446 10447 10448
f 10378 10446 10448
f 10448 10447 10449
f 10448 10449 10383
f 10380 10448 10383
f 10447 10450 10449
f 10449 10450 10451
f 10449 10451 10386
f 10386 10451 10452
f 10452 10451 10453
f 10452 10453 10454
f 10389 10452 10454
f 10454 10453 10455
f 10454 10455 10393
f 10393 10455 10394
f 10455 10456 10394
f 10394 10456 10457
f 10394 10457 10458
f 10395 10394 10458
f 10395 10458 10398
f 10398 10458 10459
f 10458 10460 10459
f 10459 10460 10461
f 10459 10461 10462
f 10399 10459 10462
f 10399 10462 10402
f 10402 10462 10405
f 10405 10462 10463
f 10462 10461 10463
f 10463 10461 10464
f 10463 10464 10465
f 10406 10463 10465
f 10406 10465 10408
f 10465 10466 10408
f 10466 10465 10467
f 10466 10467 10468
f 10466 10468 10469
f 10409 10466 10469
f 10409 10469 10412
f 10412 10469 10470
f 10469 10471 10470
f 10471 10472 10470
f 10472 10471 10473
f 10470 10472 10474
f 10413 10470 10474
f 10474 10472 10475
f 10418 10474 10475
f 10475 10472 10476
f 10475 10476 10477
f 10420 10475 10477
f 10420 10477 10422
f 10422 10477 10425
f 10477 10478 10425
f 10477 10476 10478
f 10476 10479 10478
f 10478 10479 10480
f 10478 10480 10426
f 10426 10480 10429
f 10480 10481 10429
f 10482 10481 10483
f 10480 10483 10481
f 10481 10482 10484
f 10481 10484 10430
f 10430 10484 10433
f 10433 10484 10434
f 10484 10485 10434
f 10485 10486 10487
f 10487 10434 10485
f 10434 10487 10488
f 10435 10434 10488
f 10435 10488 10438
f 10438 10488 10489
f 10489 10488 10490
f 10489 10490 10491
f 10492 10489 10491
f 10492 10491 10493
f 10494 10492 10493
f 10494 10493 10495
f 10496 10494 10495
f 10496 10495 10450
f 10450 10495 10497
f 10495 10498 10497
f 10497 10498 10499
f 10453 10497 10499
f 10499 10498 10500
f 10499 10500 10456
f 10456 10500 10501
f 10500 10502 10501
f 10501 10502 10503
f 10501 10503 10504
f 10457 10501 10504
f 10457 10504 10460
f 10460 10504 10505
f 10504 10506 10505
f 10505 10506 10507
f 10464 10505 10507
f 10464 10507 10467
f 10467 10507 10508
f 10507 10509 10508
f 10508 10509 10510
f 10508 10510 10511
f 10468 10508 10511
f 10468 10511 10471
f 10471 10511 10473
f 10511 10512 10473
f 10473 10512 10479
f 10479 10512 10483
f 10512 10513 10483
f 10510 10513 10512
f 10510 10514 10513
f 10514 10515 10513
f 10513 10515 10482
f 10486 10485 10515
f 10482 10515 10485
f 10516 10486 10515
f 10517 10486 10516
f 10518 10517 10516
f 10518 10516 10519
f 10503 10518 10519
f 10503 10519 10506
f 10506 10519 10509
f 10509 10519 10514
f 10519 10516 10514
f 10520 10517 10518
f 10502 10520 10518
f 10521 10520 10502
f 10491 10520 10521
f 10490 10517 10520
f 10490 10487 10517
f 10487 10486 10517
f 10514 10516 10515
f 10511 10510 10512
f 10509 10514 10510
f 10507 10506 10509
f 10504 10503 10506
f 10502 10518 10503
f 10500 10521 10502
f 10498 10521 10500
f 10493 10521 10498
f 10443 10494 10496
f 10495 10493 10498
f 10441 10492 10494
f 10493 10491 10521
f 10439 10489 10492
f 10491 10490 10520
f 10488 10487 10490
f 10482 10485 10484
f 10483 10513 10482
f 10479 10483 10480
f 10476 10473 10479
f 10472 10473 10476
f 10469 10468 10471
f 10467 10508 10468
f 10465 10464 10467
f 10461 10505 10464
f 10460 10505 10461
f 10458 10457 10460
f 10456 10501 10457
f 10455 10499 10456
f 10453 10499 10455
f 10451 10497 10453
f 10450 10497 10451
f 10447 10496 10450
f 10445 10496 10447
f 10370 10444 10376
f 10445 10443 10496
f 10368 10442 10444
f 10443 10441 10494
f 10367 10440 10442
f 10440 10364 10437
f 10364 10440 10367
f 10441 10439 10492
f 10439 10438 10489
f 10436 10435 10438
f 10431 10430 10433
f 10429 10481 10430
f 10426 10429 10427
f 10425 10478 10426
f 10422 10425 10423
f 10421 10420 10422
f 10418 10475 10420
f 10415 10474 10418
f 10413 10474 10415
f 10412 10470 10413
f 10410 10409 10412
f 10408 10466 10409
f 10407 10406 10408
f 10405 10463 10406
f 10403 10402 10405
f 10400 10399 10402
f 10398 10459 10399
f 10396 10395 10398
f 10391 10454 10393
f 10389 10454 10391
f 10387 10452 10389
f 10387 10386 10452
f 10383 10449 10386
f 10378 10448 10380
f 10375 10446 10378
f 10278 10371 10373
f 10372 10370 10376
f 10276 10369 10371
f 10370 10368 10444
f 10274 10366 10369
f 10368 10367 10442
f 10365 10364 10367
f 10363 10437 10364
f 10361 10360 10363
f 10359 10432 10360
f 10357 10356 10359
f 10355 10428 10356
f 10352 10355 10353
f 10348 10351 10349
f 10345 10344 10348
f 10341 10340 10343
f 10338 10419 10340
f 10336 10417 10338
f 10333 10416 10336
f 10331 10416 10333
f 10329 10414 10331
f 10328 10411 10329
f 10326 10324 10328
f 10321 10320 10323
f 10319 10404 10320
f 10313 10401 10316
f 10312 10401 10313
f 10310 10309 10312
f 10308 10397 10309
f 10306 10305 10308
f 10304 10392 10305
f 10303 10390 10304
f 10301 10390 10303
f 10299 10388 10301
f 10299 10298 10388
f 10297 10385 10298
f 10384 10297 10295
f 10292 10384 10295
f 10290 10384 10292
f 10288 10381 10290
f 10286 10379 10288
f 10284 10377 10286
f 10282 10374 10284
f 10280 10373 10282
f 10280 10278 10373
f 10167 10277 10279
f 10167 10522 10277
f 10278 10276 10371
f 10522 10275 10277
f 10522 10160 10275
f 10276 10274 10369
f 10160 10272 10275
f 10274 10273 10366
f 10271 10270 10273
f 10269 10362 10270
f 10267 10266 10269
f 10265 10358 10266
f 10264 10263 10265
f 10262 10354 10263
f 10260 10259 10262
f 10258 10350 10259
f 10255 10258 10256
f 10254 10347 10255
f 10251 10254 10252
f 10249 10248 10251
f 10247 10342 10248
f 10245 10244 10247
f 10242 10339 10244
f 10240 10337 10242
f 10238 10335 10240
f 10236 10334 10238
f 10234 10233 10236
f 10231 10332 10233
f 10229 10330 10231
f 10228 10327 10229
f 10226 10225 10228
f 10224 10322 10225
f 10222 10221 10224
f 10220 10318 10221
f 10218 10217 10220
f 10216 10315 10217
f 10214 10212 10216
f 10210 10314 10212
f 10209 10311 10210
f 10207 10206 10209
f 10205 10307 10206
f 10203 10202 10205
f 10198 10302 10200
f 10196 10302 10198
f 10194 10300 10196
f 10194 10193 10300
f 10192 10296 10193
f 10190 10294 10192
f 10188 10294 10190
f 10186 10293 10188
f 10184 10183 10186
f 10181 10291 10183
f 10179 10289 10181
f 10177 10287 10179
f 10175 10285 10177
f 10173 10283 10175
f 10171 10281 10173
f 10171 10170 10281
f 10168 10279 10170
f 10168 10167 10279
f 10163 10522 10167
f 10028 10162 10164
f 10163 10161 10522
f 10161 10160 10522
f 10159 10272 10160
f 10157 10156 10159
f 10155 10268 10156
f 10153 10152 10155
f 10148 10147 10150
f 10146 10261 10147
f 10144 10143 10146
f 10142 10257 10143
f 10139 10142 10140
f 10138 10253 10139
f 10135 10138 10136
f 10133 10250 10135
f 10132 10250 10133
f 10130 10129 10132
f 10128 10246 10129
f 10126 10125 10128
f 10123 10243 10125
f 10121 10241 10123
f 10119 10239 10121
f 10117 10237 10119
f 10114 10235 10117
f 10113 10235 10114
f 10111 10110 10113
f 10108 10232 10110
f 10106 10230 10108
f 10105 10227 10106
f 10103 10102 10105
f 10101 10223 10102
f 10099 10098 10101
f 10097 10219 10098
f 10095 10094 10097
f 10093 10215 10094
f 10091 10090 10093
f 10087 10213 10090
f 10085 10213 10087
f 10083 10211 10085
f 10082 10208 10083
f 10080 10079 10082
f 10078 10204 10079
f 10076 10075 10078
f 10074 10199 10075
f 10072 10197 10074
f 10070 10197 10072
f 10068 10195 10070
f 10068 10067 10195
f 10066 10191 10067
f 10064 10189 10066
f 10062 10189 10064
f 10060 10187 10062
f 10057 10185 10060
f 10056 10185 10057
f 10054 10053 10056
f 10051 10182 10053
f 10049 10180 10051
f 10047 10178 10049
f 10045 10176 10047
f 10043 10174 10045
f 10041 10172 10043
f 10041 10040 10172
f 10038 10169 10040
f 10038 10037 10169
f 10036 10165 10037
f 10034 10166 10036
f 10031 10166 10034
f 9880 10030 10032
f 9883 9880 10032
f 10031 10029 10166
f 10029 10028 10166
f 10026 10162 10028
f 10026 10025 10162
f 10024 10158 10025
f 10022 10021 10024
f 10020 10154 10021
f 10018 10017 10020
f 10016 10149 10017
f 10014 10013 10016
f 10012 10145 10013
f 10010 10009 10012
f 10008 10141 10009
f 10006 10005 10008
f 10004 10137 10005
f 10001 10004 10002
f 9999 10134 10001
f 9998 10134 9999
f 9996 10131 9998
f 9995 10131 9996
f 9993 9992 9995
f 9991 10127 9992
f 9989 9988 9991
f 9986 10124 9988
f 9984 10122 9986
f 9982 10120 9984
f 9980 10118 9982
f 9979 10116 9980
f 9977 9976 9979
f 9974 9973 9976
f 9972 10112 9973
f 9970 9969 9972
f 9967 10109 9969
f 9965 10107 9967
f 9964 10104 9965
f 9962 9961 9964
f 9960 10100 9961
f 9958 9957 9960
f 9956 10096 9957
f 9954 9953 9956
f 9952 10092 9953
f 9950 9949 9952
f 9948 10089 9949
f 9946 9945 9948
f 9943 9942 9945
f 9940 10086 9942
f 9938 10084 9940
f 9937 10081 9938
f 9935 9934 9937
f 9933 10077 9934
f 9931 9930 9933
f 9929 10073 9930
f 9927 10071 9929
f 9925 10071 9927
f 9923 10069 9925
f 9923 9922 10069
f 9921 10065 9922
f 9919 10063 9921
f 9917 10063 9919
f 9915 10061 9917
f 9914 10059 9915
f 9912 10058 9914
f 9910 10058 9912
f 9909 10055 9910
f 9907 9906 9909
f 9904 10052 9906
f 9902 10050 9904
f 9900 10048 9902
f 9898 10046 9900
f 9896 10044 9898
f 9894 10042 9896
f 9894 9893 10042
f 9891 10039 9893
f 9891 9890 10039
f 9889 10035 9890
f 9887 10033 9889
f 9885 10033 9887
f 9883 10032 9885
f 9881 9880 9883
f 9878 10030 9880
f 9878 9877 10030
f 9875 10027 9877
f 9875 9874 10027
f 9873 10023 9874
f 9871 9870 9873
f 9869 10019 9870
f 9867 9866 9869
f 9865 10015 9866
f 9863 9862 9865
f 9861 10011 9862
f 9859 9858 9861
f 9857 10007 9858
f 9855 9854 9857
f 9853 10003 9854
f 9850 9853 9851
f 9848 10000 9850
f 9847 10000 9848
f 9845 9997 9847
f 9844 9997 9845
f 9842 9994 9844
f 9841 9994 9842
f 9839 9838 9841
f 9837 9990 9838
f 9835 9834 9837
f 9832 9987 9834
f 9830 9985 9832
f 9828 9983 9830
f 9826 9981 9828
f 9825 9978 9826
f 9823 9822 9825
f 9821 9975 9822
f 9819 9818 9821
f 9817 9971 9818
f 9815 9814 9817
f 9812 9968 9814
f 9810 9966 9812
f 9809 9963 9810
f 9807 9806 9809
f 9805 9959 9806
f 9803 9802 9805
f 9801 9955 9802
f 9799 9798 9801
f 9797 9951 9798
f 9795 9794 9797
f 9793 9947 9794
f 9791 9790 9793
f 9789 9944 9790
f 9787 9786 9789
f 9784 9941 9786
f 9782 9939 9784
f 9781 9936 9782
f 9779 9778 9781
f 9777 9932 9778
f 9775 9774 9777
f 9773 9928 9774
f 9771 9926 9773
f 9769 9926 9771
f 9767 9924 9769
f 9767 9766 9924
f 9765 9920 9766
f 9763 9918 9765
f 9761 9918 9763
f 9759 9916 9761
f 9758 9913 9759
f 9756 9911 9758
f 9754 9911 9756
f 9753 9908 9754
f 9751 9750 9753
f 9748 9905 9750
f 9746 9903 9748
f 9744 9901 9746
f 9742 9899 9744
f 9740 9897 9742
f 9738 9895 9740
f 9738 9737 9895
f 9735 9892 9737
f 9735 9734 9892
f 9733 9888 9734
f 9731 9886 9733
f 9729 9886 9731
f 9727 9884 9729
f 9725 9882 9727
f 9725 9724 9882
f 9722 9879 9724
f 9722 9721 9879
f 9719 9876 9721
f 9719 9718 9876
f 9717 9872 9718
f 9715 9714 9717
f 9713 9868 9714
f 9711 9710 9713
f 9709 9864 9710
f 9707 9706 9709
f 9705 9860 9706
f 9703 9702 9705
f 9701 9856 9702
f 9699 9698 9701
f 9697 9852 9698
f 9695 9694 9697
f 9692 9849 9694
f 9691 9849 9692
f 9689 9846 9691
f 9688 9846 9689
f 9686 9843 9688
f 9685 9843 9686
f 9683 9840 9685
f 9682 9840 9683
f 9680 9679 9682
f 9678 9836 9679
f 9676 9675 9678
f 9673 9833 9675
f 9671 9831 9673
f 9669 9829 9671
f 9667 9827 9669
f 9666 9824 9667
f 9664 9663 9666
f 9662 9820 9663
f 9660 9659 9662
f 9658 9816 9659
f 9656 9655 9658
f 9653 9813 9655
f 9651 9811 9653
f 9650 9808 9651
f 9648 9647 9650
f 9646 9804 9647
f 9644 9643 9646
f 9642 9800 9643
f 9640 9639 9642
f 9638 9796 9639
f 9636 9635 9638
f 9634 9792 9635
f 9632 9631 9634
f 9630 9788 9631
f 9628 9627 9630
f 9625 9785 9627
f 9623 9783 9625
f 9622 9780 9623
f 9620 9619 9622
f 9618 9776 9619
f 9616 9615 9618
f 9614 9772 9615
f 9612 9770 9614
f 9609 9770 9612
f 9607 9768 9609
f 9607 9606 9768
f 9605 9764 9606
f 9603 9762 9605
f 9601 9762 9603
f 9599 9760 9601
f 9598 9757 9599
f 9596 9755 9598
f 9594 9755 9596
f 9593 9752 9594
f 9591 9590 9593
f 9588 9749 9590
f 9586 9747 9588
f 9584 9745 9586
f 9582 9743 9584
f 9581 9741 9582
f 9579 9577 9581
f 9399 9575 9578
f 9577 9576 9739
f 9574 9736 9576
f 9574 9573 9736
f 9572 9732 9573
f 9570 9730 9572
f 9568 9730 9570
f 9566 9728 9568
f 9563 9726 9566
f 9372 9561 9564
f 9563 9562 9726
f 9560 9723 9562
f 9560 9559 9723
f 9557 9720 9559
f 9557 9556 9720
f 9555 9716 9556
f 9553 9552 9555
f 9551 9712 9552
f 9549 9548 9551
f 9547 9708 9548
f 9545 9544 9547
f 9543 9704 9544
f 9541 9540 9543
f 9539 9700 9540
f 9537 9536 9539
f 9535 9696 9536
f 9533 9532 9535
f 9531 9693 9532
f 9529 9690 9531
f 9528 9690 9529
f 9526 9687 9528
f 9525 9687 9526
f 9523 9684 9525
f 9522 9684 9523
f 9519 9681 9522
f 9518 9681 9519
f 9516 9515 9518
f 9514 9677 9515
f 9512 9511 9514
f 9509 9674 9511
f 9507 9672 9509
f 9505 9670 9507
f 9503 9668 9505
f 9502 9665 9503
f 9500 9499 9502
f 9498 9661 9499
f 9496 9495 9498
f 9494 9657 9495
f 9492 9491 9494
f 9489 9654 9491
f 9487 9652 9489
f 9486 9649 9487
f 9484 9483 9486
f 9482 9645 9483
f 9480 9479 9482
f 9478 9641 9479
f 9476 9475 9478
f 9474 9637 9475
f 9472 9471 9474
f 9470 9633 9471
f 9468 9467 9470
f 9466 9629 9467
f 9464 9463 9466
f 9461 9626 9463
f 9459 9624 9461
f 9458 9621 9459
f 9456 9455 9458
f 9454 9617 9455
f 9452 9451 9454
f 9450 9613 9451
f 9448 9610 9450
f 9053 9611 9448
f 9447 9054 9053
f 9053 9052 9063
f 9446 9611 9053
f 9446 9057 9056
f 9179 9181 10523
f 9180 9179 10523
f 9066 9179 9180
f 9446 9445 9611
f 9445 9444 9608
f 9443 9604 9444
f 9441 9602 9443
f 9436 9176 9173
f 9174 9436 9173
f 9438 9437 9441
f 9435 9600 9437
f 9434 9597 9435
f 9430 9595 9434
f 9169 9430 9432
f 9429 9595 9430
f 9426 9592 9429
f 9424 9423 9426
f 9419 9589 9423
f 9417 9587 9419
f 9414 9585 9417
f 9412 9583 9414
f 9409 9580 9412
f 9407 9404 9409
f 9400 9578 9404
f 9400 9399 9578
f 9399 9398 9575
f 9397 9571 9398
f 9395 9569 9397
f 9387 9393 9392
f 9387 9392 9391
f 9387 9386 9395
f 9384 9567 9386
f 9383 9565 9384
f 9374 9564 9383
f 9148 9373 9375
f 9374 9372 9564
f 9147 9370 9373
f 9372 9371 9561
f 9369 9558 9371
f 9369 9368 9558
f 9367 9554 9368
f 9365 9364 9367
f 9363 9550 9364
f 9361 9360 9363
f 9359 9546 9360
f 9357 9356 9359
f 9355 9542 9356
f 9353 9352 9355
f 9351 9538 9352
f 9349 9348 9351
f 9347 9534 9348
f 9345 9344 9347
f 9343 9530 9344
f 9341 9527 9343
f 9340 9527 9341
f 9338 9524 9340
f 9337 9524 9338
f 9336 9521 9337
f 9331 9333 9334
f 9331 9334 9332
f 9328 9336 9331
f 9326 9323 9328
f 9320 9517 9323
f 9318 9315 9320
f 9312 9513 9315
f 9310 9307 9312
f 9303 9510 9307
f 9304 9303 9305
f 9300 9508 9303
f 9301 9300 9302
f 9296 9506 9300
f 9297 9296 9298
f 9292 9504 9296
f 9294 9295 9297
f 9293 9292 9294
f 9290 9501 9292
f 9288 9290 9289
f 9287 9290 9288
f 9285 9284 9286
f 9282 9497 9284
f 9280 9282 9281
f 9279 9282 9280
f 9279 9276 9282
f 9274 9493 9276
f 9272 9274 9273
f 9270 9274 9272
f 9269 9268 9271
f 9265 9490 9268
f 9264 9265 9266
f 9261 9488 9265
f 9262 9261 9263
f 9259 9485 9261
f 9256 9259 9257
f 9255 9259 9256
f 9253 9252 9254
f 9250 9481 9252
f 9247 9250 9248
f 9244 9247 9246
f 9241 9477 9244
f 9238 9235 9241
f 9233 9473 9235
f 9231 9233 9232
f 9231 9227 9233
f 9228 9227 9229
f 9226 9227 9228
f 9223 9469 9227
f 9224 9223 9225
f 9226 9225 9223
f 9221 9219 9223
f 9219 9220 9218
f 9217 9465 9219
f 9215 9217 9216
f 9214 9217 9215
f 9212 9211 9213
f 9207 9462 9211
f 9208 9207 9209
f 9203 9460 9207
f 9204 9203 9205
f 9201 9457 9203
f 9199 9201 9200
f 9198 9201 9199
f 9198 9195 9201
f 9194 9195 9196
f 9193 9453 9195
f 9191 9193 9192
f 9189 9193 9191
f 9190 9061 9060
f 9188 9449 9060
f 9188 9184 9183
f 9188 9183 9182
f 9178 9442 9179
f 9067 9178 9068
f 9172 9436 9174
f 9433 9172 9171
f 9160 9162 9161
f 9159 9396 9160
f 9159 9157 9394
f 9156 9154 9385
f 9152 9154 9153
f 9152 9151 9376
f 9148 9382 9150
f 9148 9147 9373
f 9147 9146 9370
f 9145 9366 9146
f 9143 9142 9145
f 9141 9362 9142
f 9139 9138 9141
f 9137 9358 9138
f 9135 9134 9137
f 9133 9354 9134
f 9131 9130 9133
f 9129 9350 9130
f 9127 9126 9129
f 9125 9346 9126
f 9123 9122 9125
f 9121 9342 9122
f 9119 9339 9121
f 9118 9339 9119
f 9039 9335 9118
f 9039 9065 9064
f 9064 9040 9039
f 9047 9044 9046
f 9116 9047 9112
f 9112 9120 9043
f 9110 9043 9108
f 9108 9124 9107
f 9105 9107 9102
f 9102 9128 9101
f 9099 9101 9096
f 9096 9132 9093
f 9090 9093 9087
f 9087 9136 9085
f 9085 9082 9083
f 9082 9085 9079
f 9079 9140 9075
f 9074 9075 9072
f 9072 9144 9070
f 9070 9149 9037

usemtl Yellow_0
f 10536 10529 10537
f 10526 10529 10536
f 10527 10537 10529
f 10537 10527 10538
f 10528 10538 10527
f 10536 10539 10535
f 10531 10535 10539
f 10535 10526 10536
f 10540 10541 10534
f 10533 10534 10541
f 10534 10530 10540
f 10539 10540 10530
f 10531 10539 10530
f 10541 10532 10533
f 10532 10541 10538
f 10538 10528 10532

usemtl Green_0
f 10537 10539 10536
f 10539 10537 10540
f 10538 10540 10537
f 10540 10538 10541

usemtl Green_0
f 2548 10924 2579
f 2514 2579 10924
f 10925 10924 2548
f 10925 2548 2547
f 10925 2659 2527
f 10925 2585 2659
f 10925 2547 2585
f 10926 10925 2527
f 2592 2591 10926
f 2527 2593 10926
f 2593 2592 10926
f 2581 10927 10926
f 10926 2586 2581
f 10926 2566 2586
f 10926 2567 2566
f 10926 2591 2567
f 2568 10927 2569
f 10927 2514 10924
f 2569 10927 2596
f 2718 10927 2568
f 2719 10927 2718
f 2608 10927 2719
f 2584 10927 2608
f 2583 10927 2584
f 2514 10927 2553
f 2553 10927 2583
f 2596 10927 2597
f 2597 10927 2581
f 10924 10928 10929
f 10926 9186 10925
f 10924 10925 10930
f 10926 10927 10931
f 10931 10932 10926
f 10926 9187 9185
f 10932 10933 10926
f 10933 9187 10926
f 9186 10934 10925
f 10930 10928 10924
f 10934 10930 10925
f 10926 9185 9186
f 10924 10931 10927
f 10924 10929 10931

